INFO:     Will watch for changes in these directories: ['/home/duoclv/Documents/project/ks_downloader_script/web_app/backend']
INFO:     Uvicorn running on http://0.0.0.0:8000 (Press CTRL+C to quit)
INFO:     Started reloader process [418610] using WatchFiles
2026-05-06 13:47:08.800 | INFO     | app.database:<module>:10 - Connecting to database: localhost:3307/truyenfull_db
INFO:     Started server process [418642]
INFO:     Waiting for application startup.
2026-05-06 13:47:09.353 | INFO     | app.main:startup_event:53 - Starting TruyenFull Processor API...
2026-05-06 13:47:09.354 | INFO     | app.main:startup_event:54 - Debug mode: True
2026-05-06 13:47:09.354 | INFO     | app.main:startup_event:55 - CORS origins: ['http://localhost:5173', 'http://localhost:3000']
2026-05-06 13:47:09,401 INFO sqlalchemy.engine.Engine SELECT DATABASE()
2026-05-06 13:47:09,401 INFO sqlalchemy.engine.Engine [raw sql] {}
2026-05-06 13:47:09,401 INFO sqlalchemy.engine.Engine SELECT @@sql_mode
2026-05-06 13:47:09,401 INFO sqlalchemy.engine.Engine [raw sql] {}
2026-05-06 13:47:09,401 INFO sqlalchemy.engine.Engine SELECT @@lower_case_table_names
2026-05-06 13:47:09,401 INFO sqlalchemy.engine.Engine [raw sql] {}
2026-05-06 13:47:09,402 INFO sqlalchemy.engine.Engine BEGIN (implicit)
2026-05-06 13:47:09,402 INFO sqlalchemy.engine.Engine SELECT 1
2026-05-06 13:47:09,402 INFO sqlalchemy.engine.Engine [generated in 0.00008s] {}
2026-05-06 13:47:09,403 INFO sqlalchemy.engine.Engine ROLLBACK
2026-05-06 13:47:09.403 | INFO     | app.database:test_connection:49 - Database connection successful
2026-05-06 13:47:09.403 | INFO     | app.main:startup_event:59 - Database connection successful
INFO:     Application startup complete.
INFO:     127.0.0.1:35722 - "GET /api/v1/video/fonts HTTP/1.1" 200 OK
INFO:     127.0.0.1:35728 - "GET /api/v1/video/sample-clip?folder=%2Fhome%2Fduoclv%2FDownloads%2Ftemp-20260506T015716Z-3-001%2Ftemp%2Frandom_50min_20260419_210319 HTTP/1.1" 200 OK
INFO:     127.0.0.1:35750 - "GET /api/v1/video/fonts HTTP/1.1" 200 OK
INFO:     127.0.0.1:35754 - "GET /api/v1/video/sample-clip?folder=%2Fhome%2Fduoclv%2FDownloads%2Ftemp-20260506T015716Z-3-001%2Ftemp%2Frandom_50min_20260419_210319 HTTP/1.1" 200 OK
2026-05-06 13:47:12,967 INFO sqlalchemy.engine.Engine BEGIN (implicit)
2026-05-06 13:47:12,970 INFO sqlalchemy.engine.Engine SELECT stories.id AS stories_id, stories.title AS stories_title, stories.url AS stories_url, stories.author AS stories_author, stories.total_chapters AS stories_total_chapters, stories.start_chapter AS stories_start_chapter, stories.end_chapter AS stories_end_chapter, stories.custom_chapter_urls AS stories_custom_chapter_urls, stories.status AS stories_status, stories.current_step AS stories_current_step, stories.is_favorite AS stories_is_favorite, stories.merged_content AS stories_merged_content, stories.created_at AS stories_created_at, stories.updated_at AS stories_updated_at 
FROM stories 
WHERE stories.id = %(id_1)s 
 LIMIT %(param_1)s
2026-05-06 13:47:12,970 INFO sqlalchemy.engine.Engine [generated in 0.00016s] {'id_1': '2f846d20-9d22-4e0b-8945-a010a5a48bb8', 'param_1': 1}
2026-05-06 13:47:12,983 INFO sqlalchemy.engine.Engine BEGIN (implicit)
2026-05-06 13:47:12,984 INFO sqlalchemy.engine.Engine SELECT voices.id AS voices_id, voices.code AS voices_code, voices.name AS voices_name, voices.gender AS voices_gender, voices.locale AS voices_locale, voices.category AS voices_category, voices.description AS voices_description, voices.demo_url AS voices_demo_url, voices.is_active AS voices_is_active, voices.`rank` AS voices_rank, voices.created_at AS voices_created_at 
FROM voices 
WHERE voices.is_active = true ORDER BY voices.`rank`
2026-05-06 13:47:12,984 INFO sqlalchemy.engine.Engine [generated in 0.00009s] {}
2026-05-06 13:47:12.989 | INFO     | app.api.tts:list_voices:87 - Retrieved 14 voices from database
2026-05-06 13:47:12,989 INFO sqlalchemy.engine.Engine ROLLBACK
2026-05-06 13:47:12,989 INFO sqlalchemy.engine.Engine ROLLBACK
INFO:     127.0.0.1:35748 - "GET /api/v1/tts/voices HTTP/1.1" 200 OK
INFO:     127.0.0.1:35744 - "GET /api/v1/stories/2f846d20-9d22-4e0b-8945-a010a5a48bb8 HTTP/1.1" 200 OK
2026-05-06 13:47:12,998 INFO sqlalchemy.engine.Engine BEGIN (implicit)
2026-05-06 13:47:12,998 INFO sqlalchemy.engine.Engine SELECT voices.id AS voices_id, voices.code AS voices_code, voices.name AS voices_name, voices.gender AS voices_gender, voices.locale AS voices_locale, voices.category AS voices_category, voices.description AS voices_description, voices.demo_url AS voices_demo_url, voices.is_active AS voices_is_active, voices.`rank` AS voices_rank, voices.created_at AS voices_created_at 
FROM voices 
WHERE voices.is_active = true ORDER BY voices.`rank`
2026-05-06 13:47:12,998 INFO sqlalchemy.engine.Engine [cached since 0.01406s ago] {}
2026-05-06 13:47:12.999 | INFO     | app.api.tts:list_voices:87 - Retrieved 14 voices from database
2026-05-06 13:47:13,000 INFO sqlalchemy.engine.Engine BEGIN (implicit)
2026-05-06 13:47:13,001 INFO sqlalchemy.engine.Engine SELECT stories.id AS stories_id, stories.title AS stories_title, stories.url AS stories_url, stories.author AS stories_author, stories.total_chapters AS stories_total_chapters, stories.start_chapter AS stories_start_chapter, stories.end_chapter AS stories_end_chapter, stories.custom_chapter_urls AS stories_custom_chapter_urls, stories.status AS stories_status, stories.current_step AS stories_current_step, stories.is_favorite AS stories_is_favorite, stories.merged_content AS stories_merged_content, stories.created_at AS stories_created_at, stories.updated_at AS stories_updated_at 
FROM stories 
WHERE stories.id = %(id_1)s 
 LIMIT %(param_1)s
2026-05-06 13:47:13,001 INFO sqlalchemy.engine.Engine [cached since 0.03085s ago] {'id_1': '2f846d20-9d22-4e0b-8945-a010a5a48bb8', 'param_1': 1}
2026-05-06 13:47:13,002 INFO sqlalchemy.engine.Engine ROLLBACK
2026-05-06 13:47:13,002 INFO sqlalchemy.engine.Engine ROLLBACK
2026-05-06 13:47:13,004 INFO sqlalchemy.engine.Engine BEGIN (implicit)
2026-05-06 13:47:13,006 INFO sqlalchemy.engine.Engine SELECT chapters.id AS chapters_id, chapters.story_id AS chapters_story_id, chapters.chapter_number AS chapters_chapter_number, chapters.title AS chapters_title, chapters.content AS chapters_content, chapters.char_count AS chapters_char_count, chapters.has_censored_words AS chapters_has_censored_words, chapters.censored_count AS chapters_censored_count, chapters.status AS chapters_status, chapters.created_at AS chapters_created_at, chapters.updated_at AS chapters_updated_at 
FROM chapters 
WHERE chapters.story_id = %(story_id_1)s ORDER BY chapters.chapter_number
2026-05-06 13:47:13,007 INFO sqlalchemy.engine.Engine [generated in 0.00041s] {'story_id_1': '2f846d20-9d22-4e0b-8945-a010a5a48bb8'}
INFO:     127.0.0.1:35764 - "GET /api/v1/stories/2f846d20-9d22-4e0b-8945-a010a5a48bb8 HTTP/1.1" 200 OK
INFO:     127.0.0.1:35760 - "GET /api/v1/tts/voices HTTP/1.1" 200 OK
2026-05-06 13:47:13,014 INFO sqlalchemy.engine.Engine ROLLBACK
INFO:     127.0.0.1:35772 - "GET /api/v1/stories/2f846d20-9d22-4e0b-8945-a010a5a48bb8/chapters HTTP/1.1" 200 OK
2026-05-06 13:47:13,025 INFO sqlalchemy.engine.Engine BEGIN (implicit)
2026-05-06 13:47:13,025 INFO sqlalchemy.engine.Engine SELECT chapters.id AS chapters_id, chapters.story_id AS chapters_story_id, chapters.chapter_number AS chapters_chapter_number, chapters.title AS chapters_title, chapters.content AS chapters_content, chapters.char_count AS chapters_char_count, chapters.has_censored_words AS chapters_has_censored_words, chapters.censored_count AS chapters_censored_count, chapters.status AS chapters_status, chapters.created_at AS chapters_created_at, chapters.updated_at AS chapters_updated_at 
FROM chapters 
WHERE chapters.story_id = %(story_id_1)s ORDER BY chapters.chapter_number
2026-05-06 13:47:13,025 INFO sqlalchemy.engine.Engine [cached since 0.01878s ago] {'story_id_1': '2f846d20-9d22-4e0b-8945-a010a5a48bb8'}
2026-05-06 13:47:13,029 INFO sqlalchemy.engine.Engine BEGIN (implicit)
2026-05-06 13:47:13,030 INFO sqlalchemy.engine.Engine SELECT chapters.id AS chapters_id, chapters.story_id AS chapters_story_id, chapters.chapter_number AS chapters_chapter_number, chapters.title AS chapters_title, chapters.content AS chapters_content, chapters.char_count AS chapters_char_count, chapters.has_censored_words AS chapters_has_censored_words, chapters.censored_count AS chapters_censored_count, chapters.status AS chapters_status, chapters.created_at AS chapters_created_at, chapters.updated_at AS chapters_updated_at 
FROM chapters 
WHERE chapters.story_id = %(story_id_1)s
2026-05-06 13:47:13,030 INFO sqlalchemy.engine.Engine [generated in 0.00018s] {'story_id_1': '2f846d20-9d22-4e0b-8945-a010a5a48bb8'}
2026-05-06 13:47:13,034 INFO sqlalchemy.engine.Engine ROLLBACK
INFO:     127.0.0.1:35796 - "GET /api/v1/video/preview-video?path=%2Fhome%2Fduoclv%2FDownloads%2Ftemp-20260506T015716Z-3-001%2Ftemp%2Frandom_50min_20260419_210319%2F0067_2023-01-27_3xhux9b2cudhp5u_%23%E7%AE%80%E7%AC%94%E7%94%BB%E6%95%99%E7%A8%8B%20%23%E5%85%94%E5%B9%B4%E7%AE%80%E7%AC%94%E7%94%BB%20%23%E7%AE%80%E7%AC%94%E7%94%BB%20%40%E5%BF%AB%E6%89%8B%E7%83%AD%E7%82%B9(O3xddgkd5fav5if9)%20%40%E5%BF%AB%E6%89%8B%E5%85%89%E5%90%88%E8%AE%A1%E5%88%92.mp4 HTTP/1.1" 200 OK
2026-05-06 13:47:13,034 INFO sqlalchemy.engine.Engine ROLLBACK
INFO:     127.0.0.1:35792 - "GET /api/v1/stories/2f846d20-9d22-4e0b-8945-a010a5a48bb8/chapters HTTP/1.1" 200 OK
INFO:     127.0.0.1:35780 - "GET /api/v1/chapters/story/2f846d20-9d22-4e0b-8945-a010a5a48bb8/stats HTTP/1.1" 200 OK
2026-05-06 13:47:13,073 INFO sqlalchemy.engine.Engine BEGIN (implicit)
2026-05-06 13:47:13,074 INFO sqlalchemy.engine.Engine SELECT chapters.id AS chapters_id, chapters.story_id AS chapters_story_id, chapters.chapter_number AS chapters_chapter_number, chapters.title AS chapters_title, chapters.content AS chapters_content, chapters.char_count AS chapters_char_count, chapters.has_censored_words AS chapters_has_censored_words, chapters.censored_count AS chapters_censored_count, chapters.status AS chapters_status, chapters.created_at AS chapters_created_at, chapters.updated_at AS chapters_updated_at 
FROM chapters 
WHERE chapters.story_id = %(story_id_1)s
2026-05-06 13:47:13,074 INFO sqlalchemy.engine.Engine [cached since 0.04409s ago] {'story_id_1': '2f846d20-9d22-4e0b-8945-a010a5a48bb8'}
2026-05-06 13:47:13,080 INFO sqlalchemy.engine.Engine ROLLBACK
INFO:     127.0.0.1:35800 - "GET /api/v1/chapters/story/2f846d20-9d22-4e0b-8945-a010a5a48bb8/stats HTTP/1.1" 200 OK
2026-05-06 13:47:13,085 INFO sqlalchemy.engine.Engine BEGIN (implicit)
2026-05-06 13:47:13,088 INFO sqlalchemy.engine.Engine SELECT merged_audio.id AS merged_audio_id, merged_audio.story_id AS merged_audio_story_id, merged_audio.file_path AS merged_audio_file_path, merged_audio.file_size AS merged_audio_file_size, merged_audio.duration AS merged_audio_duration, merged_audio.format AS merged_audio_format, merged_audio.total_chapters AS merged_audio_total_chapters, merged_audio.created_at AS merged_audio_created_at 
FROM merged_audio 
WHERE merged_audio.story_id = %(story_id_1)s ORDER BY merged_audio.created_at DESC 
 LIMIT %(param_1)s
2026-05-06 13:47:13,088 INFO sqlalchemy.engine.Engine [generated in 0.00037s] {'story_id_1': '2f846d20-9d22-4e0b-8945-a010a5a48bb8', 'param_1': 1}
2026-05-06 13:47:13,092 INFO sqlalchemy.engine.Engine ROLLBACK
INFO:     127.0.0.1:35810 - "GET /api/v1/video/audio-path/2f846d20-9d22-4e0b-8945-a010a5a48bb8 HTTP/1.1" 200 OK
2026-05-06 13:47:13,104 INFO sqlalchemy.engine.Engine BEGIN (implicit)
2026-05-06 13:47:13,105 INFO sqlalchemy.engine.Engine SELECT merged_audio.id AS merged_audio_id, merged_audio.story_id AS merged_audio_story_id, merged_audio.file_path AS merged_audio_file_path, merged_audio.file_size AS merged_audio_file_size, merged_audio.duration AS merged_audio_duration, merged_audio.format AS merged_audio_format, merged_audio.total_chapters AS merged_audio_total_chapters, merged_audio.created_at AS merged_audio_created_at 
FROM merged_audio 
WHERE merged_audio.story_id = %(story_id_1)s ORDER BY merged_audio.created_at DESC 
 LIMIT %(param_1)s
2026-05-06 13:47:13,105 INFO sqlalchemy.engine.Engine [cached since 0.01724s ago] {'story_id_1': '2f846d20-9d22-4e0b-8945-a010a5a48bb8', 'param_1': 1}
2026-05-06 13:47:13,110 INFO sqlalchemy.engine.Engine ROLLBACK
2026-05-06 13:47:13,110 INFO sqlalchemy.engine.Engine BEGIN (implicit)
2026-05-06 13:47:13,114 INFO sqlalchemy.engine.Engine SELECT video_outputs.id AS video_outputs_id, video_outputs.story_id AS video_outputs_story_id, video_outputs.audio_source_path AS video_outputs_audio_source_path, video_outputs.video_source_folder AS video_outputs_video_source_folder, video_outputs.output_path AS video_outputs_output_path, video_outputs.file_size AS video_outputs_file_size, video_outputs.duration AS video_outputs_duration, video_outputs.audio_speed AS video_outputs_audio_speed, video_outputs.transition_effect AS video_outputs_transition_effect, video_outputs.transition_duration AS video_outputs_transition_duration, video_outputs.resolution AS video_outputs_resolution, video_outputs.status AS video_outputs_status, video_outputs.error_message AS video_outputs_error_message, video_outputs.created_at AS video_outputs_created_at, video_outputs.updated_at AS video_outputs_updated_at 
FROM video_outputs 
WHERE video_outputs.story_id = %(story_id_1)s ORDER BY video_outputs.created_at DESC 
 LIMIT %(param_1)s
2026-05-06 13:47:13,114 INFO sqlalchemy.engine.Engine [generated in 0.00041s] {'story_id_1': '2f846d20-9d22-4e0b-8945-a010a5a48bb8', 'param_1': 1}
INFO:     127.0.0.1:35818 - "GET /api/v1/video/audio-path/2f846d20-9d22-4e0b-8945-a010a5a48bb8 HTTP/1.1" 200 OK
2026-05-06 13:47:13,119 INFO sqlalchemy.engine.Engine ROLLBACK
INFO:     127.0.0.1:35832 - "GET /api/v1/video/result/2f846d20-9d22-4e0b-8945-a010a5a48bb8 HTTP/1.1" 404 Not Found
2026-05-06 13:47:13,143 INFO sqlalchemy.engine.Engine BEGIN (implicit)
2026-05-06 13:47:13,143 INFO sqlalchemy.engine.Engine SELECT video_outputs.id AS video_outputs_id, video_outputs.story_id AS video_outputs_story_id, video_outputs.audio_source_path AS video_outputs_audio_source_path, video_outputs.video_source_folder AS video_outputs_video_source_folder, video_outputs.output_path AS video_outputs_output_path, video_outputs.file_size AS video_outputs_file_size, video_outputs.duration AS video_outputs_duration, video_outputs.audio_speed AS video_outputs_audio_speed, video_outputs.transition_effect AS video_outputs_transition_effect, video_outputs.transition_duration AS video_outputs_transition_duration, video_outputs.resolution AS video_outputs_resolution, video_outputs.status AS video_outputs_status, video_outputs.error_message AS video_outputs_error_message, video_outputs.created_at AS video_outputs_created_at, video_outputs.updated_at AS video_outputs_updated_at 
FROM video_outputs 
WHERE video_outputs.story_id = %(story_id_1)s ORDER BY video_outputs.created_at DESC 
 LIMIT %(param_1)s
2026-05-06 13:47:13,143 INFO sqlalchemy.engine.Engine [cached since 0.02975s ago] {'story_id_1': '2f846d20-9d22-4e0b-8945-a010a5a48bb8', 'param_1': 1}
2026-05-06 13:47:13,148 INFO sqlalchemy.engine.Engine ROLLBACK
INFO:     127.0.0.1:35840 - "GET /api/v1/video/result/2f846d20-9d22-4e0b-8945-a010a5a48bb8 HTTP/1.1" 404 Not Found
2026-05-06 13:47:13.495 | INFO     | app.services.video_processor:__init__:42 - NVENC GPU encoding available (h264_nvenc)
INFO:     127.0.0.1:35854 - "GET /api/v1/video/audio-duration?path=storage%2Faudio%2FStory_20260421_133734%2Fmerged_audio.mp3 HTTP/1.1" 200 OK
INFO:     127.0.0.1:55694 - "GET /api/v1/video/fonts HTTP/1.1" 200 OK
INFO:     127.0.0.1:55708 - "GET /api/v1/video/sample-clip?folder=%2Fhome%2Fduoclv%2FDownloads%2Ftemp-20260506T015716Z-3-001%2Ftemp%2Frandom_50min_20260419_210319 HTTP/1.1" 200 OK
2026-05-06 13:47:21,867 INFO sqlalchemy.engine.Engine BEGIN (implicit)
2026-05-06 13:47:21,867 INFO sqlalchemy.engine.Engine SELECT stories.id AS stories_id, stories.title AS stories_title, stories.url AS stories_url, stories.author AS stories_author, stories.total_chapters AS stories_total_chapters, stories.start_chapter AS stories_start_chapter, stories.end_chapter AS stories_end_chapter, stories.custom_chapter_urls AS stories_custom_chapter_urls, stories.status AS stories_status, stories.current_step AS stories_current_step, stories.is_favorite AS stories_is_favorite, stories.merged_content AS stories_merged_content, stories.created_at AS stories_created_at, stories.updated_at AS stories_updated_at 
FROM stories 
WHERE stories.id = %(id_1)s 
 LIMIT %(param_1)s
2026-05-06 13:47:21,868 INFO sqlalchemy.engine.Engine [cached since 8.898s ago] {'id_1': '2f846d20-9d22-4e0b-8945-a010a5a48bb8', 'param_1': 1}
2026-05-06 13:47:21,869 INFO sqlalchemy.engine.Engine BEGIN (implicit)
2026-05-06 13:47:21,869 INFO sqlalchemy.engine.Engine SELECT voices.id AS voices_id, voices.code AS voices_code, voices.name AS voices_name, voices.gender AS voices_gender, voices.locale AS voices_locale, voices.category AS voices_category, voices.description AS voices_description, voices.demo_url AS voices_demo_url, voices.is_active AS voices_is_active, voices.`rank` AS voices_rank, voices.created_at AS voices_created_at 
FROM voices 
WHERE voices.is_active = true ORDER BY voices.`rank`
2026-05-06 13:47:21,869 INFO sqlalchemy.engine.Engine [cached since 8.885s ago] {}
2026-05-06 13:47:21.870 | INFO     | app.api.tts:list_voices:87 - Retrieved 14 voices from database
2026-05-06 13:47:21,871 INFO sqlalchemy.engine.Engine ROLLBACK
2026-05-06 13:47:21,871 INFO sqlalchemy.engine.Engine ROLLBACK
INFO:     127.0.0.1:55716 - "GET /api/v1/tts/voices HTTP/1.1" 200 OK
INFO:     127.0.0.1:55712 - "GET /api/v1/stories/2f846d20-9d22-4e0b-8945-a010a5a48bb8 HTTP/1.1" 200 OK
2026-05-06 13:47:21,880 INFO sqlalchemy.engine.Engine BEGIN (implicit)
2026-05-06 13:47:21,881 INFO sqlalchemy.engine.Engine SELECT chapters.id AS chapters_id, chapters.story_id AS chapters_story_id, chapters.chapter_number AS chapters_chapter_number, chapters.title AS chapters_title, chapters.content AS chapters_content, chapters.char_count AS chapters_char_count, chapters.has_censored_words AS chapters_has_censored_words, chapters.censored_count AS chapters_censored_count, chapters.status AS chapters_status, chapters.created_at AS chapters_created_at, chapters.updated_at AS chapters_updated_at 
FROM chapters 
WHERE chapters.story_id = %(story_id_1)s ORDER BY chapters.chapter_number
2026-05-06 13:47:21,881 INFO sqlalchemy.engine.Engine [cached since 8.875s ago] {'story_id_1': '2f846d20-9d22-4e0b-8945-a010a5a48bb8'}
2026-05-06 13:47:21,885 INFO sqlalchemy.engine.Engine ROLLBACK
INFO:     127.0.0.1:55730 - "GET /api/v1/stories/2f846d20-9d22-4e0b-8945-a010a5a48bb8/chapters HTTP/1.1" 200 OK
2026-05-06 13:47:21,895 INFO sqlalchemy.engine.Engine BEGIN (implicit)
2026-05-06 13:47:21,895 INFO sqlalchemy.engine.Engine SELECT chapters.id AS chapters_id, chapters.story_id AS chapters_story_id, chapters.chapter_number AS chapters_chapter_number, chapters.title AS chapters_title, chapters.content AS chapters_content, chapters.char_count AS chapters_char_count, chapters.has_censored_words AS chapters_has_censored_words, chapters.censored_count AS chapters_censored_count, chapters.status AS chapters_status, chapters.created_at AS chapters_created_at, chapters.updated_at AS chapters_updated_at 
FROM chapters 
WHERE chapters.story_id = %(story_id_1)s
2026-05-06 13:47:21,895 INFO sqlalchemy.engine.Engine [cached since 8.865s ago] {'story_id_1': '2f846d20-9d22-4e0b-8945-a010a5a48bb8'}
2026-05-06 13:47:21,897 INFO sqlalchemy.engine.Engine ROLLBACK
INFO:     127.0.0.1:55738 - "GET /api/v1/chapters/story/2f846d20-9d22-4e0b-8945-a010a5a48bb8/stats HTTP/1.1" 200 OK
2026-05-06 13:47:21,908 INFO sqlalchemy.engine.Engine BEGIN (implicit)
2026-05-06 13:47:21,908 INFO sqlalchemy.engine.Engine SELECT merged_audio.id AS merged_audio_id, merged_audio.story_id AS merged_audio_story_id, merged_audio.file_path AS merged_audio_file_path, merged_audio.file_size AS merged_audio_file_size, merged_audio.duration AS merged_audio_duration, merged_audio.format AS merged_audio_format, merged_audio.total_chapters AS merged_audio_total_chapters, merged_audio.created_at AS merged_audio_created_at 
FROM merged_audio 
WHERE merged_audio.story_id = %(story_id_1)s ORDER BY merged_audio.created_at DESC 
 LIMIT %(param_1)s
2026-05-06 13:47:21,908 INFO sqlalchemy.engine.Engine [cached since 8.821s ago] {'story_id_1': '2f846d20-9d22-4e0b-8945-a010a5a48bb8', 'param_1': 1}
2026-05-06 13:47:21,910 INFO sqlalchemy.engine.Engine ROLLBACK
INFO:     127.0.0.1:55744 - "GET /api/v1/video/audio-path/2f846d20-9d22-4e0b-8945-a010a5a48bb8 HTTP/1.1" 200 OK
2026-05-06 13:47:21,929 INFO sqlalchemy.engine.Engine BEGIN (implicit)
2026-05-06 13:47:21,930 INFO sqlalchemy.engine.Engine SELECT video_outputs.id AS video_outputs_id, video_outputs.story_id AS video_outputs_story_id, video_outputs.audio_source_path AS video_outputs_audio_source_path, video_outputs.video_source_folder AS video_outputs_video_source_folder, video_outputs.output_path AS video_outputs_output_path, video_outputs.file_size AS video_outputs_file_size, video_outputs.duration AS video_outputs_duration, video_outputs.audio_speed AS video_outputs_audio_speed, video_outputs.transition_effect AS video_outputs_transition_effect, video_outputs.transition_duration AS video_outputs_transition_duration, video_outputs.resolution AS video_outputs_resolution, video_outputs.status AS video_outputs_status, video_outputs.error_message AS video_outputs_error_message, video_outputs.created_at AS video_outputs_created_at, video_outputs.updated_at AS video_outputs_updated_at 
FROM video_outputs 
WHERE video_outputs.story_id = %(story_id_1)s ORDER BY video_outputs.created_at DESC 
 LIMIT %(param_1)s
2026-05-06 13:47:21,930 INFO sqlalchemy.engine.Engine [cached since 8.816s ago] {'story_id_1': '2f846d20-9d22-4e0b-8945-a010a5a48bb8', 'param_1': 1}
2026-05-06 13:47:21,932 INFO sqlalchemy.engine.Engine ROLLBACK
INFO:     127.0.0.1:55760 - "GET /api/v1/video/result/2f846d20-9d22-4e0b-8945-a010a5a48bb8 HTTP/1.1" 404 Not Found
2026-05-06 13:47:22.242 | INFO     | app.services.video_processor:__init__:42 - NVENC GPU encoding available (h264_nvenc)
INFO:     127.0.0.1:55770 - "GET /api/v1/video/audio-duration?path=storage%2Faudio%2FStory_20260421_133734%2Fmerged_audio.mp3 HTTP/1.1" 200 OK
INFO:     127.0.0.1:37414 - "GET /api/v1/video/fonts HTTP/1.1" 200 OK
INFO:     127.0.0.1:37424 - "GET /api/v1/video/sample-clip?folder=%2Fhome%2Fduoclv%2FDownloads%2Ftemp-20260506T015716Z-3-001%2Ftemp%2Frandom_50min_20260419_210319 HTTP/1.1" 200 OK
2026-05-06 13:47:29,377 INFO sqlalchemy.engine.Engine BEGIN (implicit)
2026-05-06 13:47:29,377 INFO sqlalchemy.engine.Engine SELECT voices.id AS voices_id, voices.code AS voices_code, voices.name AS voices_name, voices.gender AS voices_gender, voices.locale AS voices_locale, voices.category AS voices_category, voices.description AS voices_description, voices.demo_url AS voices_demo_url, voices.is_active AS voices_is_active, voices.`rank` AS voices_rank, voices.created_at AS voices_created_at 
FROM voices 
WHERE voices.is_active = true ORDER BY voices.`rank`
2026-05-06 13:47:29,377 INFO sqlalchemy.engine.Engine [cached since 16.39s ago] {}
2026-05-06 13:47:29.378 | INFO     | app.api.tts:list_voices:87 - Retrieved 14 voices from database
2026-05-06 13:47:29,380 INFO sqlalchemy.engine.Engine BEGIN (implicit)
2026-05-06 13:47:29,380 INFO sqlalchemy.engine.Engine SELECT stories.id AS stories_id, stories.title AS stories_title, stories.url AS stories_url, stories.author AS stories_author, stories.total_chapters AS stories_total_chapters, stories.start_chapter AS stories_start_chapter, stories.end_chapter AS stories_end_chapter, stories.custom_chapter_urls AS stories_custom_chapter_urls, stories.status AS stories_status, stories.current_step AS stories_current_step, stories.is_favorite AS stories_is_favorite, stories.merged_content AS stories_merged_content, stories.created_at AS stories_created_at, stories.updated_at AS stories_updated_at 
FROM stories 
WHERE stories.id = %(id_1)s 
 LIMIT %(param_1)s
2026-05-06 13:47:29,380 INFO sqlalchemy.engine.Engine [cached since 16.41s ago] {'id_1': '2f846d20-9d22-4e0b-8945-a010a5a48bb8', 'param_1': 1}
2026-05-06 13:47:29,381 INFO sqlalchemy.engine.Engine ROLLBACK
2026-05-06 13:47:29,381 INFO sqlalchemy.engine.Engine ROLLBACK
INFO:     127.0.0.1:37442 - "GET /api/v1/tts/voices HTTP/1.1" 200 OK
INFO:     127.0.0.1:37426 - "GET /api/v1/stories/2f846d20-9d22-4e0b-8945-a010a5a48bb8 HTTP/1.1" 200 OK
2026-05-06 13:47:29,390 INFO sqlalchemy.engine.Engine BEGIN (implicit)
2026-05-06 13:47:29,391 INFO sqlalchemy.engine.Engine SELECT chapters.id AS chapters_id, chapters.story_id AS chapters_story_id, chapters.chapter_number AS chapters_chapter_number, chapters.title AS chapters_title, chapters.content AS chapters_content, chapters.char_count AS chapters_char_count, chapters.has_censored_words AS chapters_has_censored_words, chapters.censored_count AS chapters_censored_count, chapters.status AS chapters_status, chapters.created_at AS chapters_created_at, chapters.updated_at AS chapters_updated_at 
FROM chapters 
WHERE chapters.story_id = %(story_id_1)s ORDER BY chapters.chapter_number
2026-05-06 13:47:29,391 INFO sqlalchemy.engine.Engine [cached since 16.38s ago] {'story_id_1': '2f846d20-9d22-4e0b-8945-a010a5a48bb8'}
2026-05-06 13:47:29,394 INFO sqlalchemy.engine.Engine ROLLBACK
INFO:     127.0.0.1:37452 - "GET /api/v1/stories/2f846d20-9d22-4e0b-8945-a010a5a48bb8/chapters HTTP/1.1" 200 OK
2026-05-06 13:47:29,403 INFO sqlalchemy.engine.Engine BEGIN (implicit)
2026-05-06 13:47:29,404 INFO sqlalchemy.engine.Engine SELECT chapters.id AS chapters_id, chapters.story_id AS chapters_story_id, chapters.chapter_number AS chapters_chapter_number, chapters.title AS chapters_title, chapters.content AS chapters_content, chapters.char_count AS chapters_char_count, chapters.has_censored_words AS chapters_has_censored_words, chapters.censored_count AS chapters_censored_count, chapters.status AS chapters_status, chapters.created_at AS chapters_created_at, chapters.updated_at AS chapters_updated_at 
FROM chapters 
WHERE chapters.story_id = %(story_id_1)s
2026-05-06 13:47:29,404 INFO sqlalchemy.engine.Engine [cached since 16.37s ago] {'story_id_1': '2f846d20-9d22-4e0b-8945-a010a5a48bb8'}
2026-05-06 13:47:29,407 INFO sqlalchemy.engine.Engine ROLLBACK
INFO:     127.0.0.1:37460 - "GET /api/v1/chapters/story/2f846d20-9d22-4e0b-8945-a010a5a48bb8/stats HTTP/1.1" 200 OK
2026-05-06 13:47:29,419 INFO sqlalchemy.engine.Engine BEGIN (implicit)
2026-05-06 13:47:29,420 INFO sqlalchemy.engine.Engine SELECT merged_audio.id AS merged_audio_id, merged_audio.story_id AS merged_audio_story_id, merged_audio.file_path AS merged_audio_file_path, merged_audio.file_size AS merged_audio_file_size, merged_audio.duration AS merged_audio_duration, merged_audio.format AS merged_audio_format, merged_audio.total_chapters AS merged_audio_total_chapters, merged_audio.created_at AS merged_audio_created_at 
FROM merged_audio 
WHERE merged_audio.story_id = %(story_id_1)s ORDER BY merged_audio.created_at DESC 
 LIMIT %(param_1)s
2026-05-06 13:47:29,420 INFO sqlalchemy.engine.Engine [cached since 16.33s ago] {'story_id_1': '2f846d20-9d22-4e0b-8945-a010a5a48bb8', 'param_1': 1}
2026-05-06 13:47:29,421 INFO sqlalchemy.engine.Engine ROLLBACK
INFO:     127.0.0.1:37474 - "GET /api/v1/video/audio-path/2f846d20-9d22-4e0b-8945-a010a5a48bb8 HTTP/1.1" 200 OK
2026-05-06 13:47:29,431 INFO sqlalchemy.engine.Engine BEGIN (implicit)
2026-05-06 13:47:29,432 INFO sqlalchemy.engine.Engine SELECT video_outputs.id AS video_outputs_id, video_outputs.story_id AS video_outputs_story_id, video_outputs.audio_source_path AS video_outputs_audio_source_path, video_outputs.video_source_folder AS video_outputs_video_source_folder, video_outputs.output_path AS video_outputs_output_path, video_outputs.file_size AS video_outputs_file_size, video_outputs.duration AS video_outputs_duration, video_outputs.audio_speed AS video_outputs_audio_speed, video_outputs.transition_effect AS video_outputs_transition_effect, video_outputs.transition_duration AS video_outputs_transition_duration, video_outputs.resolution AS video_outputs_resolution, video_outputs.status AS video_outputs_status, video_outputs.error_message AS video_outputs_error_message, video_outputs.created_at AS video_outputs_created_at, video_outputs.updated_at AS video_outputs_updated_at 
FROM video_outputs 
WHERE video_outputs.story_id = %(story_id_1)s ORDER BY video_outputs.created_at DESC 
 LIMIT %(param_1)s
2026-05-06 13:47:29,432 INFO sqlalchemy.engine.Engine [cached since 16.32s ago] {'story_id_1': '2f846d20-9d22-4e0b-8945-a010a5a48bb8', 'param_1': 1}
2026-05-06 13:47:29,434 INFO sqlalchemy.engine.Engine ROLLBACK
INFO:     127.0.0.1:37476 - "GET /api/v1/video/result/2f846d20-9d22-4e0b-8945-a010a5a48bb8 HTTP/1.1" 404 Not Found
2026-05-06 13:47:29.749 | INFO     | app.services.video_processor:__init__:42 - NVENC GPU encoding available (h264_nvenc)
INFO:     127.0.0.1:37492 - "GET /api/v1/video/audio-duration?path=storage%2Faudio%2FStory_20260421_133734%2Fmerged_audio.mp3 HTTP/1.1" 200 OK
INFO:     127.0.0.1:47616 - "GET /api/v1/video/fonts HTTP/1.1" 200 OK
INFO:     127.0.0.1:47628 - "GET /api/v1/video/sample-clip?folder=%2Fhome%2Fduoclv%2FDownloads%2Ftemp-20260506T015716Z-3-001%2Ftemp%2Frandom_50min_20260419_210319 HTTP/1.1" 200 OK
INFO:     127.0.0.1:47656 - "GET /api/v1/video/fonts HTTP/1.1" 200 OK
2026-05-06 13:47:41,316 INFO sqlalchemy.engine.Engine BEGIN (implicit)
2026-05-06 13:47:41,316 INFO sqlalchemy.engine.Engine SELECT stories.id AS stories_id, stories.title AS stories_title, stories.url AS stories_url, stories.author AS stories_author, stories.total_chapters AS stories_total_chapters, stories.start_chapter AS stories_start_chapter, stories.end_chapter AS stories_end_chapter, stories.custom_chapter_urls AS stories_custom_chapter_urls, stories.status AS stories_status, stories.current_step AS stories_current_step, stories.is_favorite AS stories_is_favorite, stories.merged_content AS stories_merged_content, stories.created_at AS stories_created_at, stories.updated_at AS stories_updated_at 
FROM stories 
WHERE stories.id = %(id_1)s 
 LIMIT %(param_1)s
2026-05-06 13:47:41,316 INFO sqlalchemy.engine.Engine [cached since 28.35s ago] {'id_1': '2f846d20-9d22-4e0b-8945-a010a5a48bb8', 'param_1': 1}
INFO:     127.0.0.1:47664 - "GET /api/v1/video/sample-clip?folder=%2Fhome%2Fduoclv%2FDownloads%2Ftemp-20260506T015716Z-3-001%2Ftemp%2Frandom_50min_20260419_210319 HTTP/1.1" 200 OK
2026-05-06 13:47:41,320 INFO sqlalchemy.engine.Engine BEGIN (implicit)
2026-05-06 13:47:41,320 INFO sqlalchemy.engine.Engine SELECT voices.id AS voices_id, voices.code AS voices_code, voices.name AS voices_name, voices.gender AS voices_gender, voices.locale AS voices_locale, voices.category AS voices_category, voices.description AS voices_description, voices.demo_url AS voices_demo_url, voices.is_active AS voices_is_active, voices.`rank` AS voices_rank, voices.created_at AS voices_created_at 
FROM voices 
WHERE voices.is_active = true ORDER BY voices.`rank`
2026-05-06 13:47:41,320 INFO sqlalchemy.engine.Engine [cached since 28.34s ago] {}
2026-05-06 13:47:41.321 | INFO     | app.api.tts:list_voices:87 - Retrieved 14 voices from database
2026-05-06 13:47:41,322 INFO sqlalchemy.engine.Engine ROLLBACK
2026-05-06 13:47:41,322 INFO sqlalchemy.engine.Engine ROLLBACK
INFO:     127.0.0.1:47648 - "GET /api/v1/tts/voices HTTP/1.1" 200 OK
INFO:     127.0.0.1:47644 - "GET /api/v1/stories/2f846d20-9d22-4e0b-8945-a010a5a48bb8 HTTP/1.1" 200 OK
2026-05-06 13:47:41,330 INFO sqlalchemy.engine.Engine BEGIN (implicit)
2026-05-06 13:47:41,330 INFO sqlalchemy.engine.Engine SELECT stories.id AS stories_id, stories.title AS stories_title, stories.url AS stories_url, stories.author AS stories_author, stories.total_chapters AS stories_total_chapters, stories.start_chapter AS stories_start_chapter, stories.end_chapter AS stories_end_chapter, stories.custom_chapter_urls AS stories_custom_chapter_urls, stories.status AS stories_status, stories.current_step AS stories_current_step, stories.is_favorite AS stories_is_favorite, stories.merged_content AS stories_merged_content, stories.created_at AS stories_created_at, stories.updated_at AS stories_updated_at 
FROM stories 
WHERE stories.id = %(id_1)s 
 LIMIT %(param_1)s
2026-05-06 13:47:41,330 INFO sqlalchemy.engine.Engine [cached since 28.36s ago] {'id_1': '2f846d20-9d22-4e0b-8945-a010a5a48bb8', 'param_1': 1}
2026-05-06 13:47:41,332 INFO sqlalchemy.engine.Engine BEGIN (implicit)
2026-05-06 13:47:41,333 INFO sqlalchemy.engine.Engine SELECT voices.id AS voices_id, voices.code AS voices_code, voices.name AS voices_name, voices.gender AS voices_gender, voices.locale AS voices_locale, voices.category AS voices_category, voices.description AS voices_description, voices.demo_url AS voices_demo_url, voices.is_active AS voices_is_active, voices.`rank` AS voices_rank, voices.created_at AS voices_created_at 
FROM voices 
WHERE voices.is_active = true ORDER BY voices.`rank`
2026-05-06 13:47:41,333 INFO sqlalchemy.engine.Engine [cached since 28.35s ago] {}
2026-05-06 13:47:41.334 | INFO     | app.api.tts:list_voices:87 - Retrieved 14 voices from database
2026-05-06 13:47:41,334 INFO sqlalchemy.engine.Engine ROLLBACK
2026-05-06 13:47:41,335 INFO sqlalchemy.engine.Engine ROLLBACK
2026-05-06 13:47:41,336 INFO sqlalchemy.engine.Engine BEGIN (implicit)
2026-05-06 13:47:41,336 INFO sqlalchemy.engine.Engine SELECT chapters.id AS chapters_id, chapters.story_id AS chapters_story_id, chapters.chapter_number AS chapters_chapter_number, chapters.title AS chapters_title, chapters.content AS chapters_content, chapters.char_count AS chapters_char_count, chapters.has_censored_words AS chapters_has_censored_words, chapters.censored_count AS chapters_censored_count, chapters.status AS chapters_status, chapters.created_at AS chapters_created_at, chapters.updated_at AS chapters_updated_at 
FROM chapters 
WHERE chapters.story_id = %(story_id_1)s ORDER BY chapters.chapter_number
2026-05-06 13:47:41,336 INFO sqlalchemy.engine.Engine [cached since 28.33s ago] {'story_id_1': '2f846d20-9d22-4e0b-8945-a010a5a48bb8'}
INFO:     127.0.0.1:47678 - "GET /api/v1/stories/2f846d20-9d22-4e0b-8945-a010a5a48bb8 HTTP/1.1" 200 OK
INFO:     127.0.0.1:47682 - "GET /api/v1/tts/voices HTTP/1.1" 200 OK
2026-05-06 13:47:41,339 INFO sqlalchemy.engine.Engine ROLLBACK
INFO:     127.0.0.1:47698 - "GET /api/v1/stories/2f846d20-9d22-4e0b-8945-a010a5a48bb8/chapters HTTP/1.1" 200 OK
2026-05-06 13:47:41,350 INFO sqlalchemy.engine.Engine BEGIN (implicit)
2026-05-06 13:47:41,350 INFO sqlalchemy.engine.Engine SELECT chapters.id AS chapters_id, chapters.story_id AS chapters_story_id, chapters.chapter_number AS chapters_chapter_number, chapters.title AS chapters_title, chapters.content AS chapters_content, chapters.char_count AS chapters_char_count, chapters.has_censored_words AS chapters_has_censored_words, chapters.censored_count AS chapters_censored_count, chapters.status AS chapters_status, chapters.created_at AS chapters_created_at, chapters.updated_at AS chapters_updated_at 
FROM chapters 
WHERE chapters.story_id = %(story_id_1)s ORDER BY chapters.chapter_number
2026-05-06 13:47:41,350 INFO sqlalchemy.engine.Engine [cached since 28.34s ago] {'story_id_1': '2f846d20-9d22-4e0b-8945-a010a5a48bb8'}
2026-05-06 13:47:41,354 INFO sqlalchemy.engine.Engine ROLLBACK
2026-05-06 13:47:41,355 INFO sqlalchemy.engine.Engine BEGIN (implicit)
2026-05-06 13:47:41,355 INFO sqlalchemy.engine.Engine SELECT chapters.id AS chapters_id, chapters.story_id AS chapters_story_id, chapters.chapter_number AS chapters_chapter_number, chapters.title AS chapters_title, chapters.content AS chapters_content, chapters.char_count AS chapters_char_count, chapters.has_censored_words AS chapters_has_censored_words, chapters.censored_count AS chapters_censored_count, chapters.status AS chapters_status, chapters.created_at AS chapters_created_at, chapters.updated_at AS chapters_updated_at 
FROM chapters 
WHERE chapters.story_id = %(story_id_1)s
2026-05-06 13:47:41,356 INFO sqlalchemy.engine.Engine [cached since 28.33s ago] {'story_id_1': '2f846d20-9d22-4e0b-8945-a010a5a48bb8'}
INFO:     127.0.0.1:47700 - "GET /api/v1/stories/2f846d20-9d22-4e0b-8945-a010a5a48bb8/chapters HTTP/1.1" 200 OK
2026-05-06 13:47:41,361 INFO sqlalchemy.engine.Engine ROLLBACK
INFO:     127.0.0.1:47708 - "GET /api/v1/chapters/story/2f846d20-9d22-4e0b-8945-a010a5a48bb8/stats HTTP/1.1" 200 OK
INFO:     127.0.0.1:47724 - "GET /api/v1/video/preview-video?path=%2Fhome%2Fduoclv%2FDownloads%2Ftemp-20260506T015716Z-3-001%2Ftemp%2Frandom_50min_20260419_210319%2F0019_2022-08-17_3xwmc9c7au5uwg6_%E5%A4%A7%E4%BA%BA%E5%B0%8F%E5%AD%A9%E9%83%BD%E8%83%BD%E5%AD%A6%E7%9A%84%E7%AE%80%E7%AC%94%E7%94%BB%EF%BC%8C%E7%AE%80%E5%8D%95%E6%98%93%E5%AD%A6%E7%9A%84%E7%BA%BF%E6%9D%A1%E9%9D%9E%E5%B8%B8%E9%80%82%E5%90%88%E4%B8%B4%E6%91%B9%20%23%E7%AE%80%E7%AC%94%E7%94%BB%20%23%E5%BF%AB%E6%89%8B%E6%96%B0%E5%85%89%E5%90%88%E5%88%9B%E4%BD%9C%E8%80%85%E6%BF%80%E5%8A%B1%E8%AE%A1%E5%88%92%20%23%E9%9B%B6%E5%9F%BA%E7%A1%80%E5%AD%A6.mp4 HTTP/1.1" 200 OK
2026-05-06 13:47:41,397 INFO sqlalchemy.engine.Engine BEGIN (implicit)
2026-05-06 13:47:41,397 INFO sqlalchemy.engine.Engine SELECT chapters.id AS chapters_id, chapters.story_id AS chapters_story_id, chapters.chapter_number AS chapters_chapter_number, chapters.title AS chapters_title, chapters.content AS chapters_content, chapters.char_count AS chapters_char_count, chapters.has_censored_words AS chapters_has_censored_words, chapters.censored_count AS chapters_censored_count, chapters.status AS chapters_status, chapters.created_at AS chapters_created_at, chapters.updated_at AS chapters_updated_at 
FROM chapters 
WHERE chapters.story_id = %(story_id_1)s
2026-05-06 13:47:41,397 INFO sqlalchemy.engine.Engine [cached since 28.37s ago] {'story_id_1': '2f846d20-9d22-4e0b-8945-a010a5a48bb8'}
2026-05-06 13:47:41,401 INFO sqlalchemy.engine.Engine ROLLBACK
2026-05-06 13:47:41,401 INFO sqlalchemy.engine.Engine BEGIN (implicit)
2026-05-06 13:47:41,402 INFO sqlalchemy.engine.Engine SELECT merged_audio.id AS merged_audio_id, merged_audio.story_id AS merged_audio_story_id, merged_audio.file_path AS merged_audio_file_path, merged_audio.file_size AS merged_audio_file_size, merged_audio.duration AS merged_audio_duration, merged_audio.format AS merged_audio_format, merged_audio.total_chapters AS merged_audio_total_chapters, merged_audio.created_at AS merged_audio_created_at 
FROM merged_audio 
WHERE merged_audio.story_id = %(story_id_1)s ORDER BY merged_audio.created_at DESC 
 LIMIT %(param_1)s
2026-05-06 13:47:41,402 INFO sqlalchemy.engine.Engine [cached since 28.31s ago] {'story_id_1': '2f846d20-9d22-4e0b-8945-a010a5a48bb8', 'param_1': 1}
INFO:     127.0.0.1:47738 - "GET /api/v1/chapters/story/2f846d20-9d22-4e0b-8945-a010a5a48bb8/stats HTTP/1.1" 200 OK
2026-05-06 13:47:41,404 INFO sqlalchemy.engine.Engine ROLLBACK
INFO:     127.0.0.1:47748 - "GET /api/v1/video/audio-path/2f846d20-9d22-4e0b-8945-a010a5a48bb8 HTTP/1.1" 200 OK
2026-05-06 13:47:41,415 INFO sqlalchemy.engine.Engine BEGIN (implicit)
2026-05-06 13:47:41,416 INFO sqlalchemy.engine.Engine SELECT merged_audio.id AS merged_audio_id, merged_audio.story_id AS merged_audio_story_id, merged_audio.file_path AS merged_audio_file_path, merged_audio.file_size AS merged_audio_file_size, merged_audio.duration AS merged_audio_duration, merged_audio.format AS merged_audio_format, merged_audio.total_chapters AS merged_audio_total_chapters, merged_audio.created_at AS merged_audio_created_at 
FROM merged_audio 
WHERE merged_audio.story_id = %(story_id_1)s ORDER BY merged_audio.created_at DESC 
 LIMIT %(param_1)s
2026-05-06 13:47:41,416 INFO sqlalchemy.engine.Engine [cached since 28.33s ago] {'story_id_1': '2f846d20-9d22-4e0b-8945-a010a5a48bb8', 'param_1': 1}
2026-05-06 13:47:41,419 INFO sqlalchemy.engine.Engine ROLLBACK
2026-05-06 13:47:41,424 INFO sqlalchemy.engine.Engine BEGIN (implicit)
2026-05-06 13:47:41,424 INFO sqlalchemy.engine.Engine SELECT video_outputs.id AS video_outputs_id, video_outputs.story_id AS video_outputs_story_id, video_outputs.audio_source_path AS video_outputs_audio_source_path, video_outputs.video_source_folder AS video_outputs_video_source_folder, video_outputs.output_path AS video_outputs_output_path, video_outputs.file_size AS video_outputs_file_size, video_outputs.duration AS video_outputs_duration, video_outputs.audio_speed AS video_outputs_audio_speed, video_outputs.transition_effect AS video_outputs_transition_effect, video_outputs.transition_duration AS video_outputs_transition_duration, video_outputs.resolution AS video_outputs_resolution, video_outputs.status AS video_outputs_status, video_outputs.error_message AS video_outputs_error_message, video_outputs.created_at AS video_outputs_created_at, video_outputs.updated_at AS video_outputs_updated_at 
FROM video_outputs 
WHERE video_outputs.story_id = %(story_id_1)s ORDER BY video_outputs.created_at DESC 
 LIMIT %(param_1)s
2026-05-06 13:47:41,424 INFO sqlalchemy.engine.Engine [cached since 28.31s ago] {'story_id_1': '2f846d20-9d22-4e0b-8945-a010a5a48bb8', 'param_1': 1}
INFO:     127.0.0.1:47762 - "GET /api/v1/video/audio-path/2f846d20-9d22-4e0b-8945-a010a5a48bb8 HTTP/1.1" 200 OK
2026-05-06 13:47:41,426 INFO sqlalchemy.engine.Engine ROLLBACK
INFO:     127.0.0.1:47768 - "GET /api/v1/video/result/2f846d20-9d22-4e0b-8945-a010a5a48bb8 HTTP/1.1" 404 Not Found
2026-05-06 13:47:41,435 INFO sqlalchemy.engine.Engine BEGIN (implicit)
2026-05-06 13:47:41,435 INFO sqlalchemy.engine.Engine SELECT video_outputs.id AS video_outputs_id, video_outputs.story_id AS video_outputs_story_id, video_outputs.audio_source_path AS video_outputs_audio_source_path, video_outputs.video_source_folder AS video_outputs_video_source_folder, video_outputs.output_path AS video_outputs_output_path, video_outputs.file_size AS video_outputs_file_size, video_outputs.duration AS video_outputs_duration, video_outputs.audio_speed AS video_outputs_audio_speed, video_outputs.transition_effect AS video_outputs_transition_effect, video_outputs.transition_duration AS video_outputs_transition_duration, video_outputs.resolution AS video_outputs_resolution, video_outputs.status AS video_outputs_status, video_outputs.error_message AS video_outputs_error_message, video_outputs.created_at AS video_outputs_created_at, video_outputs.updated_at AS video_outputs_updated_at 
FROM video_outputs 
WHERE video_outputs.story_id = %(story_id_1)s ORDER BY video_outputs.created_at DESC 
 LIMIT %(param_1)s
2026-05-06 13:47:41,435 INFO sqlalchemy.engine.Engine [cached since 28.32s ago] {'story_id_1': '2f846d20-9d22-4e0b-8945-a010a5a48bb8', 'param_1': 1}
2026-05-06 13:47:41,436 INFO sqlalchemy.engine.Engine ROLLBACK
INFO:     127.0.0.1:47780 - "GET /api/v1/video/result/2f846d20-9d22-4e0b-8945-a010a5a48bb8 HTTP/1.1" 404 Not Found
2026-05-06 13:47:41.815 | INFO     | app.services.video_processor:__init__:42 - NVENC GPU encoding available (h264_nvenc)
INFO:     127.0.0.1:47790 - "GET /api/v1/video/audio-duration?path=storage%2Faudio%2FStory_20260421_133734%2Fmerged_audio.mp3 HTTP/1.1" 200 OK
WARNING:  WatchFiles detected changes in 'app/services/video_processor.py'. Reloading...
INFO:     Shutting down
INFO:     Waiting for application shutdown.
2026-05-06 13:47:51.878 | INFO     | app.main:shutdown_event:69 - Shutting down TruyenFull Processor API...
INFO:     Application shutdown complete.
INFO:     Finished server process [418642]
2026-05-06 13:47:52.664 | INFO     | app.database:<module>:10 - Connecting to database: localhost:3307/truyenfull_db
INFO:     Started server process [419664]
INFO:     Waiting for application startup.
2026-05-06 13:47:53.054 | INFO     | app.main:startup_event:53 - Starting TruyenFull Processor API...
2026-05-06 13:47:53.054 | INFO     | app.main:startup_event:54 - Debug mode: True
2026-05-06 13:47:53.055 | INFO     | app.main:startup_event:55 - CORS origins: ['http://localhost:5173', 'http://localhost:3000']
2026-05-06 13:47:53,056 INFO sqlalchemy.engine.Engine SELECT DATABASE()
2026-05-06 13:47:53,057 INFO sqlalchemy.engine.Engine [raw sql] {}
2026-05-06 13:47:53,057 INFO sqlalchemy.engine.Engine SELECT @@sql_mode
2026-05-06 13:47:53,057 INFO sqlalchemy.engine.Engine [raw sql] {}
2026-05-06 13:47:53,057 INFO sqlalchemy.engine.Engine SELECT @@lower_case_table_names
2026-05-06 13:47:53,057 INFO sqlalchemy.engine.Engine [raw sql] {}
2026-05-06 13:47:53,058 INFO sqlalchemy.engine.Engine BEGIN (implicit)
2026-05-06 13:47:53,058 INFO sqlalchemy.engine.Engine SELECT 1
2026-05-06 13:47:53,058 INFO sqlalchemy.engine.Engine [generated in 0.00009s] {}
2026-05-06 13:47:53,059 INFO sqlalchemy.engine.Engine ROLLBACK
2026-05-06 13:47:53.059 | INFO     | app.database:test_connection:49 - Database connection successful
2026-05-06 13:47:53.059 | INFO     | app.main:startup_event:59 - Database connection successful
INFO:     Application startup complete.
INFO:     127.0.0.1:43392 - "GET /api/v1/video/preview-video?path=%2Fhome%2Fduoclv%2FDownloads%2Ftemp-20260506T015716Z-3-001%2Ftemp%2Frandom_50min_20260419_210319%2F0019_2022-08-17_3xwmc9c7au5uwg6_%E5%A4%A7%E4%BA%BA%E5%B0%8F%E5%AD%A9%E9%83%BD%E8%83%BD%E5%AD%A6%E7%9A%84%E7%AE%80%E7%AC%94%E7%94%BB%EF%BC%8C%E7%AE%80%E5%8D%95%E6%98%93%E5%AD%A6%E7%9A%84%E7%BA%BF%E6%9D%A1%E9%9D%9E%E5%B8%B8%E9%80%82%E5%90%88%E4%B8%B4%E6%91%B9%20%23%E7%AE%80%E7%AC%94%E7%94%BB%20%23%E5%BF%AB%E6%89%8B%E6%96%B0%E5%85%89%E5%90%88%E5%88%9B%E4%BD%9C%E8%80%85%E6%BF%80%E5%8A%B1%E8%AE%A1%E5%88%92%20%23%E9%9B%B6%E5%9F%BA%E7%A1%80%E5%AD%A6.mp4 HTTP/1.1" 200 OK
INFO:     127.0.0.1:44918 - "POST /api/v1/video/browse-images HTTP/1.1" 200 OK
INFO:     127.0.0.1:44926 - "POST /api/v1/video/browse-images HTTP/1.1" 200 OK
INFO:     127.0.0.1:44942 - "POST /api/v1/video/browse-images HTTP/1.1" 200 OK
INFO:     127.0.0.1:59646 - "POST /api/v1/video/browse-images HTTP/1.1" 200 OK
INFO:     127.0.0.1:59658 - "POST /api/v1/video/browse-images HTTP/1.1" 200 OK
INFO:     127.0.0.1:38114 - "POST /api/v1/video/browse-images HTTP/1.1" 200 OK
INFO:     127.0.0.1:38124 - "GET /api/v1/video/preview-image?path=%2Fhome%2Fduoclv%2FPictures%2Fcherry-blossom-japanese-garden-pavilion-scenery-anime-scenery-4k-wallpaper-uhdpaper.com-227%400%40k.jpg HTTP/1.1" 200 OK
INFO:     127.0.0.1:40374 - "GET /api/v1/video/fonts HTTP/1.1" 200 OK
INFO:     127.0.0.1:40380 - "GET /api/v1/video/sample-clip?folder=%2Fhome%2Fduoclv%2FDownloads%2Ftemp-20260506T015716Z-3-001%2Ftemp%2Frandom_50min_20260419_210319 HTTP/1.1" 200 OK
2026-05-06 13:51:58,069 INFO sqlalchemy.engine.Engine BEGIN (implicit)
2026-05-06 13:51:58,074 INFO sqlalchemy.engine.Engine SELECT stories.id AS stories_id, stories.title AS stories_title, stories.url AS stories_url, stories.author AS stories_author, stories.total_chapters AS stories_total_chapters, stories.start_chapter AS stories_start_chapter, stories.end_chapter AS stories_end_chapter, stories.custom_chapter_urls AS stories_custom_chapter_urls, stories.status AS stories_status, stories.current_step AS stories_current_step, stories.is_favorite AS stories_is_favorite, stories.merged_content AS stories_merged_content, stories.created_at AS stories_created_at, stories.updated_at AS stories_updated_at 
FROM stories 
WHERE stories.id = %(id_1)s 
 LIMIT %(param_1)s
2026-05-06 13:51:58,074 INFO sqlalchemy.engine.Engine [generated in 0.00034s] {'id_1': '2f846d20-9d22-4e0b-8945-a010a5a48bb8', 'param_1': 1}
2026-05-06 13:51:58,081 INFO sqlalchemy.engine.Engine BEGIN (implicit)
2026-05-06 13:51:58,084 INFO sqlalchemy.engine.Engine SELECT voices.id AS voices_id, voices.code AS voices_code, voices.name AS voices_name, voices.gender AS voices_gender, voices.locale AS voices_locale, voices.category AS voices_category, voices.description AS voices_description, voices.demo_url AS voices_demo_url, voices.is_active AS voices_is_active, voices.`rank` AS voices_rank, voices.created_at AS voices_created_at 
FROM voices 
WHERE voices.is_active = true ORDER BY voices.`rank`
2026-05-06 13:51:58,085 INFO sqlalchemy.engine.Engine [generated in 0.00096s] {}
2026-05-06 13:51:58.089 | INFO     | app.api.tts:list_voices:87 - Retrieved 14 voices from database
2026-05-06 13:51:58,090 INFO sqlalchemy.engine.Engine ROLLBACK
2026-05-06 13:51:58,092 INFO sqlalchemy.engine.Engine ROLLBACK
INFO:     127.0.0.1:40404 - "GET /api/v1/tts/voices HTTP/1.1" 200 OK
INFO:     127.0.0.1:40394 - "GET /api/v1/stories/2f846d20-9d22-4e0b-8945-a010a5a48bb8 HTTP/1.1" 200 OK
INFO:     127.0.0.1:40414 - "GET /api/v1/video/preview-video?path=%2Fhome%2Fduoclv%2FDownloads%2Ftemp-20260506T015716Z-3-001%2Ftemp%2Frandom_50min_20260419_210319%2F0051_2023-08-02_3xf4ce3ry75ksq2_%E4%B8%80%E5%AE%9A%E8%A6%81%E6%8F%90%E5%89%8D%E8%AE%A9%E5%AD%A9%E5%AD%90%E4%BA%86%E8%A7%A3%E4%B8%AD%E5%8D%8E%E4%BC%A0%E7%BB%9F%E7%A4%BC%E4%BB%AA%C2%A0%23%E7%A4%BC%E4%BB%AA%E6%95%99%E8%82%B2%C2%A0%C2%A0%23%E8%A7%84%E7%9F%A9%C2%A0%C2%A0%23%E4%BC%A0%E7%BB%9F.mp4 HTTP/1.1" 200 OK
2026-05-06 13:51:58,124 INFO sqlalchemy.engine.Engine BEGIN (implicit)
2026-05-06 13:51:58,125 INFO sqlalchemy.engine.Engine SELECT chapters.id AS chapters_id, chapters.story_id AS chapters_story_id, chapters.chapter_number AS chapters_chapter_number, chapters.title AS chapters_title, chapters.content AS chapters_content, chapters.char_count AS chapters_char_count, chapters.has_censored_words AS chapters_has_censored_words, chapters.censored_count AS chapters_censored_count, chapters.status AS chapters_status, chapters.created_at AS chapters_created_at, chapters.updated_at AS chapters_updated_at 
FROM chapters 
WHERE chapters.story_id = %(story_id_1)s ORDER BY chapters.chapter_number
2026-05-06 13:51:58,126 INFO sqlalchemy.engine.Engine [generated in 0.00022s] {'story_id_1': '2f846d20-9d22-4e0b-8945-a010a5a48bb8'}
2026-05-06 13:51:58,130 INFO sqlalchemy.engine.Engine ROLLBACK
INFO:     127.0.0.1:40416 - "GET /api/v1/stories/2f846d20-9d22-4e0b-8945-a010a5a48bb8/chapters HTTP/1.1" 200 OK
2026-05-06 13:51:58,158 INFO sqlalchemy.engine.Engine BEGIN (implicit)
2026-05-06 13:51:58,159 INFO sqlalchemy.engine.Engine SELECT chapters.id AS chapters_id, chapters.story_id AS chapters_story_id, chapters.chapter_number AS chapters_chapter_number, chapters.title AS chapters_title, chapters.content AS chapters_content, chapters.char_count AS chapters_char_count, chapters.has_censored_words AS chapters_has_censored_words, chapters.censored_count AS chapters_censored_count, chapters.status AS chapters_status, chapters.created_at AS chapters_created_at, chapters.updated_at AS chapters_updated_at 
FROM chapters 
WHERE chapters.story_id = %(story_id_1)s
2026-05-06 13:51:58,159 INFO sqlalchemy.engine.Engine [generated in 0.00025s] {'story_id_1': '2f846d20-9d22-4e0b-8945-a010a5a48bb8'}
2026-05-06 13:51:58,162 INFO sqlalchemy.engine.Engine ROLLBACK
INFO:     127.0.0.1:40430 - "GET /api/v1/chapters/story/2f846d20-9d22-4e0b-8945-a010a5a48bb8/stats HTTP/1.1" 200 OK
2026-05-06 13:51:58,169 INFO sqlalchemy.engine.Engine BEGIN (implicit)
2026-05-06 13:51:58,171 INFO sqlalchemy.engine.Engine SELECT merged_audio.id AS merged_audio_id, merged_audio.story_id AS merged_audio_story_id, merged_audio.file_path AS merged_audio_file_path, merged_audio.file_size AS merged_audio_file_size, merged_audio.duration AS merged_audio_duration, merged_audio.format AS merged_audio_format, merged_audio.total_chapters AS merged_audio_total_chapters, merged_audio.created_at AS merged_audio_created_at 
FROM merged_audio 
WHERE merged_audio.story_id = %(story_id_1)s ORDER BY merged_audio.created_at DESC 
 LIMIT %(param_1)s
2026-05-06 13:51:58,171 INFO sqlalchemy.engine.Engine [generated in 0.00014s] {'story_id_1': '2f846d20-9d22-4e0b-8945-a010a5a48bb8', 'param_1': 1}
2026-05-06 13:51:58,172 INFO sqlalchemy.engine.Engine ROLLBACK
INFO:     127.0.0.1:40436 - "GET /api/v1/video/audio-path/2f846d20-9d22-4e0b-8945-a010a5a48bb8 HTTP/1.1" 200 OK
2026-05-06 13:51:58,178 INFO sqlalchemy.engine.Engine BEGIN (implicit)
2026-05-06 13:51:58,179 INFO sqlalchemy.engine.Engine SELECT video_outputs.id AS video_outputs_id, video_outputs.story_id AS video_outputs_story_id, video_outputs.audio_source_path AS video_outputs_audio_source_path, video_outputs.video_source_folder AS video_outputs_video_source_folder, video_outputs.output_path AS video_outputs_output_path, video_outputs.file_size AS video_outputs_file_size, video_outputs.duration AS video_outputs_duration, video_outputs.audio_speed AS video_outputs_audio_speed, video_outputs.transition_effect AS video_outputs_transition_effect, video_outputs.transition_duration AS video_outputs_transition_duration, video_outputs.resolution AS video_outputs_resolution, video_outputs.status AS video_outputs_status, video_outputs.error_message AS video_outputs_error_message, video_outputs.created_at AS video_outputs_created_at, video_outputs.updated_at AS video_outputs_updated_at 
FROM video_outputs 
WHERE video_outputs.story_id = %(story_id_1)s ORDER BY video_outputs.created_at DESC 
 LIMIT %(param_1)s
2026-05-06 13:51:58,179 INFO sqlalchemy.engine.Engine [generated in 0.00013s] {'story_id_1': '2f846d20-9d22-4e0b-8945-a010a5a48bb8', 'param_1': 1}
2026-05-06 13:51:58,181 INFO sqlalchemy.engine.Engine ROLLBACK
INFO:     127.0.0.1:40442 - "GET /api/v1/video/result/2f846d20-9d22-4e0b-8945-a010a5a48bb8 HTTP/1.1" 404 Not Found
2026-05-06 13:51:58.413 | INFO     | app.services.video_processor:__init__:42 - NVENC GPU encoding available (h264_nvenc)
INFO:     127.0.0.1:40446 - "GET /api/v1/video/audio-duration?path=storage%2Faudio%2FStory_20260421_133734%2Fmerged_audio.mp3 HTTP/1.1" 200 OK
WARNING:  WatchFiles detected changes in 'app/schemas.py'. Reloading...
INFO:     Shutting down
INFO:     Waiting for application shutdown.
2026-05-06 13:52:17.396 | INFO     | app.main:shutdown_event:69 - Shutting down TruyenFull Processor API...
INFO:     Application shutdown complete.
INFO:     Finished server process [419664]
2026-05-06 13:52:18.264 | INFO     | app.database:<module>:10 - Connecting to database: localhost:3307/truyenfull_db
INFO:     Started server process [423717]
INFO:     Waiting for application startup.
2026-05-06 13:52:18.678 | INFO     | app.main:startup_event:53 - Starting TruyenFull Processor API...
2026-05-06 13:52:18.678 | INFO     | app.main:startup_event:54 - Debug mode: True
2026-05-06 13:52:18.678 | INFO     | app.main:startup_event:55 - CORS origins: ['http://localhost:5173', 'http://localhost:3000']
2026-05-06 13:52:18,680 INFO sqlalchemy.engine.Engine SELECT DATABASE()
2026-05-06 13:52:18,680 INFO sqlalchemy.engine.Engine [raw sql] {}
2026-05-06 13:52:18,681 INFO sqlalchemy.engine.Engine SELECT @@sql_mode
2026-05-06 13:52:18,681 INFO sqlalchemy.engine.Engine [raw sql] {}
2026-05-06 13:52:18,681 INFO sqlalchemy.engine.Engine SELECT @@lower_case_table_names
2026-05-06 13:52:18,681 INFO sqlalchemy.engine.Engine [raw sql] {}
2026-05-06 13:52:18,682 INFO sqlalchemy.engine.Engine BEGIN (implicit)
2026-05-06 13:52:18,682 INFO sqlalchemy.engine.Engine SELECT 1
2026-05-06 13:52:18,682 INFO sqlalchemy.engine.Engine [generated in 0.00008s] {}
2026-05-06 13:52:18,682 INFO sqlalchemy.engine.Engine ROLLBACK
2026-05-06 13:52:18.682 | INFO     | app.database:test_connection:49 - Database connection successful
2026-05-06 13:52:18.683 | INFO     | app.main:startup_event:59 - Database connection successful
INFO:     Application startup complete.
WARNING:  WatchFiles detected changes in 'app/services/video_processor.py'. Reloading...
INFO:     Shutting down
INFO:     Waiting for application shutdown.
2026-05-06 13:52:32.326 | INFO     | app.main:shutdown_event:69 - Shutting down TruyenFull Processor API...
INFO:     Application shutdown complete.
INFO:     Finished server process [423717]
2026-05-06 13:52:33.106 | INFO     | app.database:<module>:10 - Connecting to database: localhost:3307/truyenfull_db
INFO:     Started server process [423980]
INFO:     Waiting for application startup.
2026-05-06 13:52:33.493 | INFO     | app.main:startup_event:53 - Starting TruyenFull Processor API...
2026-05-06 13:52:33.494 | INFO     | app.main:startup_event:54 - Debug mode: True
2026-05-06 13:52:33.494 | INFO     | app.main:startup_event:55 - CORS origins: ['http://localhost:5173', 'http://localhost:3000']
2026-05-06 13:52:33,496 INFO sqlalchemy.engine.Engine SELECT DATABASE()
2026-05-06 13:52:33,496 INFO sqlalchemy.engine.Engine [raw sql] {}
2026-05-06 13:52:33,496 INFO sqlalchemy.engine.Engine SELECT @@sql_mode
2026-05-06 13:52:33,496 INFO sqlalchemy.engine.Engine [raw sql] {}
2026-05-06 13:52:33,497 INFO sqlalchemy.engine.Engine SELECT @@lower_case_table_names
2026-05-06 13:52:33,497 INFO sqlalchemy.engine.Engine [raw sql] {}
2026-05-06 13:52:33,497 INFO sqlalchemy.engine.Engine BEGIN (implicit)
2026-05-06 13:52:33,497 INFO sqlalchemy.engine.Engine SELECT 1
2026-05-06 13:52:33,498 INFO sqlalchemy.engine.Engine [generated in 0.00008s] {}
2026-05-06 13:52:33,498 INFO sqlalchemy.engine.Engine ROLLBACK
2026-05-06 13:52:33.498 | INFO     | app.database:test_connection:49 - Database connection successful
2026-05-06 13:52:33.498 | INFO     | app.main:startup_event:59 - Database connection successful
INFO:     Application startup complete.
WARNING:  WatchFiles detected changes in 'app/services/video_processor.py'. Reloading...
INFO:     Shutting down
INFO:     Waiting for application shutdown.
2026-05-06 13:52:39.211 | INFO     | app.main:shutdown_event:69 - Shutting down TruyenFull Processor API...
INFO:     Application shutdown complete.
INFO:     Finished server process [423980]
2026-05-06 13:52:39.993 | INFO     | app.database:<module>:10 - Connecting to database: localhost:3307/truyenfull_db
INFO:     Started server process [424091]
INFO:     Waiting for application startup.
2026-05-06 13:52:40.378 | INFO     | app.main:startup_event:53 - Starting TruyenFull Processor API...
2026-05-06 13:52:40.378 | INFO     | app.main:startup_event:54 - Debug mode: True
2026-05-06 13:52:40.379 | INFO     | app.main:startup_event:55 - CORS origins: ['http://localhost:5173', 'http://localhost:3000']
2026-05-06 13:52:40,381 INFO sqlalchemy.engine.Engine SELECT DATABASE()
2026-05-06 13:52:40,381 INFO sqlalchemy.engine.Engine [raw sql] {}
2026-05-06 13:52:40,381 INFO sqlalchemy.engine.Engine SELECT @@sql_mode
2026-05-06 13:52:40,381 INFO sqlalchemy.engine.Engine [raw sql] {}
2026-05-06 13:52:40,381 INFO sqlalchemy.engine.Engine SELECT @@lower_case_table_names
2026-05-06 13:52:40,382 INFO sqlalchemy.engine.Engine [raw sql] {}
2026-05-06 13:52:40,382 INFO sqlalchemy.engine.Engine BEGIN (implicit)
2026-05-06 13:52:40,382 INFO sqlalchemy.engine.Engine SELECT 1
2026-05-06 13:52:40,382 INFO sqlalchemy.engine.Engine [generated in 0.00007s] {}
2026-05-06 13:52:40,383 INFO sqlalchemy.engine.Engine ROLLBACK
2026-05-06 13:52:40.383 | INFO     | app.database:test_connection:49 - Database connection successful
2026-05-06 13:52:40.383 | INFO     | app.main:startup_event:59 - Database connection successful
INFO:     Application startup complete.
WARNING:  WatchFiles detected changes in 'app/services/video_processor.py'. Reloading...
INFO:     Shutting down
INFO:     Waiting for application shutdown.
2026-05-06 13:52:50.406 | INFO     | app.main:shutdown_event:69 - Shutting down TruyenFull Processor API...
INFO:     Application shutdown complete.
INFO:     Finished server process [424091]
2026-05-06 13:52:51.237 | INFO     | app.database:<module>:10 - Connecting to database: localhost:3307/truyenfull_db
INFO:     Started server process [424302]
INFO:     Waiting for application startup.
2026-05-06 13:52:51.653 | INFO     | app.main:startup_event:53 - Starting TruyenFull Processor API...
2026-05-06 13:52:51.653 | INFO     | app.main:startup_event:54 - Debug mode: True
2026-05-06 13:52:51.654 | INFO     | app.main:startup_event:55 - CORS origins: ['http://localhost:5173', 'http://localhost:3000']
2026-05-06 13:52:51,656 INFO sqlalchemy.engine.Engine SELECT DATABASE()
2026-05-06 13:52:51,656 INFO sqlalchemy.engine.Engine [raw sql] {}
2026-05-06 13:52:51,656 INFO sqlalchemy.engine.Engine SELECT @@sql_mode
2026-05-06 13:52:51,656 INFO sqlalchemy.engine.Engine [raw sql] {}
2026-05-06 13:52:51,656 INFO sqlalchemy.engine.Engine SELECT @@lower_case_table_names
2026-05-06 13:52:51,656 INFO sqlalchemy.engine.Engine [raw sql] {}
2026-05-06 13:52:51,657 INFO sqlalchemy.engine.Engine BEGIN (implicit)
2026-05-06 13:52:51,657 INFO sqlalchemy.engine.Engine SELECT 1
2026-05-06 13:52:51,657 INFO sqlalchemy.engine.Engine [generated in 0.00008s] {}
2026-05-06 13:52:51,657 INFO sqlalchemy.engine.Engine ROLLBACK
2026-05-06 13:52:51.658 | INFO     | app.database:test_connection:49 - Database connection successful
2026-05-06 13:52:51.658 | INFO     | app.main:startup_event:59 - Database connection successful
INFO:     Application startup complete.
WARNING:  WatchFiles detected changes in 'app/services/video_processor.py'. Reloading...
INFO:     Shutting down
INFO:     Waiting for application shutdown.
2026-05-06 13:53:04.486 | INFO     | app.main:shutdown_event:69 - Shutting down TruyenFull Processor API...
INFO:     Application shutdown complete.
INFO:     Finished server process [424302]
2026-05-06 13:53:05.300 | INFO     | app.database:<module>:10 - Connecting to database: localhost:3307/truyenfull_db
INFO:     Started server process [424505]
INFO:     Waiting for application startup.
2026-05-06 13:53:05.687 | INFO     | app.main:startup_event:53 - Starting TruyenFull Processor API...
2026-05-06 13:53:05.687 | INFO     | app.main:startup_event:54 - Debug mode: True
2026-05-06 13:53:05.687 | INFO     | app.main:startup_event:55 - CORS origins: ['http://localhost:5173', 'http://localhost:3000']
2026-05-06 13:53:05,689 INFO sqlalchemy.engine.Engine SELECT DATABASE()
2026-05-06 13:53:05,689 INFO sqlalchemy.engine.Engine [raw sql] {}
2026-05-06 13:53:05,690 INFO sqlalchemy.engine.Engine SELECT @@sql_mode
2026-05-06 13:53:05,690 INFO sqlalchemy.engine.Engine [raw sql] {}
2026-05-06 13:53:05,690 INFO sqlalchemy.engine.Engine SELECT @@lower_case_table_names
2026-05-06 13:53:05,690 INFO sqlalchemy.engine.Engine [raw sql] {}
2026-05-06 13:53:05,690 INFO sqlalchemy.engine.Engine BEGIN (implicit)
2026-05-06 13:53:05,691 INFO sqlalchemy.engine.Engine SELECT 1
2026-05-06 13:53:05,691 INFO sqlalchemy.engine.Engine [generated in 0.00008s] {}
2026-05-06 13:53:05,691 INFO sqlalchemy.engine.Engine ROLLBACK
2026-05-06 13:53:05.691 | INFO     | app.database:test_connection:49 - Database connection successful
2026-05-06 13:53:05.691 | INFO     | app.main:startup_event:59 - Database connection successful
INFO:     Application startup complete.
WARNING:  WatchFiles detected changes in 'app/services/video_processor.py'. Reloading...
INFO:     Shutting down
INFO:     Waiting for application shutdown.
2026-05-06 13:53:11.304 | INFO     | app.main:shutdown_event:69 - Shutting down TruyenFull Processor API...
INFO:     Application shutdown complete.
INFO:     Finished server process [424505]
2026-05-06 13:53:12.143 | INFO     | app.database:<module>:10 - Connecting to database: localhost:3307/truyenfull_db
INFO:     Started server process [424617]
INFO:     Waiting for application startup.
2026-05-06 13:53:12.563 | INFO     | app.main:startup_event:53 - Starting TruyenFull Processor API...
2026-05-06 13:53:12.563 | INFO     | app.main:startup_event:54 - Debug mode: True
2026-05-06 13:53:12.563 | INFO     | app.main:startup_event:55 - CORS origins: ['http://localhost:5173', 'http://localhost:3000']
2026-05-06 13:53:12,565 INFO sqlalchemy.engine.Engine SELECT DATABASE()
2026-05-06 13:53:12,565 INFO sqlalchemy.engine.Engine [raw sql] {}
2026-05-06 13:53:12,566 INFO sqlalchemy.engine.Engine SELECT @@sql_mode
2026-05-06 13:53:12,566 INFO sqlalchemy.engine.Engine [raw sql] {}
2026-05-06 13:53:12,566 INFO sqlalchemy.engine.Engine SELECT @@lower_case_table_names
2026-05-06 13:53:12,566 INFO sqlalchemy.engine.Engine [raw sql] {}
2026-05-06 13:53:12,567 INFO sqlalchemy.engine.Engine BEGIN (implicit)
2026-05-06 13:53:12,567 INFO sqlalchemy.engine.Engine SELECT 1
2026-05-06 13:53:12,567 INFO sqlalchemy.engine.Engine [generated in 0.00011s] {}
2026-05-06 13:53:12,567 INFO sqlalchemy.engine.Engine ROLLBACK
2026-05-06 13:53:12.568 | INFO     | app.database:test_connection:49 - Database connection successful
2026-05-06 13:53:12.568 | INFO     | app.main:startup_event:59 - Database connection successful
INFO:     Application startup complete.
WARNING:  WatchFiles detected changes in 'app/services/video_processor.py'. Reloading...
INFO:     Shutting down
INFO:     Waiting for application shutdown.
2026-05-06 13:53:22.589 | INFO     | app.main:shutdown_event:69 - Shutting down TruyenFull Processor API...
INFO:     Application shutdown complete.
INFO:     Finished server process [424617]
2026-05-06 13:53:23.348 | INFO     | app.database:<module>:10 - Connecting to database: localhost:3307/truyenfull_db
INFO:     Started server process [424833]
INFO:     Waiting for application startup.
2026-05-06 13:53:23.729 | INFO     | app.main:startup_event:53 - Starting TruyenFull Processor API...
2026-05-06 13:53:23.729 | INFO     | app.main:startup_event:54 - Debug mode: True
2026-05-06 13:53:23.730 | INFO     | app.main:startup_event:55 - CORS origins: ['http://localhost:5173', 'http://localhost:3000']
2026-05-06 13:53:23,731 INFO sqlalchemy.engine.Engine SELECT DATABASE()
2026-05-06 13:53:23,732 INFO sqlalchemy.engine.Engine [raw sql] {}
2026-05-06 13:53:23,732 INFO sqlalchemy.engine.Engine SELECT @@sql_mode
2026-05-06 13:53:23,732 INFO sqlalchemy.engine.Engine [raw sql] {}
2026-05-06 13:53:23,732 INFO sqlalchemy.engine.Engine SELECT @@lower_case_table_names
2026-05-06 13:53:23,732 INFO sqlalchemy.engine.Engine [raw sql] {}
2026-05-06 13:53:23,733 INFO sqlalchemy.engine.Engine BEGIN (implicit)
2026-05-06 13:53:23,733 INFO sqlalchemy.engine.Engine SELECT 1
2026-05-06 13:53:23,733 INFO sqlalchemy.engine.Engine [generated in 0.00008s] {}
2026-05-06 13:53:23,733 INFO sqlalchemy.engine.Engine ROLLBACK
2026-05-06 13:53:23.734 | INFO     | app.database:test_connection:49 - Database connection successful
2026-05-06 13:53:23.734 | INFO     | app.main:startup_event:59 - Database connection successful
INFO:     Application startup complete.
WARNING:  WatchFiles detected changes in 'app/services/video_processor.py'. Reloading...
INFO:     Shutting down
INFO:     Waiting for application shutdown.
2026-05-06 13:53:31.850 | INFO     | app.main:shutdown_event:69 - Shutting down TruyenFull Processor API...
INFO:     Application shutdown complete.
INFO:     Finished server process [424833]
2026-05-06 13:53:32.678 | INFO     | app.database:<module>:10 - Connecting to database: localhost:3307/truyenfull_db
INFO:     Started server process [424968]
INFO:     Waiting for application startup.
2026-05-06 13:53:33.087 | INFO     | app.main:startup_event:53 - Starting TruyenFull Processor API...
2026-05-06 13:53:33.087 | INFO     | app.main:startup_event:54 - Debug mode: True
2026-05-06 13:53:33.087 | INFO     | app.main:startup_event:55 - CORS origins: ['http://localhost:5173', 'http://localhost:3000']
2026-05-06 13:53:33,089 INFO sqlalchemy.engine.Engine SELECT DATABASE()
2026-05-06 13:53:33,090 INFO sqlalchemy.engine.Engine [raw sql] {}
2026-05-06 13:53:33,090 INFO sqlalchemy.engine.Engine SELECT @@sql_mode
2026-05-06 13:53:33,090 INFO sqlalchemy.engine.Engine [raw sql] {}
2026-05-06 13:53:33,090 INFO sqlalchemy.engine.Engine SELECT @@lower_case_table_names
2026-05-06 13:53:33,090 INFO sqlalchemy.engine.Engine [raw sql] {}
2026-05-06 13:53:33,091 INFO sqlalchemy.engine.Engine BEGIN (implicit)
2026-05-06 13:53:33,091 INFO sqlalchemy.engine.Engine SELECT 1
2026-05-06 13:53:33,091 INFO sqlalchemy.engine.Engine [generated in 0.00011s] {}
2026-05-06 13:53:33,092 INFO sqlalchemy.engine.Engine ROLLBACK
2026-05-06 13:53:33.092 | INFO     | app.database:test_connection:49 - Database connection successful
2026-05-06 13:53:33.092 | INFO     | app.main:startup_event:59 - Database connection successful
INFO:     Application startup complete.
WARNING:  WatchFiles detected changes in 'app/services/video_processor.py'. Reloading...
INFO:     Shutting down
INFO:     Waiting for application shutdown.
2026-05-06 13:53:41.210 | INFO     | app.main:shutdown_event:69 - Shutting down TruyenFull Processor API...
INFO:     Application shutdown complete.
INFO:     Finished server process [424968]
2026-05-06 13:53:42.122 | INFO     | app.database:<module>:10 - Connecting to database: localhost:3307/truyenfull_db
INFO:     Started server process [425160]
INFO:     Waiting for application startup.
2026-05-06 13:53:42.642 | INFO     | app.main:startup_event:53 - Starting TruyenFull Processor API...
2026-05-06 13:53:42.642 | INFO     | app.main:startup_event:54 - Debug mode: True
2026-05-06 13:53:42.642 | INFO     | app.main:startup_event:55 - CORS origins: ['http://localhost:5173', 'http://localhost:3000']
2026-05-06 13:53:42,647 INFO sqlalchemy.engine.Engine SELECT DATABASE()
2026-05-06 13:53:42,648 INFO sqlalchemy.engine.Engine [raw sql] {}
2026-05-06 13:53:42,648 INFO sqlalchemy.engine.Engine SELECT @@sql_mode
2026-05-06 13:53:42,648 INFO sqlalchemy.engine.Engine [raw sql] {}
2026-05-06 13:53:42,649 INFO sqlalchemy.engine.Engine SELECT @@lower_case_table_names
2026-05-06 13:53:42,649 INFO sqlalchemy.engine.Engine [raw sql] {}
2026-05-06 13:53:42,650 INFO sqlalchemy.engine.Engine BEGIN (implicit)
2026-05-06 13:53:42,650 INFO sqlalchemy.engine.Engine SELECT 1
2026-05-06 13:53:42,650 INFO sqlalchemy.engine.Engine [generated in 0.00011s] {}
2026-05-06 13:53:42,650 INFO sqlalchemy.engine.Engine ROLLBACK
2026-05-06 13:53:42.651 | INFO     | app.database:test_connection:49 - Database connection successful
2026-05-06 13:53:42.651 | INFO     | app.main:startup_event:59 - Database connection successful
INFO:     Application startup complete.
WARNING:  WatchFiles detected changes in 'app/services/video_processor.py'. Reloading...
INFO:     Shutting down
INFO:     Waiting for application shutdown.
2026-05-06 13:53:49.562 | INFO     | app.main:shutdown_event:69 - Shutting down TruyenFull Processor API...
INFO:     Application shutdown complete.
INFO:     Finished server process [425160]
2026-05-06 13:53:50.488 | INFO     | app.database:<module>:10 - Connecting to database: localhost:3307/truyenfull_db
INFO:     Started server process [425348]
INFO:     Waiting for application startup.
2026-05-06 13:53:50.904 | INFO     | app.main:startup_event:53 - Starting TruyenFull Processor API...
2026-05-06 13:53:50.904 | INFO     | app.main:startup_event:54 - Debug mode: True
2026-05-06 13:53:50.904 | INFO     | app.main:startup_event:55 - CORS origins: ['http://localhost:5173', 'http://localhost:3000']
2026-05-06 13:53:50,906 INFO sqlalchemy.engine.Engine SELECT DATABASE()
2026-05-06 13:53:50,906 INFO sqlalchemy.engine.Engine [raw sql] {}
2026-05-06 13:53:50,907 INFO sqlalchemy.engine.Engine SELECT @@sql_mode
2026-05-06 13:53:50,907 INFO sqlalchemy.engine.Engine [raw sql] {}
2026-05-06 13:53:50,907 INFO sqlalchemy.engine.Engine SELECT @@lower_case_table_names
2026-05-06 13:53:50,907 INFO sqlalchemy.engine.Engine [raw sql] {}
2026-05-06 13:53:50,908 INFO sqlalchemy.engine.Engine BEGIN (implicit)
2026-05-06 13:53:50,908 INFO sqlalchemy.engine.Engine SELECT 1
2026-05-06 13:53:50,908 INFO sqlalchemy.engine.Engine [generated in 0.00010s] {}
2026-05-06 13:53:50,909 INFO sqlalchemy.engine.Engine ROLLBACK
2026-05-06 13:53:50.909 | INFO     | app.database:test_connection:49 - Database connection successful
2026-05-06 13:53:50.909 | INFO     | app.main:startup_event:59 - Database connection successful
INFO:     Application startup complete.
WARNING:  WatchFiles detected changes in 'app/workers/video_worker.py'. Reloading...
INFO:     Shutting down
INFO:     Waiting for application shutdown.
2026-05-06 13:53:59.326 | INFO     | app.main:shutdown_event:69 - Shutting down TruyenFull Processor API...
INFO:     Application shutdown complete.
INFO:     Finished server process [425348]
2026-05-06 13:54:00.145 | INFO     | app.database:<module>:10 - Connecting to database: localhost:3307/truyenfull_db
INFO:     Started server process [425553]
INFO:     Waiting for application startup.
2026-05-06 13:54:00.561 | INFO     | app.main:startup_event:53 - Starting TruyenFull Processor API...
2026-05-06 13:54:00.561 | INFO     | app.main:startup_event:54 - Debug mode: True
2026-05-06 13:54:00.561 | INFO     | app.main:startup_event:55 - CORS origins: ['http://localhost:5173', 'http://localhost:3000']
2026-05-06 13:54:00,563 INFO sqlalchemy.engine.Engine SELECT DATABASE()
2026-05-06 13:54:00,563 INFO sqlalchemy.engine.Engine [raw sql] {}
2026-05-06 13:54:00,564 INFO sqlalchemy.engine.Engine SELECT @@sql_mode
2026-05-06 13:54:00,564 INFO sqlalchemy.engine.Engine [raw sql] {}
2026-05-06 13:54:00,564 INFO sqlalchemy.engine.Engine SELECT @@lower_case_table_names
2026-05-06 13:54:00,564 INFO sqlalchemy.engine.Engine [raw sql] {}
2026-05-06 13:54:00,565 INFO sqlalchemy.engine.Engine BEGIN (implicit)
2026-05-06 13:54:00,565 INFO sqlalchemy.engine.Engine SELECT 1
2026-05-06 13:54:00,565 INFO sqlalchemy.engine.Engine [generated in 0.00008s] {}
2026-05-06 13:54:00,565 INFO sqlalchemy.engine.Engine ROLLBACK
2026-05-06 13:54:00.566 | INFO     | app.database:test_connection:49 - Database connection successful
2026-05-06 13:54:00.566 | INFO     | app.main:startup_event:59 - Database connection successful
INFO:     Application startup complete.
WARNING:  WatchFiles detected changes in 'app/workers/video_worker.py'. Reloading...
INFO:     Shutting down
INFO:     Waiting for application shutdown.
2026-05-06 13:54:07.377 | INFO     | app.main:shutdown_event:69 - Shutting down TruyenFull Processor API...
INFO:     Application shutdown complete.
INFO:     Finished server process [425553]
2026-05-06 13:54:08.182 | INFO     | app.database:<module>:10 - Connecting to database: localhost:3307/truyenfull_db
INFO:     Started server process [425690]
INFO:     Waiting for application startup.
2026-05-06 13:54:08.577 | INFO     | app.main:startup_event:53 - Starting TruyenFull Processor API...
2026-05-06 13:54:08.577 | INFO     | app.main:startup_event:54 - Debug mode: True
2026-05-06 13:54:08.577 | INFO     | app.main:startup_event:55 - CORS origins: ['http://localhost:5173', 'http://localhost:3000']
2026-05-06 13:54:08,579 INFO sqlalchemy.engine.Engine SELECT DATABASE()
2026-05-06 13:54:08,579 INFO sqlalchemy.engine.Engine [raw sql] {}
2026-05-06 13:54:08,580 INFO sqlalchemy.engine.Engine SELECT @@sql_mode
2026-05-06 13:54:08,580 INFO sqlalchemy.engine.Engine [raw sql] {}
2026-05-06 13:54:08,580 INFO sqlalchemy.engine.Engine SELECT @@lower_case_table_names
2026-05-06 13:54:08,580 INFO sqlalchemy.engine.Engine [raw sql] {}
2026-05-06 13:54:08,581 INFO sqlalchemy.engine.Engine BEGIN (implicit)
2026-05-06 13:54:08,581 INFO sqlalchemy.engine.Engine SELECT 1
2026-05-06 13:54:08,581 INFO sqlalchemy.engine.Engine [generated in 0.00012s] {}
2026-05-06 13:54:08,582 INFO sqlalchemy.engine.Engine ROLLBACK
2026-05-06 13:54:08.582 | INFO     | app.database:test_connection:49 - Database connection successful
2026-05-06 13:54:08.582 | INFO     | app.main:startup_event:59 - Database connection successful
INFO:     Application startup complete.
WARNING:  WatchFiles detected changes in 'app/api/video.py'. Reloading...
INFO:     Shutting down
INFO:     Waiting for application shutdown.
2026-05-06 13:54:15.096 | INFO     | app.main:shutdown_event:69 - Shutting down TruyenFull Processor API...
INFO:     Application shutdown complete.
INFO:     Finished server process [425690]
2026-05-06 13:54:16.045 | INFO     | app.database:<module>:10 - Connecting to database: localhost:3307/truyenfull_db
INFO:     Started server process [425897]
INFO:     Waiting for application startup.
2026-05-06 13:54:16.474 | INFO     | app.main:startup_event:53 - Starting TruyenFull Processor API...
2026-05-06 13:54:16.474 | INFO     | app.main:startup_event:54 - Debug mode: True
2026-05-06 13:54:16.475 | INFO     | app.main:startup_event:55 - CORS origins: ['http://localhost:5173', 'http://localhost:3000']
2026-05-06 13:54:16,477 INFO sqlalchemy.engine.Engine SELECT DATABASE()
2026-05-06 13:54:16,477 INFO sqlalchemy.engine.Engine [raw sql] {}
2026-05-06 13:54:16,477 INFO sqlalchemy.engine.Engine SELECT @@sql_mode
2026-05-06 13:54:16,477 INFO sqlalchemy.engine.Engine [raw sql] {}
2026-05-06 13:54:16,477 INFO sqlalchemy.engine.Engine SELECT @@lower_case_table_names
2026-05-06 13:54:16,478 INFO sqlalchemy.engine.Engine [raw sql] {}
2026-05-06 13:54:16,478 INFO sqlalchemy.engine.Engine BEGIN (implicit)
2026-05-06 13:54:16,478 INFO sqlalchemy.engine.Engine SELECT 1
2026-05-06 13:54:16,478 INFO sqlalchemy.engine.Engine [generated in 0.00008s] {}
2026-05-06 13:54:16,479 INFO sqlalchemy.engine.Engine ROLLBACK
2026-05-06 13:54:16.479 | INFO     | app.database:test_connection:49 - Database connection successful
2026-05-06 13:54:16.479 | INFO     | app.main:startup_event:59 - Database connection successful
INFO:     Application startup complete.
INFO:     127.0.0.1:36932 - "GET /api/v1/video/fonts HTTP/1.1" 200 OK
INFO:     127.0.0.1:36946 - "GET /api/v1/video/sample-clip?folder=%2Fhome%2Fduoclv%2FDownloads%2Ftemp-20260506T015716Z-3-001%2Ftemp%2Frandom_50min_20260419_210319 HTTP/1.1" 200 OK
INFO:     127.0.0.1:36978 - "GET /api/v1/video/fonts HTTP/1.1" 200 OK
INFO:     127.0.0.1:36988 - "GET /api/v1/video/sample-clip?folder=%2Fhome%2Fduoclv%2FDownloads%2Ftemp-20260506T015716Z-3-001%2Ftemp%2Frandom_50min_20260419_210319 HTTP/1.1" 200 OK
2026-05-06 13:54:48,845 INFO sqlalchemy.engine.Engine BEGIN (implicit)
2026-05-06 13:54:48,848 INFO sqlalchemy.engine.Engine SELECT stories.id AS stories_id, stories.title AS stories_title, stories.url AS stories_url, stories.author AS stories_author, stories.total_chapters AS stories_total_chapters, stories.start_chapter AS stories_start_chapter, stories.end_chapter AS stories_end_chapter, stories.custom_chapter_urls AS stories_custom_chapter_urls, stories.status AS stories_status, stories.current_step AS stories_current_step, stories.is_favorite AS stories_is_favorite, stories.merged_content AS stories_merged_content, stories.created_at AS stories_created_at, stories.updated_at AS stories_updated_at 
FROM stories 
WHERE stories.id = %(id_1)s 
 LIMIT %(param_1)s
2026-05-06 13:54:48,848 INFO sqlalchemy.engine.Engine [generated in 0.00019s] {'id_1': '2f846d20-9d22-4e0b-8945-a010a5a48bb8', 'param_1': 1}
2026-05-06 13:54:48,852 INFO sqlalchemy.engine.Engine BEGIN (implicit)
2026-05-06 13:54:48,853 INFO sqlalchemy.engine.Engine SELECT voices.id AS voices_id, voices.code AS voices_code, voices.name AS voices_name, voices.gender AS voices_gender, voices.locale AS voices_locale, voices.category AS voices_category, voices.description AS voices_description, voices.demo_url AS voices_demo_url, voices.is_active AS voices_is_active, voices.`rank` AS voices_rank, voices.created_at AS voices_created_at 
FROM voices 
WHERE voices.is_active = true ORDER BY voices.`rank`
2026-05-06 13:54:48,853 INFO sqlalchemy.engine.Engine [generated in 0.00016s] {}
2026-05-06 13:54:48.855 | INFO     | app.api.tts:list_voices:87 - Retrieved 14 voices from database
2026-05-06 13:54:48,855 INFO sqlalchemy.engine.Engine ROLLBACK
2026-05-06 13:54:48,856 INFO sqlalchemy.engine.Engine ROLLBACK
INFO:     127.0.0.1:36966 - "GET /api/v1/tts/voices HTTP/1.1" 200 OK
INFO:     127.0.0.1:36956 - "GET /api/v1/stories/2f846d20-9d22-4e0b-8945-a010a5a48bb8 HTTP/1.1" 200 OK
2026-05-06 13:54:48,864 INFO sqlalchemy.engine.Engine BEGIN (implicit)
2026-05-06 13:54:48,864 INFO sqlalchemy.engine.Engine SELECT voices.id AS voices_id, voices.code AS voices_code, voices.name AS voices_name, voices.gender AS voices_gender, voices.locale AS voices_locale, voices.category AS voices_category, voices.description AS voices_description, voices.demo_url AS voices_demo_url, voices.is_active AS voices_is_active, voices.`rank` AS voices_rank, voices.created_at AS voices_created_at 
FROM voices 
WHERE voices.is_active = true ORDER BY voices.`rank`
2026-05-06 13:54:48,864 INFO sqlalchemy.engine.Engine [cached since 0.0113s ago] {}
2026-05-06 13:54:48.865 | INFO     | app.api.tts:list_voices:87 - Retrieved 14 voices from database
2026-05-06 13:54:48,867 INFO sqlalchemy.engine.Engine BEGIN (implicit)
2026-05-06 13:54:48,867 INFO sqlalchemy.engine.Engine SELECT stories.id AS stories_id, stories.title AS stories_title, stories.url AS stories_url, stories.author AS stories_author, stories.total_chapters AS stories_total_chapters, stories.start_chapter AS stories_start_chapter, stories.end_chapter AS stories_end_chapter, stories.custom_chapter_urls AS stories_custom_chapter_urls, stories.status AS stories_status, stories.current_step AS stories_current_step, stories.is_favorite AS stories_is_favorite, stories.merged_content AS stories_merged_content, stories.created_at AS stories_created_at, stories.updated_at AS stories_updated_at 
FROM stories 
WHERE stories.id = %(id_1)s 
 LIMIT %(param_1)s
2026-05-06 13:54:48,867 INFO sqlalchemy.engine.Engine [cached since 0.01901s ago] {'id_1': '2f846d20-9d22-4e0b-8945-a010a5a48bb8', 'param_1': 1}
2026-05-06 13:54:48,869 INFO sqlalchemy.engine.Engine ROLLBACK
2026-05-06 13:54:48,869 INFO sqlalchemy.engine.Engine ROLLBACK
2026-05-06 13:54:48,871 INFO sqlalchemy.engine.Engine BEGIN (implicit)
2026-05-06 13:54:48,872 INFO sqlalchemy.engine.Engine SELECT chapters.id AS chapters_id, chapters.story_id AS chapters_story_id, chapters.chapter_number AS chapters_chapter_number, chapters.title AS chapters_title, chapters.content AS chapters_content, chapters.char_count AS chapters_char_count, chapters.has_censored_words AS chapters_has_censored_words, chapters.censored_count AS chapters_censored_count, chapters.status AS chapters_status, chapters.created_at AS chapters_created_at, chapters.updated_at AS chapters_updated_at 
FROM chapters 
WHERE chapters.story_id = %(story_id_1)s ORDER BY chapters.chapter_number
2026-05-06 13:54:48,872 INFO sqlalchemy.engine.Engine [generated in 0.00017s] {'story_id_1': '2f846d20-9d22-4e0b-8945-a010a5a48bb8'}
INFO:     127.0.0.1:37002 - "GET /api/v1/tts/voices HTTP/1.1" 200 OK
INFO:     127.0.0.1:37016 - "GET /api/v1/stories/2f846d20-9d22-4e0b-8945-a010a5a48bb8 HTTP/1.1" 200 OK
2026-05-06 13:54:48,878 INFO sqlalchemy.engine.Engine ROLLBACK
INFO:     127.0.0.1:37030 - "GET /api/v1/stories/2f846d20-9d22-4e0b-8945-a010a5a48bb8/chapters HTTP/1.1" 200 OK
2026-05-06 13:54:48,890 INFO sqlalchemy.engine.Engine BEGIN (implicit)
2026-05-06 13:54:48,890 INFO sqlalchemy.engine.Engine SELECT chapters.id AS chapters_id, chapters.story_id AS chapters_story_id, chapters.chapter_number AS chapters_chapter_number, chapters.title AS chapters_title, chapters.content AS chapters_content, chapters.char_count AS chapters_char_count, chapters.has_censored_words AS chapters_has_censored_words, chapters.censored_count AS chapters_censored_count, chapters.status AS chapters_status, chapters.created_at AS chapters_created_at, chapters.updated_at AS chapters_updated_at 
FROM chapters 
WHERE chapters.story_id = %(story_id_1)s ORDER BY chapters.chapter_number
2026-05-06 13:54:48,890 INFO sqlalchemy.engine.Engine [cached since 0.01825s ago] {'story_id_1': '2f846d20-9d22-4e0b-8945-a010a5a48bb8'}
2026-05-06 13:54:48,895 INFO sqlalchemy.engine.Engine ROLLBACK
2026-05-06 13:54:48,895 INFO sqlalchemy.engine.Engine BEGIN (implicit)
2026-05-06 13:54:48,897 INFO sqlalchemy.engine.Engine SELECT chapters.id AS chapters_id, chapters.story_id AS chapters_story_id, chapters.chapter_number AS chapters_chapter_number, chapters.title AS chapters_title, chapters.content AS chapters_content, chapters.char_count AS chapters_char_count, chapters.has_censored_words AS chapters_has_censored_words, chapters.censored_count AS chapters_censored_count, chapters.status AS chapters_status, chapters.created_at AS chapters_created_at, chapters.updated_at AS chapters_updated_at 
FROM chapters 
WHERE chapters.story_id = %(story_id_1)s
2026-05-06 13:54:48,897 INFO sqlalchemy.engine.Engine [generated in 0.00033s] {'story_id_1': '2f846d20-9d22-4e0b-8945-a010a5a48bb8'}
INFO:     127.0.0.1:37034 - "GET /api/v1/stories/2f846d20-9d22-4e0b-8945-a010a5a48bb8/chapters HTTP/1.1" 200 OK
2026-05-06 13:54:48,899 INFO sqlalchemy.engine.Engine ROLLBACK
INFO:     127.0.0.1:37040 - "GET /api/v1/chapters/story/2f846d20-9d22-4e0b-8945-a010a5a48bb8/stats HTTP/1.1" 200 OK
2026-05-06 13:54:48,932 INFO sqlalchemy.engine.Engine BEGIN (implicit)
2026-05-06 13:54:48,932 INFO sqlalchemy.engine.Engine SELECT chapters.id AS chapters_id, chapters.story_id AS chapters_story_id, chapters.chapter_number AS chapters_chapter_number, chapters.title AS chapters_title, chapters.content AS chapters_content, chapters.char_count AS chapters_char_count, chapters.has_censored_words AS chapters_has_censored_words, chapters.censored_count AS chapters_censored_count, chapters.status AS chapters_status, chapters.created_at AS chapters_created_at, chapters.updated_at AS chapters_updated_at 
FROM chapters 
WHERE chapters.story_id = %(story_id_1)s
2026-05-06 13:54:48,932 INFO sqlalchemy.engine.Engine [cached since 0.03583s ago] {'story_id_1': '2f846d20-9d22-4e0b-8945-a010a5a48bb8'}
2026-05-06 13:54:48,936 INFO sqlalchemy.engine.Engine ROLLBACK
2026-05-06 13:54:48,938 INFO sqlalchemy.engine.Engine BEGIN (implicit)
2026-05-06 13:54:48,942 INFO sqlalchemy.engine.Engine SELECT merged_audio.id AS merged_audio_id, merged_audio.story_id AS merged_audio_story_id, merged_audio.file_path AS merged_audio_file_path, merged_audio.file_size AS merged_audio_file_size, merged_audio.duration AS merged_audio_duration, merged_audio.format AS merged_audio_format, merged_audio.total_chapters AS merged_audio_total_chapters, merged_audio.created_at AS merged_audio_created_at 
FROM merged_audio 
WHERE merged_audio.story_id = %(story_id_1)s ORDER BY merged_audio.created_at DESC 
 LIMIT %(param_1)s
2026-05-06 13:54:48,942 INFO sqlalchemy.engine.Engine [generated in 0.00030s] {'story_id_1': '2f846d20-9d22-4e0b-8945-a010a5a48bb8', 'param_1': 1}
INFO:     127.0.0.1:37054 - "GET /api/v1/chapters/story/2f846d20-9d22-4e0b-8945-a010a5a48bb8/stats HTTP/1.1" 200 OK
2026-05-06 13:54:48,944 INFO sqlalchemy.engine.Engine ROLLBACK
INFO:     127.0.0.1:37064 - "GET /api/v1/video/audio-path/2f846d20-9d22-4e0b-8945-a010a5a48bb8 HTTP/1.1" 200 OK
2026-05-06 13:54:48,964 INFO sqlalchemy.engine.Engine BEGIN (implicit)
2026-05-06 13:54:48,965 INFO sqlalchemy.engine.Engine SELECT merged_audio.id AS merged_audio_id, merged_audio.story_id AS merged_audio_story_id, merged_audio.file_path AS merged_audio_file_path, merged_audio.file_size AS merged_audio_file_size, merged_audio.duration AS merged_audio_duration, merged_audio.format AS merged_audio_format, merged_audio.total_chapters AS merged_audio_total_chapters, merged_audio.created_at AS merged_audio_created_at 
FROM merged_audio 
WHERE merged_audio.story_id = %(story_id_1)s ORDER BY merged_audio.created_at DESC 
 LIMIT %(param_1)s
2026-05-06 13:54:48,965 INFO sqlalchemy.engine.Engine [cached since 0.02361s ago] {'story_id_1': '2f846d20-9d22-4e0b-8945-a010a5a48bb8', 'param_1': 1}
2026-05-06 13:54:48,968 INFO sqlalchemy.engine.Engine ROLLBACK
2026-05-06 13:54:48,970 INFO sqlalchemy.engine.Engine BEGIN (implicit)
2026-05-06 13:54:48,973 INFO sqlalchemy.engine.Engine SELECT video_outputs.id AS video_outputs_id, video_outputs.story_id AS video_outputs_story_id, video_outputs.audio_source_path AS video_outputs_audio_source_path, video_outputs.video_source_folder AS video_outputs_video_source_folder, video_outputs.output_path AS video_outputs_output_path, video_outputs.file_size AS video_outputs_file_size, video_outputs.duration AS video_outputs_duration, video_outputs.audio_speed AS video_outputs_audio_speed, video_outputs.transition_effect AS video_outputs_transition_effect, video_outputs.transition_duration AS video_outputs_transition_duration, video_outputs.resolution AS video_outputs_resolution, video_outputs.status AS video_outputs_status, video_outputs.error_message AS video_outputs_error_message, video_outputs.created_at AS video_outputs_created_at, video_outputs.updated_at AS video_outputs_updated_at 
FROM video_outputs 
WHERE video_outputs.story_id = %(story_id_1)s ORDER BY video_outputs.created_at DESC 
 LIMIT %(param_1)s
2026-05-06 13:54:48,973 INFO sqlalchemy.engine.Engine [generated in 0.00027s] {'story_id_1': '2f846d20-9d22-4e0b-8945-a010a5a48bb8', 'param_1': 1}
INFO:     127.0.0.1:37070 - "GET /api/v1/video/audio-path/2f846d20-9d22-4e0b-8945-a010a5a48bb8 HTTP/1.1" 200 OK
2026-05-06 13:54:48,977 INFO sqlalchemy.engine.Engine ROLLBACK
INFO:     127.0.0.1:37086 - "GET /api/v1/video/result/2f846d20-9d22-4e0b-8945-a010a5a48bb8 HTTP/1.1" 404 Not Found
2026-05-06 13:54:48,999 INFO sqlalchemy.engine.Engine BEGIN (implicit)
2026-05-06 13:54:48,999 INFO sqlalchemy.engine.Engine SELECT video_outputs.id AS video_outputs_id, video_outputs.story_id AS video_outputs_story_id, video_outputs.audio_source_path AS video_outputs_audio_source_path, video_outputs.video_source_folder AS video_outputs_video_source_folder, video_outputs.output_path AS video_outputs_output_path, video_outputs.file_size AS video_outputs_file_size, video_outputs.duration AS video_outputs_duration, video_outputs.audio_speed AS video_outputs_audio_speed, video_outputs.transition_effect AS video_outputs_transition_effect, video_outputs.transition_duration AS video_outputs_transition_duration, video_outputs.resolution AS video_outputs_resolution, video_outputs.status AS video_outputs_status, video_outputs.error_message AS video_outputs_error_message, video_outputs.created_at AS video_outputs_created_at, video_outputs.updated_at AS video_outputs_updated_at 
FROM video_outputs 
WHERE video_outputs.story_id = %(story_id_1)s ORDER BY video_outputs.created_at DESC 
 LIMIT %(param_1)s
2026-05-06 13:54:48,999 INFO sqlalchemy.engine.Engine [cached since 0.0263s ago] {'story_id_1': '2f846d20-9d22-4e0b-8945-a010a5a48bb8', 'param_1': 1}
2026-05-06 13:54:49,003 INFO sqlalchemy.engine.Engine ROLLBACK
INFO:     127.0.0.1:37096 - "GET /api/v1/video/result/2f846d20-9d22-4e0b-8945-a010a5a48bb8 HTTP/1.1" 404 Not Found
2026-05-06 13:54:49.349 | INFO     | app.services.video_processor:__init__:42 - NVENC GPU encoding available (h264_nvenc)
INFO:     127.0.0.1:37112 - "GET /api/v1/video/audio-duration?path=storage%2Faudio%2FStory_20260421_133734%2Fmerged_audio.mp3 HTTP/1.1" 200 OK
INFO:     127.0.0.1:37128 - "GET /api/v1/video/fonts HTTP/1.1" 200 OK
INFO:     127.0.0.1:37138 - "GET /api/v1/video/sample-clip?folder=%2Fhome%2Fduoclv%2FDownloads%2Ftemp-20260506T015716Z-3-001%2Ftemp%2Frandom_50min_20260419_210319 HTTP/1.1" 200 OK
2026-05-06 13:54:55,817 INFO sqlalchemy.engine.Engine BEGIN (implicit)
2026-05-06 13:54:55,817 INFO sqlalchemy.engine.Engine SELECT voices.id AS voices_id, voices.code AS voices_code, voices.name AS voices_name, voices.gender AS voices_gender, voices.locale AS voices_locale, voices.category AS voices_category, voices.description AS voices_description, voices.demo_url AS voices_demo_url, voices.is_active AS voices_is_active, voices.`rank` AS voices_rank, voices.created_at AS voices_created_at 
FROM voices 
WHERE voices.is_active = true ORDER BY voices.`rank`
2026-05-06 13:54:55,817 INFO sqlalchemy.engine.Engine [cached since 6.964s ago] {}
2026-05-06 13:54:55.819 | INFO     | app.api.tts:list_voices:87 - Retrieved 14 voices from database
2026-05-06 13:54:55,820 INFO sqlalchemy.engine.Engine BEGIN (implicit)
2026-05-06 13:54:55,821 INFO sqlalchemy.engine.Engine SELECT stories.id AS stories_id, stories.title AS stories_title, stories.url AS stories_url, stories.author AS stories_author, stories.total_chapters AS stories_total_chapters, stories.start_chapter AS stories_start_chapter, stories.end_chapter AS stories_end_chapter, stories.custom_chapter_urls AS stories_custom_chapter_urls, stories.status AS stories_status, stories.current_step AS stories_current_step, stories.is_favorite AS stories_is_favorite, stories.merged_content AS stories_merged_content, stories.created_at AS stories_created_at, stories.updated_at AS stories_updated_at 
FROM stories 
WHERE stories.id = %(id_1)s 
 LIMIT %(param_1)s
2026-05-06 13:54:55,821 INFO sqlalchemy.engine.Engine [cached since 6.973s ago] {'id_1': '2f846d20-9d22-4e0b-8945-a010a5a48bb8', 'param_1': 1}
2026-05-06 13:54:55,823 INFO sqlalchemy.engine.Engine ROLLBACK
2026-05-06 13:54:55,823 INFO sqlalchemy.engine.Engine ROLLBACK
INFO:     127.0.0.1:37166 - "GET /api/v1/tts/voices HTTP/1.1" 200 OK
INFO:     127.0.0.1:37150 - "GET /api/v1/stories/2f846d20-9d22-4e0b-8945-a010a5a48bb8 HTTP/1.1" 200 OK
2026-05-06 13:54:55,836 INFO sqlalchemy.engine.Engine BEGIN (implicit)
2026-05-06 13:54:55,836 INFO sqlalchemy.engine.Engine SELECT chapters.id AS chapters_id, chapters.story_id AS chapters_story_id, chapters.chapter_number AS chapters_chapter_number, chapters.title AS chapters_title, chapters.content AS chapters_content, chapters.char_count AS chapters_char_count, chapters.has_censored_words AS chapters_has_censored_words, chapters.censored_count AS chapters_censored_count, chapters.status AS chapters_status, chapters.created_at AS chapters_created_at, chapters.updated_at AS chapters_updated_at 
FROM chapters 
WHERE chapters.story_id = %(story_id_1)s ORDER BY chapters.chapter_number
2026-05-06 13:54:55,836 INFO sqlalchemy.engine.Engine [cached since 6.964s ago] {'story_id_1': '2f846d20-9d22-4e0b-8945-a010a5a48bb8'}
2026-05-06 13:54:55,840 INFO sqlalchemy.engine.Engine ROLLBACK
INFO:     127.0.0.1:37168 - "GET /api/v1/stories/2f846d20-9d22-4e0b-8945-a010a5a48bb8/chapters HTTP/1.1" 200 OK
INFO:     127.0.0.1:37176 - "GET /api/v1/video/preview-video?path=%2Fhome%2Fduoclv%2FDownloads%2Ftemp-20260506T015716Z-3-001%2Ftemp%2Frandom_50min_20260419_210319%2F0053_2023-12-29_3x575bzygrzd3ca_%23%E4%B8%80%E8%B5%B7%E5%AD%A6%E7%94%BB%E7%94%BB%20%23%E6%96%B0%E7%9F%A5%E5%88%9B%E4%BD%9C%E4%BA%BA%20%23%E9%9B%B6%E5%9F%BA%E7%A1%80%E5%AD%A6%E7%94%BB%E7%94%BB.mp4 HTTP/1.1" 200 OK
2026-05-06 13:54:55,852 INFO sqlalchemy.engine.Engine BEGIN (implicit)
2026-05-06 13:54:55,853 INFO sqlalchemy.engine.Engine SELECT chapters.id AS chapters_id, chapters.story_id AS chapters_story_id, chapters.chapter_number AS chapters_chapter_number, chapters.title AS chapters_title, chapters.content AS chapters_content, chapters.char_count AS chapters_char_count, chapters.has_censored_words AS chapters_has_censored_words, chapters.censored_count AS chapters_censored_count, chapters.status AS chapters_status, chapters.created_at AS chapters_created_at, chapters.updated_at AS chapters_updated_at 
FROM chapters 
WHERE chapters.story_id = %(story_id_1)s
2026-05-06 13:54:55,853 INFO sqlalchemy.engine.Engine [cached since 6.956s ago] {'story_id_1': '2f846d20-9d22-4e0b-8945-a010a5a48bb8'}
2026-05-06 13:54:55,856 INFO sqlalchemy.engine.Engine ROLLBACK
INFO:     127.0.0.1:37188 - "GET /api/v1/chapters/story/2f846d20-9d22-4e0b-8945-a010a5a48bb8/stats HTTP/1.1" 200 OK
2026-05-06 13:54:55,869 INFO sqlalchemy.engine.Engine BEGIN (implicit)
2026-05-06 13:54:55,870 INFO sqlalchemy.engine.Engine SELECT merged_audio.id AS merged_audio_id, merged_audio.story_id AS merged_audio_story_id, merged_audio.file_path AS merged_audio_file_path, merged_audio.file_size AS merged_audio_file_size, merged_audio.duration AS merged_audio_duration, merged_audio.format AS merged_audio_format, merged_audio.total_chapters AS merged_audio_total_chapters, merged_audio.created_at AS merged_audio_created_at 
FROM merged_audio 
WHERE merged_audio.story_id = %(story_id_1)s ORDER BY merged_audio.created_at DESC 
 LIMIT %(param_1)s
2026-05-06 13:54:55,870 INFO sqlalchemy.engine.Engine [cached since 6.928s ago] {'story_id_1': '2f846d20-9d22-4e0b-8945-a010a5a48bb8', 'param_1': 1}
2026-05-06 13:54:55,872 INFO sqlalchemy.engine.Engine ROLLBACK
INFO:     127.0.0.1:37190 - "GET /api/v1/video/audio-path/2f846d20-9d22-4e0b-8945-a010a5a48bb8 HTTP/1.1" 200 OK
2026-05-06 13:54:55,880 INFO sqlalchemy.engine.Engine BEGIN (implicit)
2026-05-06 13:54:55,880 INFO sqlalchemy.engine.Engine SELECT video_outputs.id AS video_outputs_id, video_outputs.story_id AS video_outputs_story_id, video_outputs.audio_source_path AS video_outputs_audio_source_path, video_outputs.video_source_folder AS video_outputs_video_source_folder, video_outputs.output_path AS video_outputs_output_path, video_outputs.file_size AS video_outputs_file_size, video_outputs.duration AS video_outputs_duration, video_outputs.audio_speed AS video_outputs_audio_speed, video_outputs.transition_effect AS video_outputs_transition_effect, video_outputs.transition_duration AS video_outputs_transition_duration, video_outputs.resolution AS video_outputs_resolution, video_outputs.status AS video_outputs_status, video_outputs.error_message AS video_outputs_error_message, video_outputs.created_at AS video_outputs_created_at, video_outputs.updated_at AS video_outputs_updated_at 
FROM video_outputs 
WHERE video_outputs.story_id = %(story_id_1)s ORDER BY video_outputs.created_at DESC 
 LIMIT %(param_1)s
2026-05-06 13:54:55,880 INFO sqlalchemy.engine.Engine [cached since 6.907s ago] {'story_id_1': '2f846d20-9d22-4e0b-8945-a010a5a48bb8', 'param_1': 1}
2026-05-06 13:54:55,881 INFO sqlalchemy.engine.Engine ROLLBACK
INFO:     127.0.0.1:37192 - "GET /api/v1/video/result/2f846d20-9d22-4e0b-8945-a010a5a48bb8 HTTP/1.1" 404 Not Found
2026-05-06 13:54:56.195 | INFO     | app.services.video_processor:__init__:42 - NVENC GPU encoding available (h264_nvenc)
INFO:     127.0.0.1:37198 - "GET /api/v1/video/audio-duration?path=storage%2Faudio%2FStory_20260421_133734%2Fmerged_audio.mp3 HTTP/1.1" 200 OK
INFO:     127.0.0.1:57310 - "GET /api/v1/video/fonts HTTP/1.1" 200 OK
INFO:     127.0.0.1:57316 - "GET /api/v1/video/sample-clip?folder=%2Fhome%2Fduoclv%2FDownloads%2Ftemp-20260506T015716Z-3-001%2Ftemp%2Frandom_50min_20260419_210319 HTTP/1.1" 200 OK
2026-05-06 13:55:07,539 INFO sqlalchemy.engine.Engine BEGIN (implicit)
2026-05-06 13:55:07,539 INFO sqlalchemy.engine.Engine SELECT stories.id AS stories_id, stories.title AS stories_title, stories.url AS stories_url, stories.author AS stories_author, stories.total_chapters AS stories_total_chapters, stories.start_chapter AS stories_start_chapter, stories.end_chapter AS stories_end_chapter, stories.custom_chapter_urls AS stories_custom_chapter_urls, stories.status AS stories_status, stories.current_step AS stories_current_step, stories.is_favorite AS stories_is_favorite, stories.merged_content AS stories_merged_content, stories.created_at AS stories_created_at, stories.updated_at AS stories_updated_at 
FROM stories 
WHERE stories.id = %(id_1)s 
 LIMIT %(param_1)s
2026-05-06 13:55:07,539 INFO sqlalchemy.engine.Engine [cached since 18.69s ago] {'id_1': '2f846d20-9d22-4e0b-8945-a010a5a48bb8', 'param_1': 1}
2026-05-06 13:55:07,541 INFO sqlalchemy.engine.Engine BEGIN (implicit)
2026-05-06 13:55:07,541 INFO sqlalchemy.engine.Engine SELECT voices.id AS voices_id, voices.code AS voices_code, voices.name AS voices_name, voices.gender AS voices_gender, voices.locale AS voices_locale, voices.category AS voices_category, voices.description AS voices_description, voices.demo_url AS voices_demo_url, voices.is_active AS voices_is_active, voices.`rank` AS voices_rank, voices.created_at AS voices_created_at 
FROM voices 
WHERE voices.is_active = true ORDER BY voices.`rank`
2026-05-06 13:55:07,541 INFO sqlalchemy.engine.Engine [cached since 18.69s ago] {}
2026-05-06 13:55:07.543 | INFO     | app.api.tts:list_voices:87 - Retrieved 14 voices from database
2026-05-06 13:55:07,543 INFO sqlalchemy.engine.Engine ROLLBACK
2026-05-06 13:55:07,544 INFO sqlalchemy.engine.Engine ROLLBACK
INFO:     127.0.0.1:57344 - "GET /api/v1/tts/voices HTTP/1.1" 200 OK
INFO:     127.0.0.1:57328 - "GET /api/v1/stories/2f846d20-9d22-4e0b-8945-a010a5a48bb8 HTTP/1.1" 200 OK
2026-05-06 13:55:07,556 INFO sqlalchemy.engine.Engine BEGIN (implicit)
2026-05-06 13:55:07,557 INFO sqlalchemy.engine.Engine SELECT chapters.id AS chapters_id, chapters.story_id AS chapters_story_id, chapters.chapter_number AS chapters_chapter_number, chapters.title AS chapters_title, chapters.content AS chapters_content, chapters.char_count AS chapters_char_count, chapters.has_censored_words AS chapters_has_censored_words, chapters.censored_count AS chapters_censored_count, chapters.status AS chapters_status, chapters.created_at AS chapters_created_at, chapters.updated_at AS chapters_updated_at 
FROM chapters 
WHERE chapters.story_id = %(story_id_1)s ORDER BY chapters.chapter_number
2026-05-06 13:55:07,557 INFO sqlalchemy.engine.Engine [cached since 18.68s ago] {'story_id_1': '2f846d20-9d22-4e0b-8945-a010a5a48bb8'}
2026-05-06 13:55:07,561 INFO sqlalchemy.engine.Engine ROLLBACK
INFO:     127.0.0.1:57354 - "GET /api/v1/stories/2f846d20-9d22-4e0b-8945-a010a5a48bb8/chapters HTTP/1.1" 200 OK
INFO:     127.0.0.1:57360 - "GET /api/v1/video/preview-video?path=%2Fhome%2Fduoclv%2FDownloads%2Ftemp-20260506T015716Z-3-001%2Ftemp%2Frandom_50min_20260419_210319%2F0025_2024-09-17_3x5ewf7irvyszye_%23%E9%9B%B6%E5%9F%BA%E7%A1%80%E5%AD%A6%E7%94%BB%E7%94%BB%20%23%E4%B8%AD%E7%A7%8B%E5%BF%AB%E4%B9%90%20%20%23%E4%B8%80%E8%B5%B7%E5%AD%A6%E7%94%BB%E7%94%BB.mp4 HTTP/1.1" 200 OK
2026-05-06 13:55:07,599 INFO sqlalchemy.engine.Engine BEGIN (implicit)
2026-05-06 13:55:07,599 INFO sqlalchemy.engine.Engine SELECT chapters.id AS chapters_id, chapters.story_id AS chapters_story_id, chapters.chapter_number AS chapters_chapter_number, chapters.title AS chapters_title, chapters.content AS chapters_content, chapters.char_count AS chapters_char_count, chapters.has_censored_words AS chapters_has_censored_words, chapters.censored_count AS chapters_censored_count, chapters.status AS chapters_status, chapters.created_at AS chapters_created_at, chapters.updated_at AS chapters_updated_at 
FROM chapters 
WHERE chapters.story_id = %(story_id_1)s
2026-05-06 13:55:07,599 INFO sqlalchemy.engine.Engine [cached since 18.7s ago] {'story_id_1': '2f846d20-9d22-4e0b-8945-a010a5a48bb8'}
2026-05-06 13:55:07,608 INFO sqlalchemy.engine.Engine ROLLBACK
INFO:     127.0.0.1:57374 - "GET /api/v1/chapters/story/2f846d20-9d22-4e0b-8945-a010a5a48bb8/stats HTTP/1.1" 200 OK
2026-05-06 13:55:07,651 INFO sqlalchemy.engine.Engine BEGIN (implicit)
2026-05-06 13:55:07,652 INFO sqlalchemy.engine.Engine SELECT merged_audio.id AS merged_audio_id, merged_audio.story_id AS merged_audio_story_id, merged_audio.file_path AS merged_audio_file_path, merged_audio.file_size AS merged_audio_file_size, merged_audio.duration AS merged_audio_duration, merged_audio.format AS merged_audio_format, merged_audio.total_chapters AS merged_audio_total_chapters, merged_audio.created_at AS merged_audio_created_at 
FROM merged_audio 
WHERE merged_audio.story_id = %(story_id_1)s ORDER BY merged_audio.created_at DESC 
 LIMIT %(param_1)s
2026-05-06 13:55:07,652 INFO sqlalchemy.engine.Engine [cached since 18.71s ago] {'story_id_1': '2f846d20-9d22-4e0b-8945-a010a5a48bb8', 'param_1': 1}
2026-05-06 13:55:07,653 INFO sqlalchemy.engine.Engine ROLLBACK
INFO:     127.0.0.1:57382 - "GET /api/v1/video/audio-path/2f846d20-9d22-4e0b-8945-a010a5a48bb8 HTTP/1.1" 200 OK
2026-05-06 13:55:07,660 INFO sqlalchemy.engine.Engine BEGIN (implicit)
2026-05-06 13:55:07,661 INFO sqlalchemy.engine.Engine SELECT video_outputs.id AS video_outputs_id, video_outputs.story_id AS video_outputs_story_id, video_outputs.audio_source_path AS video_outputs_audio_source_path, video_outputs.video_source_folder AS video_outputs_video_source_folder, video_outputs.output_path AS video_outputs_output_path, video_outputs.file_size AS video_outputs_file_size, video_outputs.duration AS video_outputs_duration, video_outputs.audio_speed AS video_outputs_audio_speed, video_outputs.transition_effect AS video_outputs_transition_effect, video_outputs.transition_duration AS video_outputs_transition_duration, video_outputs.resolution AS video_outputs_resolution, video_outputs.status AS video_outputs_status, video_outputs.error_message AS video_outputs_error_message, video_outputs.created_at AS video_outputs_created_at, video_outputs.updated_at AS video_outputs_updated_at 
FROM video_outputs 
WHERE video_outputs.story_id = %(story_id_1)s ORDER BY video_outputs.created_at DESC 
 LIMIT %(param_1)s
2026-05-06 13:55:07,661 INFO sqlalchemy.engine.Engine [cached since 18.69s ago] {'story_id_1': '2f846d20-9d22-4e0b-8945-a010a5a48bb8', 'param_1': 1}
2026-05-06 13:55:07,662 INFO sqlalchemy.engine.Engine ROLLBACK
INFO:     127.0.0.1:57390 - "GET /api/v1/video/result/2f846d20-9d22-4e0b-8945-a010a5a48bb8 HTTP/1.1" 404 Not Found
2026-05-06 13:55:07.913 | INFO     | app.services.video_processor:__init__:42 - NVENC GPU encoding available (h264_nvenc)
INFO:     127.0.0.1:57400 - "GET /api/v1/video/audio-duration?path=storage%2Faudio%2FStory_20260421_133734%2Fmerged_audio.mp3 HTTP/1.1" 200 OK
INFO:     127.0.0.1:57410 - "GET /api/v1/video/fonts HTTP/1.1" 200 OK
INFO:     127.0.0.1:57412 - "GET /api/v1/video/sample-clip?folder=%2Fhome%2Fduoclv%2FDownloads%2Ftemp-20260506T015716Z-3-001%2Ftemp%2Frandom_50min_20260419_210319 HTTP/1.1" 200 OK
2026-05-06 13:55:15,181 INFO sqlalchemy.engine.Engine BEGIN (implicit)
2026-05-06 13:55:15,181 INFO sqlalchemy.engine.Engine SELECT voices.id AS voices_id, voices.code AS voices_code, voices.name AS voices_name, voices.gender AS voices_gender, voices.locale AS voices_locale, voices.category AS voices_category, voices.description AS voices_description, voices.demo_url AS voices_demo_url, voices.is_active AS voices_is_active, voices.`rank` AS voices_rank, voices.created_at AS voices_created_at 
FROM voices 
WHERE voices.is_active = true ORDER BY voices.`rank`
2026-05-06 13:55:15,181 INFO sqlalchemy.engine.Engine [cached since 26.33s ago] {}
2026-05-06 13:55:15.183 | INFO     | app.api.tts:list_voices:87 - Retrieved 14 voices from database
2026-05-06 13:55:15,184 INFO sqlalchemy.engine.Engine BEGIN (implicit)
2026-05-06 13:55:15,184 INFO sqlalchemy.engine.Engine SELECT stories.id AS stories_id, stories.title AS stories_title, stories.url AS stories_url, stories.author AS stories_author, stories.total_chapters AS stories_total_chapters, stories.start_chapter AS stories_start_chapter, stories.end_chapter AS stories_end_chapter, stories.custom_chapter_urls AS stories_custom_chapter_urls, stories.status AS stories_status, stories.current_step AS stories_current_step, stories.is_favorite AS stories_is_favorite, stories.merged_content AS stories_merged_content, stories.created_at AS stories_created_at, stories.updated_at AS stories_updated_at 
FROM stories 
WHERE stories.id = %(id_1)s 
 LIMIT %(param_1)s
2026-05-06 13:55:15,184 INFO sqlalchemy.engine.Engine [cached since 26.34s ago] {'id_1': '2f846d20-9d22-4e0b-8945-a010a5a48bb8', 'param_1': 1}
2026-05-06 13:55:15,185 INFO sqlalchemy.engine.Engine ROLLBACK
2026-05-06 13:55:15,185 INFO sqlalchemy.engine.Engine ROLLBACK
INFO:     127.0.0.1:57424 - "GET /api/v1/stories/2f846d20-9d22-4e0b-8945-a010a5a48bb8 HTTP/1.1" 200 OK
INFO:     127.0.0.1:57426 - "GET /api/v1/tts/voices HTTP/1.1" 200 OK
2026-05-06 13:55:15,212 INFO sqlalchemy.engine.Engine BEGIN (implicit)
2026-05-06 13:55:15,213 INFO sqlalchemy.engine.Engine SELECT chapters.id AS chapters_id, chapters.story_id AS chapters_story_id, chapters.chapter_number AS chapters_chapter_number, chapters.title AS chapters_title, chapters.content AS chapters_content, chapters.char_count AS chapters_char_count, chapters.has_censored_words AS chapters_has_censored_words, chapters.censored_count AS chapters_censored_count, chapters.status AS chapters_status, chapters.created_at AS chapters_created_at, chapters.updated_at AS chapters_updated_at 
FROM chapters 
WHERE chapters.story_id = %(story_id_1)s ORDER BY chapters.chapter_number
2026-05-06 13:55:15,213 INFO sqlalchemy.engine.Engine [cached since 26.34s ago] {'story_id_1': '2f846d20-9d22-4e0b-8945-a010a5a48bb8'}
2026-05-06 13:55:15,216 INFO sqlalchemy.engine.Engine ROLLBACK
INFO:     127.0.0.1:57430 - "GET /api/v1/stories/2f846d20-9d22-4e0b-8945-a010a5a48bb8/chapters HTTP/1.1" 200 OK
INFO:     127.0.0.1:57442 - "GET /api/v1/video/preview-video?path=%2Fhome%2Fduoclv%2FDownloads%2Ftemp-20260506T015716Z-3-001%2Ftemp%2Frandom_50min_20260419_210319%2F0018_2021-09-15_3xh5i5u2kjcubgi_%23%E5%8F%AF%E7%88%B1%E7%AE%80%E7%AC%94%E7%94%BB%20%23%E9%9B%B6%E5%9F%BA%E7%A1%80%E5%AD%A6%E7%94%BB%E7%94%BB%20%23%E7%AE%80%E7%AC%94%E7%94%BB.mp4 HTTP/1.1" 200 OK
2026-05-06 13:55:15,262 INFO sqlalchemy.engine.Engine BEGIN (implicit)
2026-05-06 13:55:15,262 INFO sqlalchemy.engine.Engine SELECT chapters.id AS chapters_id, chapters.story_id AS chapters_story_id, chapters.chapter_number AS chapters_chapter_number, chapters.title AS chapters_title, chapters.content AS chapters_content, chapters.char_count AS chapters_char_count, chapters.has_censored_words AS chapters_has_censored_words, chapters.censored_count AS chapters_censored_count, chapters.status AS chapters_status, chapters.created_at AS chapters_created_at, chapters.updated_at AS chapters_updated_at 
FROM chapters 
WHERE chapters.story_id = %(story_id_1)s
2026-05-06 13:55:15,262 INFO sqlalchemy.engine.Engine [cached since 26.37s ago] {'story_id_1': '2f846d20-9d22-4e0b-8945-a010a5a48bb8'}
2026-05-06 13:55:15,265 INFO sqlalchemy.engine.Engine ROLLBACK
INFO:     127.0.0.1:57454 - "GET /api/v1/chapters/story/2f846d20-9d22-4e0b-8945-a010a5a48bb8/stats HTTP/1.1" 200 OK
2026-05-06 13:55:15,289 INFO sqlalchemy.engine.Engine BEGIN (implicit)
2026-05-06 13:55:15,289 INFO sqlalchemy.engine.Engine SELECT merged_audio.id AS merged_audio_id, merged_audio.story_id AS merged_audio_story_id, merged_audio.file_path AS merged_audio_file_path, merged_audio.file_size AS merged_audio_file_size, merged_audio.duration AS merged_audio_duration, merged_audio.format AS merged_audio_format, merged_audio.total_chapters AS merged_audio_total_chapters, merged_audio.created_at AS merged_audio_created_at 
FROM merged_audio 
WHERE merged_audio.story_id = %(story_id_1)s ORDER BY merged_audio.created_at DESC 
 LIMIT %(param_1)s
2026-05-06 13:55:15,289 INFO sqlalchemy.engine.Engine [cached since 26.35s ago] {'story_id_1': '2f846d20-9d22-4e0b-8945-a010a5a48bb8', 'param_1': 1}
2026-05-06 13:55:15,291 INFO sqlalchemy.engine.Engine ROLLBACK
INFO:     127.0.0.1:57468 - "GET /api/v1/video/audio-path/2f846d20-9d22-4e0b-8945-a010a5a48bb8 HTTP/1.1" 200 OK
2026-05-06 13:55:15,308 INFO sqlalchemy.engine.Engine BEGIN (implicit)
2026-05-06 13:55:15,309 INFO sqlalchemy.engine.Engine SELECT video_outputs.id AS video_outputs_id, video_outputs.story_id AS video_outputs_story_id, video_outputs.audio_source_path AS video_outputs_audio_source_path, video_outputs.video_source_folder AS video_outputs_video_source_folder, video_outputs.output_path AS video_outputs_output_path, video_outputs.file_size AS video_outputs_file_size, video_outputs.duration AS video_outputs_duration, video_outputs.audio_speed AS video_outputs_audio_speed, video_outputs.transition_effect AS video_outputs_transition_effect, video_outputs.transition_duration AS video_outputs_transition_duration, video_outputs.resolution AS video_outputs_resolution, video_outputs.status AS video_outputs_status, video_outputs.error_message AS video_outputs_error_message, video_outputs.created_at AS video_outputs_created_at, video_outputs.updated_at AS video_outputs_updated_at 
FROM video_outputs 
WHERE video_outputs.story_id = %(story_id_1)s ORDER BY video_outputs.created_at DESC 
 LIMIT %(param_1)s
2026-05-06 13:55:15,309 INFO sqlalchemy.engine.Engine [cached since 26.34s ago] {'story_id_1': '2f846d20-9d22-4e0b-8945-a010a5a48bb8', 'param_1': 1}
2026-05-06 13:55:15,310 INFO sqlalchemy.engine.Engine ROLLBACK
INFO:     127.0.0.1:57472 - "GET /api/v1/video/result/2f846d20-9d22-4e0b-8945-a010a5a48bb8 HTTP/1.1" 404 Not Found
2026-05-06 13:55:15.556 | INFO     | app.services.video_processor:__init__:42 - NVENC GPU encoding available (h264_nvenc)
INFO:     127.0.0.1:57488 - "GET /api/v1/video/audio-duration?path=storage%2Faudio%2FStory_20260421_133734%2Fmerged_audio.mp3 HTTP/1.1" 200 OK
INFO:     127.0.0.1:50450 - "GET /api/v1/video/fonts HTTP/1.1" 200 OK
INFO:     127.0.0.1:50466 - "GET /api/v1/video/sample-clip?folder=%2Fhome%2Fduoclv%2FDownloads%2Ftemp-20260506T015716Z-3-001%2Ftemp%2Frandom_50min_20260419_210319 HTTP/1.1" 200 OK
INFO:     127.0.0.1:50492 - "GET /api/v1/video/fonts HTTP/1.1" 200 OK
2026-05-06 13:55:49,720 INFO sqlalchemy.engine.Engine BEGIN (implicit)
2026-05-06 13:55:49,720 INFO sqlalchemy.engine.Engine SELECT stories.id AS stories_id, stories.title AS stories_title, stories.url AS stories_url, stories.author AS stories_author, stories.total_chapters AS stories_total_chapters, stories.start_chapter AS stories_start_chapter, stories.end_chapter AS stories_end_chapter, stories.custom_chapter_urls AS stories_custom_chapter_urls, stories.status AS stories_status, stories.current_step AS stories_current_step, stories.is_favorite AS stories_is_favorite, stories.merged_content AS stories_merged_content, stories.created_at AS stories_created_at, stories.updated_at AS stories_updated_at 
FROM stories 
WHERE stories.id = %(id_1)s 
 LIMIT %(param_1)s
2026-05-06 13:55:49,720 INFO sqlalchemy.engine.Engine [cached since 60.87s ago] {'id_1': '2f846d20-9d22-4e0b-8945-a010a5a48bb8', 'param_1': 1}
2026-05-06 13:55:49,722 INFO sqlalchemy.engine.Engine BEGIN (implicit)
2026-05-06 13:55:49,722 INFO sqlalchemy.engine.Engine SELECT voices.id AS voices_id, voices.code AS voices_code, voices.name AS voices_name, voices.gender AS voices_gender, voices.locale AS voices_locale, voices.category AS voices_category, voices.description AS voices_description, voices.demo_url AS voices_demo_url, voices.is_active AS voices_is_active, voices.`rank` AS voices_rank, voices.created_at AS voices_created_at 
FROM voices 
WHERE voices.is_active = true ORDER BY voices.`rank`
2026-05-06 13:55:49,723 INFO sqlalchemy.engine.Engine [cached since 60.87s ago] {}
2026-05-06 13:55:49.724 | INFO     | app.api.tts:list_voices:87 - Retrieved 14 voices from database
2026-05-06 13:55:49,725 INFO sqlalchemy.engine.Engine ROLLBACK
INFO:     127.0.0.1:50504 - "GET /api/v1/video/sample-clip?folder=%2Fhome%2Fduoclv%2FDownloads%2Ftemp-20260506T015716Z-3-001%2Ftemp%2Frandom_50min_20260419_210319 HTTP/1.1" 200 OK
INFO:     127.0.0.1:50468 - "GET /api/v1/stories/2f846d20-9d22-4e0b-8945-a010a5a48bb8 HTTP/1.1" 200 OK
2026-05-06 13:55:49,728 INFO sqlalchemy.engine.Engine ROLLBACK
INFO:     127.0.0.1:50478 - "GET /api/v1/tts/voices HTTP/1.1" 200 OK
2026-05-06 13:55:49,736 INFO sqlalchemy.engine.Engine BEGIN (implicit)
2026-05-06 13:55:49,736 INFO sqlalchemy.engine.Engine SELECT voices.id AS voices_id, voices.code AS voices_code, voices.name AS voices_name, voices.gender AS voices_gender, voices.locale AS voices_locale, voices.category AS voices_category, voices.description AS voices_description, voices.demo_url AS voices_demo_url, voices.is_active AS voices_is_active, voices.`rank` AS voices_rank, voices.created_at AS voices_created_at 
FROM voices 
WHERE voices.is_active = true ORDER BY voices.`rank`
2026-05-06 13:55:49,736 INFO sqlalchemy.engine.Engine [cached since 60.88s ago] {}
2026-05-06 13:55:49.737 | INFO     | app.api.tts:list_voices:87 - Retrieved 14 voices from database
2026-05-06 13:55:49,739 INFO sqlalchemy.engine.Engine BEGIN (implicit)
2026-05-06 13:55:49,739 INFO sqlalchemy.engine.Engine SELECT stories.id AS stories_id, stories.title AS stories_title, stories.url AS stories_url, stories.author AS stories_author, stories.total_chapters AS stories_total_chapters, stories.start_chapter AS stories_start_chapter, stories.end_chapter AS stories_end_chapter, stories.custom_chapter_urls AS stories_custom_chapter_urls, stories.status AS stories_status, stories.current_step AS stories_current_step, stories.is_favorite AS stories_is_favorite, stories.merged_content AS stories_merged_content, stories.created_at AS stories_created_at, stories.updated_at AS stories_updated_at 
FROM stories 
WHERE stories.id = %(id_1)s 
 LIMIT %(param_1)s
2026-05-06 13:55:49,739 INFO sqlalchemy.engine.Engine [cached since 60.89s ago] {'id_1': '2f846d20-9d22-4e0b-8945-a010a5a48bb8', 'param_1': 1}
2026-05-06 13:55:49,740 INFO sqlalchemy.engine.Engine ROLLBACK
2026-05-06 13:55:49,741 INFO sqlalchemy.engine.Engine ROLLBACK
INFO:     127.0.0.1:50522 - "GET /api/v1/tts/voices HTTP/1.1" 200 OK
INFO:     127.0.0.1:50510 - "GET /api/v1/stories/2f846d20-9d22-4e0b-8945-a010a5a48bb8 HTTP/1.1" 200 OK
2026-05-06 13:55:49,747 INFO sqlalchemy.engine.Engine BEGIN (implicit)
2026-05-06 13:55:49,747 INFO sqlalchemy.engine.Engine SELECT chapters.id AS chapters_id, chapters.story_id AS chapters_story_id, chapters.chapter_number AS chapters_chapter_number, chapters.title AS chapters_title, chapters.content AS chapters_content, chapters.char_count AS chapters_char_count, chapters.has_censored_words AS chapters_has_censored_words, chapters.censored_count AS chapters_censored_count, chapters.status AS chapters_status, chapters.created_at AS chapters_created_at, chapters.updated_at AS chapters_updated_at 
FROM chapters 
WHERE chapters.story_id = %(story_id_1)s ORDER BY chapters.chapter_number
2026-05-06 13:55:49,747 INFO sqlalchemy.engine.Engine [cached since 60.88s ago] {'story_id_1': '2f846d20-9d22-4e0b-8945-a010a5a48bb8'}
2026-05-06 13:55:49,751 INFO sqlalchemy.engine.Engine ROLLBACK
INFO:     127.0.0.1:50524 - "GET /api/v1/stories/2f846d20-9d22-4e0b-8945-a010a5a48bb8/chapters HTTP/1.1" 200 OK
2026-05-06 13:55:49,757 INFO sqlalchemy.engine.Engine BEGIN (implicit)
2026-05-06 13:55:49,758 INFO sqlalchemy.engine.Engine SELECT chapters.id AS chapters_id, chapters.story_id AS chapters_story_id, chapters.chapter_number AS chapters_chapter_number, chapters.title AS chapters_title, chapters.content AS chapters_content, chapters.char_count AS chapters_char_count, chapters.has_censored_words AS chapters_has_censored_words, chapters.censored_count AS chapters_censored_count, chapters.status AS chapters_status, chapters.created_at AS chapters_created_at, chapters.updated_at AS chapters_updated_at 
FROM chapters 
WHERE chapters.story_id = %(story_id_1)s ORDER BY chapters.chapter_number
2026-05-06 13:55:49,758 INFO sqlalchemy.engine.Engine [cached since 60.89s ago] {'story_id_1': '2f846d20-9d22-4e0b-8945-a010a5a48bb8'}
2026-05-06 13:55:49,762 INFO sqlalchemy.engine.Engine ROLLBACK
2026-05-06 13:55:49,763 INFO sqlalchemy.engine.Engine BEGIN (implicit)
2026-05-06 13:55:49,764 INFO sqlalchemy.engine.Engine SELECT chapters.id AS chapters_id, chapters.story_id AS chapters_story_id, chapters.chapter_number AS chapters_chapter_number, chapters.title AS chapters_title, chapters.content AS chapters_content, chapters.char_count AS chapters_char_count, chapters.has_censored_words AS chapters_has_censored_words, chapters.censored_count AS chapters_censored_count, chapters.status AS chapters_status, chapters.created_at AS chapters_created_at, chapters.updated_at AS chapters_updated_at 
FROM chapters 
WHERE chapters.story_id = %(story_id_1)s
2026-05-06 13:55:49,764 INFO sqlalchemy.engine.Engine [cached since 60.87s ago] {'story_id_1': '2f846d20-9d22-4e0b-8945-a010a5a48bb8'}
INFO:     127.0.0.1:50536 - "GET /api/v1/stories/2f846d20-9d22-4e0b-8945-a010a5a48bb8/chapters HTTP/1.1" 200 OK
2026-05-06 13:55:49,766 INFO sqlalchemy.engine.Engine ROLLBACK
INFO:     127.0.0.1:50544 - "GET /api/v1/chapters/story/2f846d20-9d22-4e0b-8945-a010a5a48bb8/stats HTTP/1.1" 200 OK
2026-05-06 13:55:49,776 INFO sqlalchemy.engine.Engine BEGIN (implicit)
2026-05-06 13:55:49,776 INFO sqlalchemy.engine.Engine SELECT chapters.id AS chapters_id, chapters.story_id AS chapters_story_id, chapters.chapter_number AS chapters_chapter_number, chapters.title AS chapters_title, chapters.content AS chapters_content, chapters.char_count AS chapters_char_count, chapters.has_censored_words AS chapters_has_censored_words, chapters.censored_count AS chapters_censored_count, chapters.status AS chapters_status, chapters.created_at AS chapters_created_at, chapters.updated_at AS chapters_updated_at 
FROM chapters 
WHERE chapters.story_id = %(story_id_1)s
2026-05-06 13:55:49,776 INFO sqlalchemy.engine.Engine [cached since 60.88s ago] {'story_id_1': '2f846d20-9d22-4e0b-8945-a010a5a48bb8'}
2026-05-06 13:55:49,778 INFO sqlalchemy.engine.Engine ROLLBACK
2026-05-06 13:55:49,779 INFO sqlalchemy.engine.Engine BEGIN (implicit)
2026-05-06 13:55:49,779 INFO sqlalchemy.engine.Engine SELECT merged_audio.id AS merged_audio_id, merged_audio.story_id AS merged_audio_story_id, merged_audio.file_path AS merged_audio_file_path, merged_audio.file_size AS merged_audio_file_size, merged_audio.duration AS merged_audio_duration, merged_audio.format AS merged_audio_format, merged_audio.total_chapters AS merged_audio_total_chapters, merged_audio.created_at AS merged_audio_created_at 
FROM merged_audio 
WHERE merged_audio.story_id = %(story_id_1)s ORDER BY merged_audio.created_at DESC 
 LIMIT %(param_1)s
2026-05-06 13:55:49,779 INFO sqlalchemy.engine.Engine [cached since 60.84s ago] {'story_id_1': '2f846d20-9d22-4e0b-8945-a010a5a48bb8', 'param_1': 1}
INFO:     127.0.0.1:50546 - "GET /api/v1/chapters/story/2f846d20-9d22-4e0b-8945-a010a5a48bb8/stats HTTP/1.1" 200 OK
2026-05-06 13:55:49,781 INFO sqlalchemy.engine.Engine ROLLBACK
INFO:     127.0.0.1:50548 - "GET /api/v1/video/audio-path/2f846d20-9d22-4e0b-8945-a010a5a48bb8 HTTP/1.1" 200 OK
2026-05-06 13:55:49,785 INFO sqlalchemy.engine.Engine BEGIN (implicit)
2026-05-06 13:55:49,786 INFO sqlalchemy.engine.Engine SELECT merged_audio.id AS merged_audio_id, merged_audio.story_id AS merged_audio_story_id, merged_audio.file_path AS merged_audio_file_path, merged_audio.file_size AS merged_audio_file_size, merged_audio.duration AS merged_audio_duration, merged_audio.format AS merged_audio_format, merged_audio.total_chapters AS merged_audio_total_chapters, merged_audio.created_at AS merged_audio_created_at 
FROM merged_audio 
WHERE merged_audio.story_id = %(story_id_1)s ORDER BY merged_audio.created_at DESC 
 LIMIT %(param_1)s
2026-05-06 13:55:49,786 INFO sqlalchemy.engine.Engine [cached since 60.84s ago] {'story_id_1': '2f846d20-9d22-4e0b-8945-a010a5a48bb8', 'param_1': 1}
2026-05-06 13:55:49,787 INFO sqlalchemy.engine.Engine ROLLBACK
2026-05-06 13:55:49,787 INFO sqlalchemy.engine.Engine BEGIN (implicit)
2026-05-06 13:55:49,788 INFO sqlalchemy.engine.Engine SELECT video_outputs.id AS video_outputs_id, video_outputs.story_id AS video_outputs_story_id, video_outputs.audio_source_path AS video_outputs_audio_source_path, video_outputs.video_source_folder AS video_outputs_video_source_folder, video_outputs.output_path AS video_outputs_output_path, video_outputs.file_size AS video_outputs_file_size, video_outputs.duration AS video_outputs_duration, video_outputs.audio_speed AS video_outputs_audio_speed, video_outputs.transition_effect AS video_outputs_transition_effect, video_outputs.transition_duration AS video_outputs_transition_duration, video_outputs.resolution AS video_outputs_resolution, video_outputs.status AS video_outputs_status, video_outputs.error_message AS video_outputs_error_message, video_outputs.created_at AS video_outputs_created_at, video_outputs.updated_at AS video_outputs_updated_at 
FROM video_outputs 
WHERE video_outputs.story_id = %(story_id_1)s ORDER BY video_outputs.created_at DESC 
 LIMIT %(param_1)s
2026-05-06 13:55:49,788 INFO sqlalchemy.engine.Engine [cached since 60.81s ago] {'story_id_1': '2f846d20-9d22-4e0b-8945-a010a5a48bb8', 'param_1': 1}
INFO:     127.0.0.1:50562 - "GET /api/v1/video/audio-path/2f846d20-9d22-4e0b-8945-a010a5a48bb8 HTTP/1.1" 200 OK
2026-05-06 13:55:49,789 INFO sqlalchemy.engine.Engine ROLLBACK
INFO:     127.0.0.1:50570 - "GET /api/v1/video/result/2f846d20-9d22-4e0b-8945-a010a5a48bb8 HTTP/1.1" 404 Not Found
2026-05-06 13:55:49,794 INFO sqlalchemy.engine.Engine BEGIN (implicit)
2026-05-06 13:55:49,794 INFO sqlalchemy.engine.Engine SELECT video_outputs.id AS video_outputs_id, video_outputs.story_id AS video_outputs_story_id, video_outputs.audio_source_path AS video_outputs_audio_source_path, video_outputs.video_source_folder AS video_outputs_video_source_folder, video_outputs.output_path AS video_outputs_output_path, video_outputs.file_size AS video_outputs_file_size, video_outputs.duration AS video_outputs_duration, video_outputs.audio_speed AS video_outputs_audio_speed, video_outputs.transition_effect AS video_outputs_transition_effect, video_outputs.transition_duration AS video_outputs_transition_duration, video_outputs.resolution AS video_outputs_resolution, video_outputs.status AS video_outputs_status, video_outputs.error_message AS video_outputs_error_message, video_outputs.created_at AS video_outputs_created_at, video_outputs.updated_at AS video_outputs_updated_at 
FROM video_outputs 
WHERE video_outputs.story_id = %(story_id_1)s ORDER BY video_outputs.created_at DESC 
 LIMIT %(param_1)s
2026-05-06 13:55:49,794 INFO sqlalchemy.engine.Engine [cached since 60.82s ago] {'story_id_1': '2f846d20-9d22-4e0b-8945-a010a5a48bb8', 'param_1': 1}
2026-05-06 13:55:49,795 INFO sqlalchemy.engine.Engine ROLLBACK
INFO:     127.0.0.1:50580 - "GET /api/v1/video/result/2f846d20-9d22-4e0b-8945-a010a5a48bb8 HTTP/1.1" 404 Not Found
INFO:     127.0.0.1:43854 - "GET /api/v1/video/fonts HTTP/1.1" 200 OK
INFO:     127.0.0.1:43866 - "GET /api/v1/video/sample-clip?folder=%2Fhome%2Fduoclv%2FDownloads%2Ftemp-20260506T015716Z-3-001%2Ftemp%2Frandom_50min_20260419_210319 HTTP/1.1" 200 OK
INFO:     127.0.0.1:43900 - "GET /api/v1/video/fonts HTTP/1.1" 200 OK
2026-05-06 13:55:59,216 INFO sqlalchemy.engine.Engine BEGIN (implicit)
2026-05-06 13:55:59,216 INFO sqlalchemy.engine.Engine SELECT stories.id AS stories_id, stories.title AS stories_title, stories.url AS stories_url, stories.author AS stories_author, stories.total_chapters AS stories_total_chapters, stories.start_chapter AS stories_start_chapter, stories.end_chapter AS stories_end_chapter, stories.custom_chapter_urls AS stories_custom_chapter_urls, stories.status AS stories_status, stories.current_step AS stories_current_step, stories.is_favorite AS stories_is_favorite, stories.merged_content AS stories_merged_content, stories.created_at AS stories_created_at, stories.updated_at AS stories_updated_at 
FROM stories 
WHERE stories.id = %(id_1)s 
 LIMIT %(param_1)s
2026-05-06 13:55:59,216 INFO sqlalchemy.engine.Engine [cached since 70.37s ago] {'id_1': '2f846d20-9d22-4e0b-8945-a010a5a48bb8', 'param_1': 1}
INFO:     127.0.0.1:43906 - "GET /api/v1/video/sample-clip?folder=%2Fhome%2Fduoclv%2FDownloads%2Ftemp-20260506T015716Z-3-001%2Ftemp%2Frandom_50min_20260419_210319 HTTP/1.1" 200 OK
2026-05-06 13:55:59,222 INFO sqlalchemy.engine.Engine BEGIN (implicit)
2026-05-06 13:55:59,222 INFO sqlalchemy.engine.Engine SELECT voices.id AS voices_id, voices.code AS voices_code, voices.name AS voices_name, voices.gender AS voices_gender, voices.locale AS voices_locale, voices.category AS voices_category, voices.description AS voices_description, voices.demo_url AS voices_demo_url, voices.is_active AS voices_is_active, voices.`rank` AS voices_rank, voices.created_at AS voices_created_at 
FROM voices 
WHERE voices.is_active = true ORDER BY voices.`rank`
2026-05-06 13:55:59,222 INFO sqlalchemy.engine.Engine [cached since 70.37s ago] {}
2026-05-06 13:55:59.225 | INFO     | app.api.tts:list_voices:87 - Retrieved 14 voices from database
2026-05-06 13:55:59,226 INFO sqlalchemy.engine.Engine ROLLBACK
2026-05-06 13:55:59,226 INFO sqlalchemy.engine.Engine ROLLBACK
INFO:     127.0.0.1:43890 - "GET /api/v1/tts/voices HTTP/1.1" 200 OK
INFO:     127.0.0.1:43878 - "GET /api/v1/stories/2f846d20-9d22-4e0b-8945-a010a5a48bb8 HTTP/1.1" 200 OK
2026-05-06 13:55:59,233 INFO sqlalchemy.engine.Engine BEGIN (implicit)
2026-05-06 13:55:59,233 INFO sqlalchemy.engine.Engine SELECT voices.id AS voices_id, voices.code AS voices_code, voices.name AS voices_name, voices.gender AS voices_gender, voices.locale AS voices_locale, voices.category AS voices_category, voices.description AS voices_description, voices.demo_url AS voices_demo_url, voices.is_active AS voices_is_active, voices.`rank` AS voices_rank, voices.created_at AS voices_created_at 
FROM voices 
WHERE voices.is_active = true ORDER BY voices.`rank`
2026-05-06 13:55:59,233 INFO sqlalchemy.engine.Engine [cached since 70.38s ago] {}
2026-05-06 13:55:59.234 | INFO     | app.api.tts:list_voices:87 - Retrieved 14 voices from database
2026-05-06 13:55:59,235 INFO sqlalchemy.engine.Engine BEGIN (implicit)
2026-05-06 13:55:59,235 INFO sqlalchemy.engine.Engine SELECT stories.id AS stories_id, stories.title AS stories_title, stories.url AS stories_url, stories.author AS stories_author, stories.total_chapters AS stories_total_chapters, stories.start_chapter AS stories_start_chapter, stories.end_chapter AS stories_end_chapter, stories.custom_chapter_urls AS stories_custom_chapter_urls, stories.status AS stories_status, stories.current_step AS stories_current_step, stories.is_favorite AS stories_is_favorite, stories.merged_content AS stories_merged_content, stories.created_at AS stories_created_at, stories.updated_at AS stories_updated_at 
FROM stories 
WHERE stories.id = %(id_1)s 
 LIMIT %(param_1)s
2026-05-06 13:55:59,235 INFO sqlalchemy.engine.Engine [cached since 70.39s ago] {'id_1': '2f846d20-9d22-4e0b-8945-a010a5a48bb8', 'param_1': 1}
2026-05-06 13:55:59,237 INFO sqlalchemy.engine.Engine ROLLBACK
2026-05-06 13:55:59,237 INFO sqlalchemy.engine.Engine ROLLBACK
INFO:     127.0.0.1:43918 - "GET /api/v1/stories/2f846d20-9d22-4e0b-8945-a010a5a48bb8 HTTP/1.1" 200 OK
INFO:     127.0.0.1:43934 - "GET /api/v1/tts/voices HTTP/1.1" 200 OK
2026-05-06 13:55:59,246 INFO sqlalchemy.engine.Engine BEGIN (implicit)
2026-05-06 13:55:59,246 INFO sqlalchemy.engine.Engine SELECT chapters.id AS chapters_id, chapters.story_id AS chapters_story_id, chapters.chapter_number AS chapters_chapter_number, chapters.title AS chapters_title, chapters.content AS chapters_content, chapters.char_count AS chapters_char_count, chapters.has_censored_words AS chapters_has_censored_words, chapters.censored_count AS chapters_censored_count, chapters.status AS chapters_status, chapters.created_at AS chapters_created_at, chapters.updated_at AS chapters_updated_at 
FROM chapters 
WHERE chapters.story_id = %(story_id_1)s ORDER BY chapters.chapter_number
2026-05-06 13:55:59,246 INFO sqlalchemy.engine.Engine [cached since 70.37s ago] {'story_id_1': '2f846d20-9d22-4e0b-8945-a010a5a48bb8'}
2026-05-06 13:55:59,249 INFO sqlalchemy.engine.Engine ROLLBACK
INFO:     127.0.0.1:43936 - "GET /api/v1/stories/2f846d20-9d22-4e0b-8945-a010a5a48bb8/chapters HTTP/1.1" 200 OK
2026-05-06 13:55:59,253 INFO sqlalchemy.engine.Engine BEGIN (implicit)
2026-05-06 13:55:59,253 INFO sqlalchemy.engine.Engine SELECT chapters.id AS chapters_id, chapters.story_id AS chapters_story_id, chapters.chapter_number AS chapters_chapter_number, chapters.title AS chapters_title, chapters.content AS chapters_content, chapters.char_count AS chapters_char_count, chapters.has_censored_words AS chapters_has_censored_words, chapters.censored_count AS chapters_censored_count, chapters.status AS chapters_status, chapters.created_at AS chapters_created_at, chapters.updated_at AS chapters_updated_at 
FROM chapters 
WHERE chapters.story_id = %(story_id_1)s ORDER BY chapters.chapter_number
2026-05-06 13:55:59,253 INFO sqlalchemy.engine.Engine [cached since 70.38s ago] {'story_id_1': '2f846d20-9d22-4e0b-8945-a010a5a48bb8'}
2026-05-06 13:55:59,257 INFO sqlalchemy.engine.Engine ROLLBACK
2026-05-06 13:55:59,258 INFO sqlalchemy.engine.Engine BEGIN (implicit)
2026-05-06 13:55:59,259 INFO sqlalchemy.engine.Engine SELECT chapters.id AS chapters_id, chapters.story_id AS chapters_story_id, chapters.chapter_number AS chapters_chapter_number, chapters.title AS chapters_title, chapters.content AS chapters_content, chapters.char_count AS chapters_char_count, chapters.has_censored_words AS chapters_has_censored_words, chapters.censored_count AS chapters_censored_count, chapters.status AS chapters_status, chapters.created_at AS chapters_created_at, chapters.updated_at AS chapters_updated_at 
FROM chapters 
WHERE chapters.story_id = %(story_id_1)s
2026-05-06 13:55:59,259 INFO sqlalchemy.engine.Engine [cached since 70.36s ago] {'story_id_1': '2f846d20-9d22-4e0b-8945-a010a5a48bb8'}
INFO:     127.0.0.1:43950 - "GET /api/v1/stories/2f846d20-9d22-4e0b-8945-a010a5a48bb8/chapters HTTP/1.1" 200 OK
2026-05-06 13:55:59,262 INFO sqlalchemy.engine.Engine ROLLBACK
INFO:     127.0.0.1:43954 - "GET /api/v1/chapters/story/2f846d20-9d22-4e0b-8945-a010a5a48bb8/stats HTTP/1.1" 200 OK
2026-05-06 13:55:59,268 INFO sqlalchemy.engine.Engine BEGIN (implicit)
2026-05-06 13:55:59,268 INFO sqlalchemy.engine.Engine SELECT chapters.id AS chapters_id, chapters.story_id AS chapters_story_id, chapters.chapter_number AS chapters_chapter_number, chapters.title AS chapters_title, chapters.content AS chapters_content, chapters.char_count AS chapters_char_count, chapters.has_censored_words AS chapters_has_censored_words, chapters.censored_count AS chapters_censored_count, chapters.status AS chapters_status, chapters.created_at AS chapters_created_at, chapters.updated_at AS chapters_updated_at 
FROM chapters 
WHERE chapters.story_id = %(story_id_1)s
2026-05-06 13:55:59,268 INFO sqlalchemy.engine.Engine [cached since 70.37s ago] {'story_id_1': '2f846d20-9d22-4e0b-8945-a010a5a48bb8'}
2026-05-06 13:55:59,270 INFO sqlalchemy.engine.Engine ROLLBACK
2026-05-06 13:55:59,270 INFO sqlalchemy.engine.Engine BEGIN (implicit)
2026-05-06 13:55:59,271 INFO sqlalchemy.engine.Engine SELECT merged_audio.id AS merged_audio_id, merged_audio.story_id AS merged_audio_story_id, merged_audio.file_path AS merged_audio_file_path, merged_audio.file_size AS merged_audio_file_size, merged_audio.duration AS merged_audio_duration, merged_audio.format AS merged_audio_format, merged_audio.total_chapters AS merged_audio_total_chapters, merged_audio.created_at AS merged_audio_created_at 
FROM merged_audio 
WHERE merged_audio.story_id = %(story_id_1)s ORDER BY merged_audio.created_at DESC 
 LIMIT %(param_1)s
2026-05-06 13:55:59,271 INFO sqlalchemy.engine.Engine [cached since 70.33s ago] {'story_id_1': '2f846d20-9d22-4e0b-8945-a010a5a48bb8', 'param_1': 1}
INFO:     127.0.0.1:43968 - "GET /api/v1/chapters/story/2f846d20-9d22-4e0b-8945-a010a5a48bb8/stats HTTP/1.1" 200 OK
2026-05-06 13:55:59,272 INFO sqlalchemy.engine.Engine ROLLBACK
INFO:     127.0.0.1:43972 - "GET /api/v1/video/audio-path/2f846d20-9d22-4e0b-8945-a010a5a48bb8 HTTP/1.1" 200 OK
2026-05-06 13:55:59,283 INFO sqlalchemy.engine.Engine BEGIN (implicit)
2026-05-06 13:55:59,284 INFO sqlalchemy.engine.Engine SELECT video_outputs.id AS video_outputs_id, video_outputs.story_id AS video_outputs_story_id, video_outputs.audio_source_path AS video_outputs_audio_source_path, video_outputs.video_source_folder AS video_outputs_video_source_folder, video_outputs.output_path AS video_outputs_output_path, video_outputs.file_size AS video_outputs_file_size, video_outputs.duration AS video_outputs_duration, video_outputs.audio_speed AS video_outputs_audio_speed, video_outputs.transition_effect AS video_outputs_transition_effect, video_outputs.transition_duration AS video_outputs_transition_duration, video_outputs.resolution AS video_outputs_resolution, video_outputs.status AS video_outputs_status, video_outputs.error_message AS video_outputs_error_message, video_outputs.created_at AS video_outputs_created_at, video_outputs.updated_at AS video_outputs_updated_at 
FROM video_outputs 
WHERE video_outputs.story_id = %(story_id_1)s ORDER BY video_outputs.created_at DESC 
 LIMIT %(param_1)s
2026-05-06 13:55:59,284 INFO sqlalchemy.engine.Engine [cached since 70.31s ago] {'story_id_1': '2f846d20-9d22-4e0b-8945-a010a5a48bb8', 'param_1': 1}
2026-05-06 13:55:59,285 INFO sqlalchemy.engine.Engine BEGIN (implicit)
2026-05-06 13:55:59,285 INFO sqlalchemy.engine.Engine SELECT merged_audio.id AS merged_audio_id, merged_audio.story_id AS merged_audio_story_id, merged_audio.file_path AS merged_audio_file_path, merged_audio.file_size AS merged_audio_file_size, merged_audio.duration AS merged_audio_duration, merged_audio.format AS merged_audio_format, merged_audio.total_chapters AS merged_audio_total_chapters, merged_audio.created_at AS merged_audio_created_at 
FROM merged_audio 
WHERE merged_audio.story_id = %(story_id_1)s ORDER BY merged_audio.created_at DESC 
 LIMIT %(param_1)s
2026-05-06 13:55:59,285 INFO sqlalchemy.engine.Engine [cached since 70.34s ago] {'story_id_1': '2f846d20-9d22-4e0b-8945-a010a5a48bb8', 'param_1': 1}
2026-05-06 13:55:59,286 INFO sqlalchemy.engine.Engine ROLLBACK
2026-05-06 13:55:59,286 INFO sqlalchemy.engine.Engine ROLLBACK
INFO:     127.0.0.1:43998 - "GET /api/v1/video/result/2f846d20-9d22-4e0b-8945-a010a5a48bb8 HTTP/1.1" 404 Not Found
INFO:     127.0.0.1:43986 - "GET /api/v1/video/audio-path/2f846d20-9d22-4e0b-8945-a010a5a48bb8 HTTP/1.1" 200 OK
2026-05-06 13:55:59,293 INFO sqlalchemy.engine.Engine BEGIN (implicit)
2026-05-06 13:55:59,293 INFO sqlalchemy.engine.Engine SELECT video_outputs.id AS video_outputs_id, video_outputs.story_id AS video_outputs_story_id, video_outputs.audio_source_path AS video_outputs_audio_source_path, video_outputs.video_source_folder AS video_outputs_video_source_folder, video_outputs.output_path AS video_outputs_output_path, video_outputs.file_size AS video_outputs_file_size, video_outputs.duration AS video_outputs_duration, video_outputs.audio_speed AS video_outputs_audio_speed, video_outputs.transition_effect AS video_outputs_transition_effect, video_outputs.transition_duration AS video_outputs_transition_duration, video_outputs.resolution AS video_outputs_resolution, video_outputs.status AS video_outputs_status, video_outputs.error_message AS video_outputs_error_message, video_outputs.created_at AS video_outputs_created_at, video_outputs.updated_at AS video_outputs_updated_at 
FROM video_outputs 
WHERE video_outputs.story_id = %(story_id_1)s ORDER BY video_outputs.created_at DESC 
 LIMIT %(param_1)s
2026-05-06 13:55:59,293 INFO sqlalchemy.engine.Engine [cached since 70.32s ago] {'story_id_1': '2f846d20-9d22-4e0b-8945-a010a5a48bb8', 'param_1': 1}
2026-05-06 13:55:59,294 INFO sqlalchemy.engine.Engine ROLLBACK
INFO:     127.0.0.1:44012 - "GET /api/v1/video/result/2f846d20-9d22-4e0b-8945-a010a5a48bb8 HTTP/1.1" 404 Not Found
INFO:     127.0.0.1:39756 - "GET /api/v1/video/fonts HTTP/1.1" 200 OK
INFO:     127.0.0.1:39770 - "GET /api/v1/video/sample-clip?folder=%2Fhome%2Fduoclv%2FDownloads%2Ftemp-20260506T015716Z-3-001%2Ftemp%2Frandom_50min_20260419_210319 HTTP/1.1" 200 OK
2026-05-06 13:56:09,603 INFO sqlalchemy.engine.Engine BEGIN (implicit)
2026-05-06 13:56:09,603 INFO sqlalchemy.engine.Engine SELECT stories.id AS stories_id, stories.title AS stories_title, stories.url AS stories_url, stories.author AS stories_author, stories.total_chapters AS stories_total_chapters, stories.start_chapter AS stories_start_chapter, stories.end_chapter AS stories_end_chapter, stories.custom_chapter_urls AS stories_custom_chapter_urls, stories.status AS stories_status, stories.current_step AS stories_current_step, stories.is_favorite AS stories_is_favorite, stories.merged_content AS stories_merged_content, stories.created_at AS stories_created_at, stories.updated_at AS stories_updated_at 
FROM stories 
WHERE stories.id = %(id_1)s 
 LIMIT %(param_1)s
2026-05-06 13:56:09,603 INFO sqlalchemy.engine.Engine [cached since 80.76s ago] {'id_1': '2f846d20-9d22-4e0b-8945-a010a5a48bb8', 'param_1': 1}
2026-05-06 13:56:09,604 INFO sqlalchemy.engine.Engine BEGIN (implicit)
2026-05-06 13:56:09,605 INFO sqlalchemy.engine.Engine SELECT voices.id AS voices_id, voices.code AS voices_code, voices.name AS voices_name, voices.gender AS voices_gender, voices.locale AS voices_locale, voices.category AS voices_category, voices.description AS voices_description, voices.demo_url AS voices_demo_url, voices.is_active AS voices_is_active, voices.`rank` AS voices_rank, voices.created_at AS voices_created_at 
FROM voices 
WHERE voices.is_active = true ORDER BY voices.`rank`
2026-05-06 13:56:09,605 INFO sqlalchemy.engine.Engine [cached since 80.75s ago] {}
2026-05-06 13:56:09.606 | INFO     | app.api.tts:list_voices:87 - Retrieved 14 voices from database
INFO:     127.0.0.1:39790 - "GET /api/v1/video/fonts HTTP/1.1" 200 OK
2026-05-06 13:56:09,608 INFO sqlalchemy.engine.Engine ROLLBACK
2026-05-06 13:56:09,608 INFO sqlalchemy.engine.Engine ROLLBACK
INFO:     127.0.0.1:39792 - "GET /api/v1/video/sample-clip?folder=%2Fhome%2Fduoclv%2FDownloads%2Ftemp-20260506T015716Z-3-001%2Ftemp%2Frandom_50min_20260419_210319 HTTP/1.1" 200 OK
INFO:     127.0.0.1:39772 - "GET /api/v1/stories/2f846d20-9d22-4e0b-8945-a010a5a48bb8 HTTP/1.1" 200 OK
INFO:     127.0.0.1:39778 - "GET /api/v1/tts/voices HTTP/1.1" 200 OK
2026-05-06 13:56:09,617 INFO sqlalchemy.engine.Engine BEGIN (implicit)
2026-05-06 13:56:09,617 INFO sqlalchemy.engine.Engine SELECT voices.id AS voices_id, voices.code AS voices_code, voices.name AS voices_name, voices.gender AS voices_gender, voices.locale AS voices_locale, voices.category AS voices_category, voices.description AS voices_description, voices.demo_url AS voices_demo_url, voices.is_active AS voices_is_active, voices.`rank` AS voices_rank, voices.created_at AS voices_created_at 
FROM voices 
WHERE voices.is_active = true ORDER BY voices.`rank`
2026-05-06 13:56:09,617 INFO sqlalchemy.engine.Engine [cached since 80.76s ago] {}
2026-05-06 13:56:09.618 | INFO     | app.api.tts:list_voices:87 - Retrieved 14 voices from database
2026-05-06 13:56:09,620 INFO sqlalchemy.engine.Engine BEGIN (implicit)
2026-05-06 13:56:09,620 INFO sqlalchemy.engine.Engine SELECT stories.id AS stories_id, stories.title AS stories_title, stories.url AS stories_url, stories.author AS stories_author, stories.total_chapters AS stories_total_chapters, stories.start_chapter AS stories_start_chapter, stories.end_chapter AS stories_end_chapter, stories.custom_chapter_urls AS stories_custom_chapter_urls, stories.status AS stories_status, stories.current_step AS stories_current_step, stories.is_favorite AS stories_is_favorite, stories.merged_content AS stories_merged_content, stories.created_at AS stories_created_at, stories.updated_at AS stories_updated_at 
FROM stories 
WHERE stories.id = %(id_1)s 
 LIMIT %(param_1)s
2026-05-06 13:56:09,620 INFO sqlalchemy.engine.Engine [cached since 80.77s ago] {'id_1': '2f846d20-9d22-4e0b-8945-a010a5a48bb8', 'param_1': 1}
2026-05-06 13:56:09,622 INFO sqlalchemy.engine.Engine ROLLBACK
2026-05-06 13:56:09,622 INFO sqlalchemy.engine.Engine ROLLBACK
INFO:     127.0.0.1:39804 - "GET /api/v1/stories/2f846d20-9d22-4e0b-8945-a010a5a48bb8 HTTP/1.1" 200 OK
INFO:     127.0.0.1:39806 - "GET /api/v1/tts/voices HTTP/1.1" 200 OK
2026-05-06 13:56:09,627 INFO sqlalchemy.engine.Engine BEGIN (implicit)
2026-05-06 13:56:09,627 INFO sqlalchemy.engine.Engine SELECT chapters.id AS chapters_id, chapters.story_id AS chapters_story_id, chapters.chapter_number AS chapters_chapter_number, chapters.title AS chapters_title, chapters.content AS chapters_content, chapters.char_count AS chapters_char_count, chapters.has_censored_words AS chapters_has_censored_words, chapters.censored_count AS chapters_censored_count, chapters.status AS chapters_status, chapters.created_at AS chapters_created_at, chapters.updated_at AS chapters_updated_at 
FROM chapters 
WHERE chapters.story_id = %(story_id_1)s ORDER BY chapters.chapter_number
2026-05-06 13:56:09,627 INFO sqlalchemy.engine.Engine [cached since 80.76s ago] {'story_id_1': '2f846d20-9d22-4e0b-8945-a010a5a48bb8'}
2026-05-06 13:56:09,630 INFO sqlalchemy.engine.Engine ROLLBACK
INFO:     127.0.0.1:39814 - "GET /api/v1/stories/2f846d20-9d22-4e0b-8945-a010a5a48bb8/chapters HTTP/1.1" 200 OK
2026-05-06 13:56:09,636 INFO sqlalchemy.engine.Engine BEGIN (implicit)
2026-05-06 13:56:09,636 INFO sqlalchemy.engine.Engine SELECT chapters.id AS chapters_id, chapters.story_id AS chapters_story_id, chapters.chapter_number AS chapters_chapter_number, chapters.title AS chapters_title, chapters.content AS chapters_content, chapters.char_count AS chapters_char_count, chapters.has_censored_words AS chapters_has_censored_words, chapters.censored_count AS chapters_censored_count, chapters.status AS chapters_status, chapters.created_at AS chapters_created_at, chapters.updated_at AS chapters_updated_at 
FROM chapters 
WHERE chapters.story_id = %(story_id_1)s ORDER BY chapters.chapter_number
2026-05-06 13:56:09,636 INFO sqlalchemy.engine.Engine [cached since 80.76s ago] {'story_id_1': '2f846d20-9d22-4e0b-8945-a010a5a48bb8'}
2026-05-06 13:56:09,640 INFO sqlalchemy.engine.Engine ROLLBACK
2026-05-06 13:56:09,640 INFO sqlalchemy.engine.Engine BEGIN (implicit)
2026-05-06 13:56:09,640 INFO sqlalchemy.engine.Engine SELECT chapters.id AS chapters_id, chapters.story_id AS chapters_story_id, chapters.chapter_number AS chapters_chapter_number, chapters.title AS chapters_title, chapters.content AS chapters_content, chapters.char_count AS chapters_char_count, chapters.has_censored_words AS chapters_has_censored_words, chapters.censored_count AS chapters_censored_count, chapters.status AS chapters_status, chapters.created_at AS chapters_created_at, chapters.updated_at AS chapters_updated_at 
FROM chapters 
WHERE chapters.story_id = %(story_id_1)s
2026-05-06 13:56:09,640 INFO sqlalchemy.engine.Engine [cached since 80.74s ago] {'story_id_1': '2f846d20-9d22-4e0b-8945-a010a5a48bb8'}
INFO:     127.0.0.1:39830 - "GET /api/v1/stories/2f846d20-9d22-4e0b-8945-a010a5a48bb8/chapters HTTP/1.1" 200 OK
2026-05-06 13:56:09,642 INFO sqlalchemy.engine.Engine ROLLBACK
INFO:     127.0.0.1:39840 - "GET /api/v1/chapters/story/2f846d20-9d22-4e0b-8945-a010a5a48bb8/stats HTTP/1.1" 200 OK
2026-05-06 13:56:09,649 INFO sqlalchemy.engine.Engine BEGIN (implicit)
2026-05-06 13:56:09,649 INFO sqlalchemy.engine.Engine SELECT chapters.id AS chapters_id, chapters.story_id AS chapters_story_id, chapters.chapter_number AS chapters_chapter_number, chapters.title AS chapters_title, chapters.content AS chapters_content, chapters.char_count AS chapters_char_count, chapters.has_censored_words AS chapters_has_censored_words, chapters.censored_count AS chapters_censored_count, chapters.status AS chapters_status, chapters.created_at AS chapters_created_at, chapters.updated_at AS chapters_updated_at 
FROM chapters 
WHERE chapters.story_id = %(story_id_1)s
2026-05-06 13:56:09,649 INFO sqlalchemy.engine.Engine [cached since 80.75s ago] {'story_id_1': '2f846d20-9d22-4e0b-8945-a010a5a48bb8'}
2026-05-06 13:56:09,651 INFO sqlalchemy.engine.Engine ROLLBACK
2026-05-06 13:56:09,652 INFO sqlalchemy.engine.Engine BEGIN (implicit)
2026-05-06 13:56:09,652 INFO sqlalchemy.engine.Engine SELECT merged_audio.id AS merged_audio_id, merged_audio.story_id AS merged_audio_story_id, merged_audio.file_path AS merged_audio_file_path, merged_audio.file_size AS merged_audio_file_size, merged_audio.duration AS merged_audio_duration, merged_audio.format AS merged_audio_format, merged_audio.total_chapters AS merged_audio_total_chapters, merged_audio.created_at AS merged_audio_created_at 
FROM merged_audio 
WHERE merged_audio.story_id = %(story_id_1)s ORDER BY merged_audio.created_at DESC 
 LIMIT %(param_1)s
2026-05-06 13:56:09,652 INFO sqlalchemy.engine.Engine [cached since 80.71s ago] {'story_id_1': '2f846d20-9d22-4e0b-8945-a010a5a48bb8', 'param_1': 1}
INFO:     127.0.0.1:39852 - "GET /api/v1/chapters/story/2f846d20-9d22-4e0b-8945-a010a5a48bb8/stats HTTP/1.1" 200 OK
2026-05-06 13:56:09,653 INFO sqlalchemy.engine.Engine ROLLBACK
INFO:     127.0.0.1:39868 - "GET /api/v1/video/audio-path/2f846d20-9d22-4e0b-8945-a010a5a48bb8 HTTP/1.1" 200 OK
2026-05-06 13:56:09,658 INFO sqlalchemy.engine.Engine BEGIN (implicit)
2026-05-06 13:56:09,658 INFO sqlalchemy.engine.Engine SELECT merged_audio.id AS merged_audio_id, merged_audio.story_id AS merged_audio_story_id, merged_audio.file_path AS merged_audio_file_path, merged_audio.file_size AS merged_audio_file_size, merged_audio.duration AS merged_audio_duration, merged_audio.format AS merged_audio_format, merged_audio.total_chapters AS merged_audio_total_chapters, merged_audio.created_at AS merged_audio_created_at 
FROM merged_audio 
WHERE merged_audio.story_id = %(story_id_1)s ORDER BY merged_audio.created_at DESC 
 LIMIT %(param_1)s
2026-05-06 13:56:09,658 INFO sqlalchemy.engine.Engine [cached since 80.72s ago] {'story_id_1': '2f846d20-9d22-4e0b-8945-a010a5a48bb8', 'param_1': 1}
2026-05-06 13:56:09,659 INFO sqlalchemy.engine.Engine ROLLBACK
2026-05-06 13:56:09,659 INFO sqlalchemy.engine.Engine BEGIN (implicit)
2026-05-06 13:56:09,660 INFO sqlalchemy.engine.Engine SELECT video_outputs.id AS video_outputs_id, video_outputs.story_id AS video_outputs_story_id, video_outputs.audio_source_path AS video_outputs_audio_source_path, video_outputs.video_source_folder AS video_outputs_video_source_folder, video_outputs.output_path AS video_outputs_output_path, video_outputs.file_size AS video_outputs_file_size, video_outputs.duration AS video_outputs_duration, video_outputs.audio_speed AS video_outputs_audio_speed, video_outputs.transition_effect AS video_outputs_transition_effect, video_outputs.transition_duration AS video_outputs_transition_duration, video_outputs.resolution AS video_outputs_resolution, video_outputs.status AS video_outputs_status, video_outputs.error_message AS video_outputs_error_message, video_outputs.created_at AS video_outputs_created_at, video_outputs.updated_at AS video_outputs_updated_at 
FROM video_outputs 
WHERE video_outputs.story_id = %(story_id_1)s ORDER BY video_outputs.created_at DESC 
 LIMIT %(param_1)s
2026-05-06 13:56:09,660 INFO sqlalchemy.engine.Engine [cached since 80.69s ago] {'story_id_1': '2f846d20-9d22-4e0b-8945-a010a5a48bb8', 'param_1': 1}
INFO:     127.0.0.1:39876 - "GET /api/v1/video/audio-path/2f846d20-9d22-4e0b-8945-a010a5a48bb8 HTTP/1.1" 200 OK
2026-05-06 13:56:09,661 INFO sqlalchemy.engine.Engine ROLLBACK
INFO:     127.0.0.1:39892 - "GET /api/v1/video/result/2f846d20-9d22-4e0b-8945-a010a5a48bb8 HTTP/1.1" 404 Not Found
2026-05-06 13:56:09,666 INFO sqlalchemy.engine.Engine BEGIN (implicit)
2026-05-06 13:56:09,666 INFO sqlalchemy.engine.Engine SELECT video_outputs.id AS video_outputs_id, video_outputs.story_id AS video_outputs_story_id, video_outputs.audio_source_path AS video_outputs_audio_source_path, video_outputs.video_source_folder AS video_outputs_video_source_folder, video_outputs.output_path AS video_outputs_output_path, video_outputs.file_size AS video_outputs_file_size, video_outputs.duration AS video_outputs_duration, video_outputs.audio_speed AS video_outputs_audio_speed, video_outputs.transition_effect AS video_outputs_transition_effect, video_outputs.transition_duration AS video_outputs_transition_duration, video_outputs.resolution AS video_outputs_resolution, video_outputs.status AS video_outputs_status, video_outputs.error_message AS video_outputs_error_message, video_outputs.created_at AS video_outputs_created_at, video_outputs.updated_at AS video_outputs_updated_at 
FROM video_outputs 
WHERE video_outputs.story_id = %(story_id_1)s ORDER BY video_outputs.created_at DESC 
 LIMIT %(param_1)s
2026-05-06 13:56:09,666 INFO sqlalchemy.engine.Engine [cached since 80.69s ago] {'story_id_1': '2f846d20-9d22-4e0b-8945-a010a5a48bb8', 'param_1': 1}
2026-05-06 13:56:09,666 INFO sqlalchemy.engine.Engine ROLLBACK
INFO:     127.0.0.1:39900 - "GET /api/v1/video/result/2f846d20-9d22-4e0b-8945-a010a5a48bb8 HTTP/1.1" 404 Not Found
INFO:     127.0.0.1:42596 - "GET /api/v1/video/fonts HTTP/1.1" 200 OK
INFO:     127.0.0.1:42610 - "GET /api/v1/video/sample-clip?folder=%2Fhome%2Fduoclv%2FDownloads%2Ftemp-20260506T015716Z-3-001%2Ftemp%2Frandom_50min_20260419_210319 HTTP/1.1" 200 OK
INFO:     127.0.0.1:42628 - "GET /api/v1/video/fonts HTTP/1.1" 200 OK
2026-05-06 13:56:30,851 INFO sqlalchemy.engine.Engine BEGIN (implicit)
2026-05-06 13:56:30,851 INFO sqlalchemy.engine.Engine SELECT stories.id AS stories_id, stories.title AS stories_title, stories.url AS stories_url, stories.author AS stories_author, stories.total_chapters AS stories_total_chapters, stories.start_chapter AS stories_start_chapter, stories.end_chapter AS stories_end_chapter, stories.custom_chapter_urls AS stories_custom_chapter_urls, stories.status AS stories_status, stories.current_step AS stories_current_step, stories.is_favorite AS stories_is_favorite, stories.merged_content AS stories_merged_content, stories.created_at AS stories_created_at, stories.updated_at AS stories_updated_at 
FROM stories 
WHERE stories.id = %(id_1)s 
 LIMIT %(param_1)s
2026-05-06 13:56:30,851 INFO sqlalchemy.engine.Engine [cached since 102s ago] {'id_1': '2f846d20-9d22-4e0b-8945-a010a5a48bb8', 'param_1': 1}
2026-05-06 13:56:30,853 INFO sqlalchemy.engine.Engine BEGIN (implicit)
2026-05-06 13:56:30,854 INFO sqlalchemy.engine.Engine SELECT voices.id AS voices_id, voices.code AS voices_code, voices.name AS voices_name, voices.gender AS voices_gender, voices.locale AS voices_locale, voices.category AS voices_category, voices.description AS voices_description, voices.demo_url AS voices_demo_url, voices.is_active AS voices_is_active, voices.`rank` AS voices_rank, voices.created_at AS voices_created_at 
FROM voices 
WHERE voices.is_active = true ORDER BY voices.`rank`
2026-05-06 13:56:30,854 INFO sqlalchemy.engine.Engine [cached since 102s ago] {}
2026-05-06 13:56:30.854 | INFO     | app.api.tts:list_voices:87 - Retrieved 14 voices from database
2026-05-06 13:56:30,855 INFO sqlalchemy.engine.Engine ROLLBACK
INFO:     127.0.0.1:42634 - "GET /api/v1/video/sample-clip?folder=%2Fhome%2Fduoclv%2FDownloads%2Ftemp-20260506T015716Z-3-001%2Ftemp%2Frandom_50min_20260419_210319 HTTP/1.1" 200 OK
INFO:     127.0.0.1:42614 - "GET /api/v1/stories/2f846d20-9d22-4e0b-8945-a010a5a48bb8 HTTP/1.1" 200 OK
2026-05-06 13:56:30,858 INFO sqlalchemy.engine.Engine ROLLBACK
INFO:     127.0.0.1:42622 - "GET /api/v1/tts/voices HTTP/1.1" 200 OK
2026-05-06 13:56:30,865 INFO sqlalchemy.engine.Engine BEGIN (implicit)
2026-05-06 13:56:30,866 INFO sqlalchemy.engine.Engine SELECT stories.id AS stories_id, stories.title AS stories_title, stories.url AS stories_url, stories.author AS stories_author, stories.total_chapters AS stories_total_chapters, stories.start_chapter AS stories_start_chapter, stories.end_chapter AS stories_end_chapter, stories.custom_chapter_urls AS stories_custom_chapter_urls, stories.status AS stories_status, stories.current_step AS stories_current_step, stories.is_favorite AS stories_is_favorite, stories.merged_content AS stories_merged_content, stories.created_at AS stories_created_at, stories.updated_at AS stories_updated_at 
FROM stories 
WHERE stories.id = %(id_1)s 
 LIMIT %(param_1)s
2026-05-06 13:56:30,866 INFO sqlalchemy.engine.Engine [cached since 102s ago] {'id_1': '2f846d20-9d22-4e0b-8945-a010a5a48bb8', 'param_1': 1}
2026-05-06 13:56:30,867 INFO sqlalchemy.engine.Engine BEGIN (implicit)
2026-05-06 13:56:30,868 INFO sqlalchemy.engine.Engine SELECT voices.id AS voices_id, voices.code AS voices_code, voices.name AS voices_name, voices.gender AS voices_gender, voices.locale AS voices_locale, voices.category AS voices_category, voices.description AS voices_description, voices.demo_url AS voices_demo_url, voices.is_active AS voices_is_active, voices.`rank` AS voices_rank, voices.created_at AS voices_created_at 
FROM voices 
WHERE voices.is_active = true ORDER BY voices.`rank`
2026-05-06 13:56:30,868 INFO sqlalchemy.engine.Engine [cached since 102s ago] {}
2026-05-06 13:56:30.869 | INFO     | app.api.tts:list_voices:87 - Retrieved 14 voices from database
2026-05-06 13:56:30,870 INFO sqlalchemy.engine.Engine ROLLBACK
2026-05-06 13:56:30,870 INFO sqlalchemy.engine.Engine ROLLBACK
INFO:     127.0.0.1:42660 - "GET /api/v1/tts/voices HTTP/1.1" 200 OK
INFO:     127.0.0.1:42650 - "GET /api/v1/stories/2f846d20-9d22-4e0b-8945-a010a5a48bb8 HTTP/1.1" 200 OK
2026-05-06 13:56:30,877 INFO sqlalchemy.engine.Engine BEGIN (implicit)
2026-05-06 13:56:30,878 INFO sqlalchemy.engine.Engine SELECT chapters.id AS chapters_id, chapters.story_id AS chapters_story_id, chapters.chapter_number AS chapters_chapter_number, chapters.title AS chapters_title, chapters.content AS chapters_content, chapters.char_count AS chapters_char_count, chapters.has_censored_words AS chapters_has_censored_words, chapters.censored_count AS chapters_censored_count, chapters.status AS chapters_status, chapters.created_at AS chapters_created_at, chapters.updated_at AS chapters_updated_at 
FROM chapters 
WHERE chapters.story_id = %(story_id_1)s ORDER BY chapters.chapter_number
2026-05-06 13:56:30,878 INFO sqlalchemy.engine.Engine [cached since 102s ago] {'story_id_1': '2f846d20-9d22-4e0b-8945-a010a5a48bb8'}
2026-05-06 13:56:30,880 INFO sqlalchemy.engine.Engine ROLLBACK
INFO:     127.0.0.1:42668 - "GET /api/v1/stories/2f846d20-9d22-4e0b-8945-a010a5a48bb8/chapters HTTP/1.1" 200 OK
2026-05-06 13:56:30,893 INFO sqlalchemy.engine.Engine BEGIN (implicit)
2026-05-06 13:56:30,893 INFO sqlalchemy.engine.Engine SELECT chapters.id AS chapters_id, chapters.story_id AS chapters_story_id, chapters.chapter_number AS chapters_chapter_number, chapters.title AS chapters_title, chapters.content AS chapters_content, chapters.char_count AS chapters_char_count, chapters.has_censored_words AS chapters_has_censored_words, chapters.censored_count AS chapters_censored_count, chapters.status AS chapters_status, chapters.created_at AS chapters_created_at, chapters.updated_at AS chapters_updated_at 
FROM chapters 
WHERE chapters.story_id = %(story_id_1)s ORDER BY chapters.chapter_number
2026-05-06 13:56:30,893 INFO sqlalchemy.engine.Engine [cached since 102s ago] {'story_id_1': '2f846d20-9d22-4e0b-8945-a010a5a48bb8'}
2026-05-06 13:56:30,897 INFO sqlalchemy.engine.Engine ROLLBACK
2026-05-06 13:56:30,897 INFO sqlalchemy.engine.Engine BEGIN (implicit)
2026-05-06 13:56:30,897 INFO sqlalchemy.engine.Engine SELECT chapters.id AS chapters_id, chapters.story_id AS chapters_story_id, chapters.chapter_number AS chapters_chapter_number, chapters.title AS chapters_title, chapters.content AS chapters_content, chapters.char_count AS chapters_char_count, chapters.has_censored_words AS chapters_has_censored_words, chapters.censored_count AS chapters_censored_count, chapters.status AS chapters_status, chapters.created_at AS chapters_created_at, chapters.updated_at AS chapters_updated_at 
FROM chapters 
WHERE chapters.story_id = %(story_id_1)s
2026-05-06 13:56:30,897 INFO sqlalchemy.engine.Engine [cached since 102s ago] {'story_id_1': '2f846d20-9d22-4e0b-8945-a010a5a48bb8'}
INFO:     127.0.0.1:42670 - "GET /api/v1/stories/2f846d20-9d22-4e0b-8945-a010a5a48bb8/chapters HTTP/1.1" 200 OK
2026-05-06 13:56:30,900 INFO sqlalchemy.engine.Engine ROLLBACK
INFO:     127.0.0.1:42682 - "GET /api/v1/chapters/story/2f846d20-9d22-4e0b-8945-a010a5a48bb8/stats HTTP/1.1" 200 OK
2026-05-06 13:56:30,931 INFO sqlalchemy.engine.Engine BEGIN (implicit)
2026-05-06 13:56:30,932 INFO sqlalchemy.engine.Engine SELECT chapters.id AS chapters_id, chapters.story_id AS chapters_story_id, chapters.chapter_number AS chapters_chapter_number, chapters.title AS chapters_title, chapters.content AS chapters_content, chapters.char_count AS chapters_char_count, chapters.has_censored_words AS chapters_has_censored_words, chapters.censored_count AS chapters_censored_count, chapters.status AS chapters_status, chapters.created_at AS chapters_created_at, chapters.updated_at AS chapters_updated_at 
FROM chapters 
WHERE chapters.story_id = %(story_id_1)s
2026-05-06 13:56:30,932 INFO sqlalchemy.engine.Engine [cached since 102s ago] {'story_id_1': '2f846d20-9d22-4e0b-8945-a010a5a48bb8'}
2026-05-06 13:56:30,937 INFO sqlalchemy.engine.Engine ROLLBACK
2026-05-06 13:56:30,938 INFO sqlalchemy.engine.Engine BEGIN (implicit)
2026-05-06 13:56:30,939 INFO sqlalchemy.engine.Engine SELECT merged_audio.id AS merged_audio_id, merged_audio.story_id AS merged_audio_story_id, merged_audio.file_path AS merged_audio_file_path, merged_audio.file_size AS merged_audio_file_size, merged_audio.duration AS merged_audio_duration, merged_audio.format AS merged_audio_format, merged_audio.total_chapters AS merged_audio_total_chapters, merged_audio.created_at AS merged_audio_created_at 
FROM merged_audio 
WHERE merged_audio.story_id = %(story_id_1)s ORDER BY merged_audio.created_at DESC 
 LIMIT %(param_1)s
2026-05-06 13:56:30,939 INFO sqlalchemy.engine.Engine [cached since 102s ago] {'story_id_1': '2f846d20-9d22-4e0b-8945-a010a5a48bb8', 'param_1': 1}
INFO:     127.0.0.1:42684 - "GET /api/v1/chapters/story/2f846d20-9d22-4e0b-8945-a010a5a48bb8/stats HTTP/1.1" 200 OK
2026-05-06 13:56:30,942 INFO sqlalchemy.engine.Engine ROLLBACK
INFO:     127.0.0.1:42686 - "GET /api/v1/video/audio-path/2f846d20-9d22-4e0b-8945-a010a5a48bb8 HTTP/1.1" 200 OK
2026-05-06 13:56:30,952 INFO sqlalchemy.engine.Engine BEGIN (implicit)
2026-05-06 13:56:30,952 INFO sqlalchemy.engine.Engine SELECT merged_audio.id AS merged_audio_id, merged_audio.story_id AS merged_audio_story_id, merged_audio.file_path AS merged_audio_file_path, merged_audio.file_size AS merged_audio_file_size, merged_audio.duration AS merged_audio_duration, merged_audio.format AS merged_audio_format, merged_audio.total_chapters AS merged_audio_total_chapters, merged_audio.created_at AS merged_audio_created_at 
FROM merged_audio 
WHERE merged_audio.story_id = %(story_id_1)s ORDER BY merged_audio.created_at DESC 
 LIMIT %(param_1)s
2026-05-06 13:56:30,952 INFO sqlalchemy.engine.Engine [cached since 102s ago] {'story_id_1': '2f846d20-9d22-4e0b-8945-a010a5a48bb8', 'param_1': 1}
2026-05-06 13:56:30,954 INFO sqlalchemy.engine.Engine BEGIN (implicit)
2026-05-06 13:56:30,954 INFO sqlalchemy.engine.Engine SELECT video_outputs.id AS video_outputs_id, video_outputs.story_id AS video_outputs_story_id, video_outputs.audio_source_path AS video_outputs_audio_source_path, video_outputs.video_source_folder AS video_outputs_video_source_folder, video_outputs.output_path AS video_outputs_output_path, video_outputs.file_size AS video_outputs_file_size, video_outputs.duration AS video_outputs_duration, video_outputs.audio_speed AS video_outputs_audio_speed, video_outputs.transition_effect AS video_outputs_transition_effect, video_outputs.transition_duration AS video_outputs_transition_duration, video_outputs.resolution AS video_outputs_resolution, video_outputs.status AS video_outputs_status, video_outputs.error_message AS video_outputs_error_message, video_outputs.created_at AS video_outputs_created_at, video_outputs.updated_at AS video_outputs_updated_at 
FROM video_outputs 
WHERE video_outputs.story_id = %(story_id_1)s ORDER BY video_outputs.created_at DESC 
 LIMIT %(param_1)s
2026-05-06 13:56:30,955 INFO sqlalchemy.engine.Engine [cached since 102s ago] {'story_id_1': '2f846d20-9d22-4e0b-8945-a010a5a48bb8', 'param_1': 1}
2026-05-06 13:56:30,956 INFO sqlalchemy.engine.Engine ROLLBACK
2026-05-06 13:56:30,956 INFO sqlalchemy.engine.Engine ROLLBACK
INFO:     127.0.0.1:42702 - "GET /api/v1/video/audio-path/2f846d20-9d22-4e0b-8945-a010a5a48bb8 HTTP/1.1" 200 OK
INFO:     127.0.0.1:42714 - "GET /api/v1/video/result/2f846d20-9d22-4e0b-8945-a010a5a48bb8 HTTP/1.1" 404 Not Found
2026-05-06 13:56:30,969 INFO sqlalchemy.engine.Engine BEGIN (implicit)
2026-05-06 13:56:30,970 INFO sqlalchemy.engine.Engine SELECT video_outputs.id AS video_outputs_id, video_outputs.story_id AS video_outputs_story_id, video_outputs.audio_source_path AS video_outputs_audio_source_path, video_outputs.video_source_folder AS video_outputs_video_source_folder, video_outputs.output_path AS video_outputs_output_path, video_outputs.file_size AS video_outputs_file_size, video_outputs.duration AS video_outputs_duration, video_outputs.audio_speed AS video_outputs_audio_speed, video_outputs.transition_effect AS video_outputs_transition_effect, video_outputs.transition_duration AS video_outputs_transition_duration, video_outputs.resolution AS video_outputs_resolution, video_outputs.status AS video_outputs_status, video_outputs.error_message AS video_outputs_error_message, video_outputs.created_at AS video_outputs_created_at, video_outputs.updated_at AS video_outputs_updated_at 
FROM video_outputs 
WHERE video_outputs.story_id = %(story_id_1)s ORDER BY video_outputs.created_at DESC 
 LIMIT %(param_1)s
2026-05-06 13:56:30,970 INFO sqlalchemy.engine.Engine [cached since 102s ago] {'story_id_1': '2f846d20-9d22-4e0b-8945-a010a5a48bb8', 'param_1': 1}
2026-05-06 13:56:30,971 INFO sqlalchemy.engine.Engine ROLLBACK
INFO:     127.0.0.1:42724 - "GET /api/v1/video/result/2f846d20-9d22-4e0b-8945-a010a5a48bb8 HTTP/1.1" 404 Not Found
2026-05-06 13:56:31.337 | INFO     | app.services.video_processor:__init__:42 - NVENC GPU encoding available (h264_nvenc)
INFO:     127.0.0.1:42734 - "GET /api/v1/video/audio-duration?path=storage%2Faudio%2FStory_20260421_133734%2Fmerged_audio.mp3 HTTP/1.1" 200 OK
INFO:     127.0.0.1:53778 - "GET /api/v1/video/fonts HTTP/1.1" 200 OK
INFO:     127.0.0.1:53794 - "GET /api/v1/video/sample-clip?folder=%2Fhome%2Fduoclv%2FDownloads%2Ftemp-20260506T015716Z-3-001%2Ftemp%2Frandom_50min_20260419_210319 HTTP/1.1" 200 OK
2026-05-06 13:57:08,830 INFO sqlalchemy.engine.Engine BEGIN (implicit)
2026-05-06 13:57:08,831 INFO sqlalchemy.engine.Engine SELECT stories.id AS stories_id, stories.title AS stories_title, stories.url AS stories_url, stories.author AS stories_author, stories.total_chapters AS stories_total_chapters, stories.start_chapter AS stories_start_chapter, stories.end_chapter AS stories_end_chapter, stories.custom_chapter_urls AS stories_custom_chapter_urls, stories.status AS stories_status, stories.current_step AS stories_current_step, stories.is_favorite AS stories_is_favorite, stories.merged_content AS stories_merged_content, stories.created_at AS stories_created_at, stories.updated_at AS stories_updated_at 
FROM stories 
WHERE stories.id = %(id_1)s 
 LIMIT %(param_1)s
2026-05-06 13:57:08,831 INFO sqlalchemy.engine.Engine [cached since 140s ago] {'id_1': '2f846d20-9d22-4e0b-8945-a010a5a48bb8', 'param_1': 1}
2026-05-06 13:57:08,833 INFO sqlalchemy.engine.Engine BEGIN (implicit)
2026-05-06 13:57:08,833 INFO sqlalchemy.engine.Engine SELECT voices.id AS voices_id, voices.code AS voices_code, voices.name AS voices_name, voices.gender AS voices_gender, voices.locale AS voices_locale, voices.category AS voices_category, voices.description AS voices_description, voices.demo_url AS voices_demo_url, voices.is_active AS voices_is_active, voices.`rank` AS voices_rank, voices.created_at AS voices_created_at 
FROM voices 
WHERE voices.is_active = true ORDER BY voices.`rank`
2026-05-06 13:57:08,833 INFO sqlalchemy.engine.Engine [cached since 140s ago] {}
2026-05-06 13:57:08.835 | INFO     | app.api.tts:list_voices:87 - Retrieved 14 voices from database
2026-05-06 13:57:08,836 INFO sqlalchemy.engine.Engine ROLLBACK
2026-05-06 13:57:08,836 INFO sqlalchemy.engine.Engine ROLLBACK
INFO:     127.0.0.1:53822 - "GET /api/v1/tts/voices HTTP/1.1" 200 OK
INFO:     127.0.0.1:53810 - "GET /api/v1/stories/2f846d20-9d22-4e0b-8945-a010a5a48bb8 HTTP/1.1" 200 OK
2026-05-06 13:57:08,846 INFO sqlalchemy.engine.Engine BEGIN (implicit)
2026-05-06 13:57:08,846 INFO sqlalchemy.engine.Engine SELECT chapters.id AS chapters_id, chapters.story_id AS chapters_story_id, chapters.chapter_number AS chapters_chapter_number, chapters.title AS chapters_title, chapters.content AS chapters_content, chapters.char_count AS chapters_char_count, chapters.has_censored_words AS chapters_has_censored_words, chapters.censored_count AS chapters_censored_count, chapters.status AS chapters_status, chapters.created_at AS chapters_created_at, chapters.updated_at AS chapters_updated_at 
FROM chapters 
WHERE chapters.story_id = %(story_id_1)s ORDER BY chapters.chapter_number
2026-05-06 13:57:08,846 INFO sqlalchemy.engine.Engine [cached since 140s ago] {'story_id_1': '2f846d20-9d22-4e0b-8945-a010a5a48bb8'}
2026-05-06 13:57:08,849 INFO sqlalchemy.engine.Engine ROLLBACK
INFO:     127.0.0.1:53834 - "GET /api/v1/stories/2f846d20-9d22-4e0b-8945-a010a5a48bb8/chapters HTTP/1.1" 200 OK
INFO:     127.0.0.1:53846 - "GET /api/v1/video/preview-video?path=%2Fhome%2Fduoclv%2FDownloads%2Ftemp-20260506T015716Z-3-001%2Ftemp%2Frandom_50min_20260419_210319%2F0036_2022-09-26_3xka6z6ihj8zgqg_%E5%9B%BD%E5%BA%86%E8%8A%82%E4%B8%BB%E9%A2%98%E7%BB%98%E7%94%BB%EF%BC%8C%E4%B8%80%E7%9C%8B%E5%B0%B1%E4%BC%9A%20%23%E5%9B%BD%E5%BA%86%E8%8A%82%E5%BF%AB%E4%B9%90%20%23%E5%9B%BD%E5%BA%86%E8%8A%82%E4%B8%BB%E9%A2%98%E7%BB%98%E7%94%BB%20%23%E5%9B%BD%E5%BA%86%E8%8A%82%E7%AE%80%E7%AC%94%E7%94%BB.mp4 HTTP/1.1" 200 OK
2026-05-06 13:57:08,856 INFO sqlalchemy.engine.Engine BEGIN (implicit)
2026-05-06 13:57:08,856 INFO sqlalchemy.engine.Engine SELECT chapters.id AS chapters_id, chapters.story_id AS chapters_story_id, chapters.chapter_number AS chapters_chapter_number, chapters.title AS chapters_title, chapters.content AS chapters_content, chapters.char_count AS chapters_char_count, chapters.has_censored_words AS chapters_has_censored_words, chapters.censored_count AS chapters_censored_count, chapters.status AS chapters_status, chapters.created_at AS chapters_created_at, chapters.updated_at AS chapters_updated_at 
FROM chapters 
WHERE chapters.story_id = %(story_id_1)s
2026-05-06 13:57:08,856 INFO sqlalchemy.engine.Engine [cached since 140s ago] {'story_id_1': '2f846d20-9d22-4e0b-8945-a010a5a48bb8'}
2026-05-06 13:57:08,858 INFO sqlalchemy.engine.Engine ROLLBACK
INFO:     127.0.0.1:53862 - "GET /api/v1/chapters/story/2f846d20-9d22-4e0b-8945-a010a5a48bb8/stats HTTP/1.1" 200 OK
2026-05-06 13:57:08,868 INFO sqlalchemy.engine.Engine BEGIN (implicit)
2026-05-06 13:57:08,868 INFO sqlalchemy.engine.Engine SELECT merged_audio.id AS merged_audio_id, merged_audio.story_id AS merged_audio_story_id, merged_audio.file_path AS merged_audio_file_path, merged_audio.file_size AS merged_audio_file_size, merged_audio.duration AS merged_audio_duration, merged_audio.format AS merged_audio_format, merged_audio.total_chapters AS merged_audio_total_chapters, merged_audio.created_at AS merged_audio_created_at 
FROM merged_audio 
WHERE merged_audio.story_id = %(story_id_1)s ORDER BY merged_audio.created_at DESC 
 LIMIT %(param_1)s
2026-05-06 13:57:08,868 INFO sqlalchemy.engine.Engine [cached since 139.9s ago] {'story_id_1': '2f846d20-9d22-4e0b-8945-a010a5a48bb8', 'param_1': 1}
2026-05-06 13:57:08,869 INFO sqlalchemy.engine.Engine ROLLBACK
INFO:     127.0.0.1:53872 - "GET /api/v1/video/audio-path/2f846d20-9d22-4e0b-8945-a010a5a48bb8 HTTP/1.1" 200 OK
2026-05-06 13:57:08,897 INFO sqlalchemy.engine.Engine BEGIN (implicit)
2026-05-06 13:57:08,897 INFO sqlalchemy.engine.Engine SELECT video_outputs.id AS video_outputs_id, video_outputs.story_id AS video_outputs_story_id, video_outputs.audio_source_path AS video_outputs_audio_source_path, video_outputs.video_source_folder AS video_outputs_video_source_folder, video_outputs.output_path AS video_outputs_output_path, video_outputs.file_size AS video_outputs_file_size, video_outputs.duration AS video_outputs_duration, video_outputs.audio_speed AS video_outputs_audio_speed, video_outputs.transition_effect AS video_outputs_transition_effect, video_outputs.transition_duration AS video_outputs_transition_duration, video_outputs.resolution AS video_outputs_resolution, video_outputs.status AS video_outputs_status, video_outputs.error_message AS video_outputs_error_message, video_outputs.created_at AS video_outputs_created_at, video_outputs.updated_at AS video_outputs_updated_at 
FROM video_outputs 
WHERE video_outputs.story_id = %(story_id_1)s ORDER BY video_outputs.created_at DESC 
 LIMIT %(param_1)s
2026-05-06 13:57:08,897 INFO sqlalchemy.engine.Engine [cached since 139.9s ago] {'story_id_1': '2f846d20-9d22-4e0b-8945-a010a5a48bb8', 'param_1': 1}
2026-05-06 13:57:08,898 INFO sqlalchemy.engine.Engine ROLLBACK
INFO:     127.0.0.1:53884 - "GET /api/v1/video/result/2f846d20-9d22-4e0b-8945-a010a5a48bb8 HTTP/1.1" 404 Not Found
2026-05-06 13:57:09.202 | INFO     | app.services.video_processor:__init__:42 - NVENC GPU encoding available (h264_nvenc)
INFO:     127.0.0.1:53894 - "GET /api/v1/video/audio-duration?path=storage%2Faudio%2FStory_20260421_133734%2Fmerged_audio.mp3 HTTP/1.1" 200 OK
INFO:     127.0.0.1:50316 - "GET /api/v1/video/fonts HTTP/1.1" 200 OK
INFO:     127.0.0.1:50320 - "GET /api/v1/video/sample-clip?folder=%2Fhome%2Fduoclv%2FDownloads%2Ftemp-20260506T015716Z-3-001%2Ftemp%2Frandom_50min_20260419_210319 HTTP/1.1" 200 OK
2026-05-06 13:57:20,379 INFO sqlalchemy.engine.Engine BEGIN (implicit)
2026-05-06 13:57:20,380 INFO sqlalchemy.engine.Engine SELECT stories.id AS stories_id, stories.title AS stories_title, stories.url AS stories_url, stories.author AS stories_author, stories.total_chapters AS stories_total_chapters, stories.start_chapter AS stories_start_chapter, stories.end_chapter AS stories_end_chapter, stories.custom_chapter_urls AS stories_custom_chapter_urls, stories.status AS stories_status, stories.current_step AS stories_current_step, stories.is_favorite AS stories_is_favorite, stories.merged_content AS stories_merged_content, stories.created_at AS stories_created_at, stories.updated_at AS stories_updated_at 
FROM stories 
WHERE stories.id = %(id_1)s 
 LIMIT %(param_1)s
2026-05-06 13:57:20,380 INFO sqlalchemy.engine.Engine [cached since 151.5s ago] {'id_1': '2f846d20-9d22-4e0b-8945-a010a5a48bb8', 'param_1': 1}
2026-05-06 13:57:20,381 INFO sqlalchemy.engine.Engine BEGIN (implicit)
2026-05-06 13:57:20,381 INFO sqlalchemy.engine.Engine SELECT voices.id AS voices_id, voices.code AS voices_code, voices.name AS voices_name, voices.gender AS voices_gender, voices.locale AS voices_locale, voices.category AS voices_category, voices.description AS voices_description, voices.demo_url AS voices_demo_url, voices.is_active AS voices_is_active, voices.`rank` AS voices_rank, voices.created_at AS voices_created_at 
FROM voices 
WHERE voices.is_active = true ORDER BY voices.`rank`
2026-05-06 13:57:20,381 INFO sqlalchemy.engine.Engine [cached since 151.5s ago] {}
2026-05-06 13:57:20.382 | INFO     | app.api.tts:list_voices:87 - Retrieved 14 voices from database
2026-05-06 13:57:20,383 INFO sqlalchemy.engine.Engine ROLLBACK
2026-05-06 13:57:20,383 INFO sqlalchemy.engine.Engine ROLLBACK
INFO:     127.0.0.1:50348 - "GET /api/v1/tts/voices HTTP/1.1" 200 OK
INFO:     127.0.0.1:50336 - "GET /api/v1/stories/2f846d20-9d22-4e0b-8945-a010a5a48bb8 HTTP/1.1" 200 OK
2026-05-06 13:57:20,397 INFO sqlalchemy.engine.Engine BEGIN (implicit)
2026-05-06 13:57:20,398 INFO sqlalchemy.engine.Engine SELECT chapters.id AS chapters_id, chapters.story_id AS chapters_story_id, chapters.chapter_number AS chapters_chapter_number, chapters.title AS chapters_title, chapters.content AS chapters_content, chapters.char_count AS chapters_char_count, chapters.has_censored_words AS chapters_has_censored_words, chapters.censored_count AS chapters_censored_count, chapters.status AS chapters_status, chapters.created_at AS chapters_created_at, chapters.updated_at AS chapters_updated_at 
FROM chapters 
WHERE chapters.story_id = %(story_id_1)s ORDER BY chapters.chapter_number
2026-05-06 13:57:20,398 INFO sqlalchemy.engine.Engine [cached since 151.5s ago] {'story_id_1': '2f846d20-9d22-4e0b-8945-a010a5a48bb8'}
2026-05-06 13:57:20,401 INFO sqlalchemy.engine.Engine ROLLBACK
INFO:     127.0.0.1:50360 - "GET /api/v1/stories/2f846d20-9d22-4e0b-8945-a010a5a48bb8/chapters HTTP/1.1" 200 OK
INFO:     127.0.0.1:50368 - "GET /api/v1/video/preview-video?path=%2Fhome%2Fduoclv%2FDownloads%2Ftemp-20260506T015716Z-3-001%2Ftemp%2Frandom_50min_20260419_210319%2F0108_2023-05-12_3xyrzcn4kt9rj92_%E7%AB%B9%E6%9E%97%E5%B1%B1%E6%B0%B4%E4%B8%80%E7%9C%8B%E5%B0%B1%E4%BC%9A%23%E6%96%B0%E7%9F%A5%E5%88%9B%E4%BD%9C%E4%BA%BA%20%20%23%E9%9B%B6%E5%9F%BA%E7%A1%80%E5%AD%A6%E7%94%BB%E7%94%BB%20%23%E7%AE%80%E7%AC%94%E7%94%BB%20%40%E5%BF%AB%E6%89%8B%E7%83%AD%E7%82%B9(O3xddgkd5fav5if.mp4 HTTP/1.1" 200 OK
2026-05-06 13:57:20,409 INFO sqlalchemy.engine.Engine BEGIN (implicit)
2026-05-06 13:57:20,409 INFO sqlalchemy.engine.Engine SELECT chapters.id AS chapters_id, chapters.story_id AS chapters_story_id, chapters.chapter_number AS chapters_chapter_number, chapters.title AS chapters_title, chapters.content AS chapters_content, chapters.char_count AS chapters_char_count, chapters.has_censored_words AS chapters_has_censored_words, chapters.censored_count AS chapters_censored_count, chapters.status AS chapters_status, chapters.created_at AS chapters_created_at, chapters.updated_at AS chapters_updated_at 
FROM chapters 
WHERE chapters.story_id = %(story_id_1)s
2026-05-06 13:57:20,409 INFO sqlalchemy.engine.Engine [cached since 151.5s ago] {'story_id_1': '2f846d20-9d22-4e0b-8945-a010a5a48bb8'}
2026-05-06 13:57:20,411 INFO sqlalchemy.engine.Engine ROLLBACK
INFO:     127.0.0.1:50374 - "GET /api/v1/chapters/story/2f846d20-9d22-4e0b-8945-a010a5a48bb8/stats HTTP/1.1" 200 OK
2026-05-06 13:57:20,424 INFO sqlalchemy.engine.Engine BEGIN (implicit)
2026-05-06 13:57:20,425 INFO sqlalchemy.engine.Engine SELECT merged_audio.id AS merged_audio_id, merged_audio.story_id AS merged_audio_story_id, merged_audio.file_path AS merged_audio_file_path, merged_audio.file_size AS merged_audio_file_size, merged_audio.duration AS merged_audio_duration, merged_audio.format AS merged_audio_format, merged_audio.total_chapters AS merged_audio_total_chapters, merged_audio.created_at AS merged_audio_created_at 
FROM merged_audio 
WHERE merged_audio.story_id = %(story_id_1)s ORDER BY merged_audio.created_at DESC 
 LIMIT %(param_1)s
2026-05-06 13:57:20,425 INFO sqlalchemy.engine.Engine [cached since 151.5s ago] {'story_id_1': '2f846d20-9d22-4e0b-8945-a010a5a48bb8', 'param_1': 1}
2026-05-06 13:57:20,426 INFO sqlalchemy.engine.Engine ROLLBACK
INFO:     127.0.0.1:50390 - "GET /api/v1/video/audio-path/2f846d20-9d22-4e0b-8945-a010a5a48bb8 HTTP/1.1" 200 OK
2026-05-06 13:57:20,448 INFO sqlalchemy.engine.Engine BEGIN (implicit)
2026-05-06 13:57:20,448 INFO sqlalchemy.engine.Engine SELECT video_outputs.id AS video_outputs_id, video_outputs.story_id AS video_outputs_story_id, video_outputs.audio_source_path AS video_outputs_audio_source_path, video_outputs.video_source_folder AS video_outputs_video_source_folder, video_outputs.output_path AS video_outputs_output_path, video_outputs.file_size AS video_outputs_file_size, video_outputs.duration AS video_outputs_duration, video_outputs.audio_speed AS video_outputs_audio_speed, video_outputs.transition_effect AS video_outputs_transition_effect, video_outputs.transition_duration AS video_outputs_transition_duration, video_outputs.resolution AS video_outputs_resolution, video_outputs.status AS video_outputs_status, video_outputs.error_message AS video_outputs_error_message, video_outputs.created_at AS video_outputs_created_at, video_outputs.updated_at AS video_outputs_updated_at 
FROM video_outputs 
WHERE video_outputs.story_id = %(story_id_1)s ORDER BY video_outputs.created_at DESC 
 LIMIT %(param_1)s
2026-05-06 13:57:20,448 INFO sqlalchemy.engine.Engine [cached since 151.5s ago] {'story_id_1': '2f846d20-9d22-4e0b-8945-a010a5a48bb8', 'param_1': 1}
2026-05-06 13:57:20,449 INFO sqlalchemy.engine.Engine ROLLBACK
INFO:     127.0.0.1:50394 - "GET /api/v1/video/result/2f846d20-9d22-4e0b-8945-a010a5a48bb8 HTTP/1.1" 404 Not Found
2026-05-06 13:57:20.750 | INFO     | app.services.video_processor:__init__:42 - NVENC GPU encoding available (h264_nvenc)
INFO:     127.0.0.1:50400 - "GET /api/v1/video/audio-duration?path=storage%2Faudio%2FStory_20260421_133734%2Fmerged_audio.mp3 HTTP/1.1" 200 OK
INFO:     127.0.0.1:50450 - "GET /api/v1/video/fonts HTTP/1.1" 200 OK
INFO:     127.0.0.1:50454 - "GET /api/v1/video/sample-clip?folder=%2Fhome%2Fduoclv%2FDownloads%2Ftemp-20260506T015716Z-3-001%2Ftemp%2Frandom_50min_20260419_210319 HTTP/1.1" 200 OK
2026-05-06 13:57:27,598 INFO sqlalchemy.engine.Engine BEGIN (implicit)
2026-05-06 13:57:27,598 INFO sqlalchemy.engine.Engine SELECT stories.id AS stories_id, stories.title AS stories_title, stories.url AS stories_url, stories.author AS stories_author, stories.total_chapters AS stories_total_chapters, stories.start_chapter AS stories_start_chapter, stories.end_chapter AS stories_end_chapter, stories.custom_chapter_urls AS stories_custom_chapter_urls, stories.status AS stories_status, stories.current_step AS stories_current_step, stories.is_favorite AS stories_is_favorite, stories.merged_content AS stories_merged_content, stories.created_at AS stories_created_at, stories.updated_at AS stories_updated_at 
FROM stories 
WHERE stories.id = %(id_1)s 
 LIMIT %(param_1)s
2026-05-06 13:57:27,598 INFO sqlalchemy.engine.Engine [cached since 158.8s ago] {'id_1': '2f846d20-9d22-4e0b-8945-a010a5a48bb8', 'param_1': 1}
2026-05-06 13:57:27,600 INFO sqlalchemy.engine.Engine BEGIN (implicit)
2026-05-06 13:57:27,600 INFO sqlalchemy.engine.Engine SELECT voices.id AS voices_id, voices.code AS voices_code, voices.name AS voices_name, voices.gender AS voices_gender, voices.locale AS voices_locale, voices.category AS voices_category, voices.description AS voices_description, voices.demo_url AS voices_demo_url, voices.is_active AS voices_is_active, voices.`rank` AS voices_rank, voices.created_at AS voices_created_at 
FROM voices 
WHERE voices.is_active = true ORDER BY voices.`rank`
2026-05-06 13:57:27,600 INFO sqlalchemy.engine.Engine [cached since 158.7s ago] {}
2026-05-06 13:57:27.601 | INFO     | app.api.tts:list_voices:87 - Retrieved 14 voices from database
2026-05-06 13:57:27,602 INFO sqlalchemy.engine.Engine ROLLBACK
2026-05-06 13:57:27,602 INFO sqlalchemy.engine.Engine ROLLBACK
INFO:     127.0.0.1:50468 - "GET /api/v1/stories/2f846d20-9d22-4e0b-8945-a010a5a48bb8 HTTP/1.1" 200 OK
INFO:     127.0.0.1:50470 - "GET /api/v1/tts/voices HTTP/1.1" 200 OK
2026-05-06 13:57:27,616 INFO sqlalchemy.engine.Engine BEGIN (implicit)
2026-05-06 13:57:27,616 INFO sqlalchemy.engine.Engine SELECT chapters.id AS chapters_id, chapters.story_id AS chapters_story_id, chapters.chapter_number AS chapters_chapter_number, chapters.title AS chapters_title, chapters.content AS chapters_content, chapters.char_count AS chapters_char_count, chapters.has_censored_words AS chapters_has_censored_words, chapters.censored_count AS chapters_censored_count, chapters.status AS chapters_status, chapters.created_at AS chapters_created_at, chapters.updated_at AS chapters_updated_at 
FROM chapters 
WHERE chapters.story_id = %(story_id_1)s ORDER BY chapters.chapter_number
2026-05-06 13:57:27,616 INFO sqlalchemy.engine.Engine [cached since 158.7s ago] {'story_id_1': '2f846d20-9d22-4e0b-8945-a010a5a48bb8'}
2026-05-06 13:57:27,619 INFO sqlalchemy.engine.Engine ROLLBACK
INFO:     127.0.0.1:50478 - "GET /api/v1/stories/2f846d20-9d22-4e0b-8945-a010a5a48bb8/chapters HTTP/1.1" 200 OK
2026-05-06 13:57:27,629 INFO sqlalchemy.engine.Engine BEGIN (implicit)
2026-05-06 13:57:27,630 INFO sqlalchemy.engine.Engine SELECT chapters.id AS chapters_id, chapters.story_id AS chapters_story_id, chapters.chapter_number AS chapters_chapter_number, chapters.title AS chapters_title, chapters.content AS chapters_content, chapters.char_count AS chapters_char_count, chapters.has_censored_words AS chapters_has_censored_words, chapters.censored_count AS chapters_censored_count, chapters.status AS chapters_status, chapters.created_at AS chapters_created_at, chapters.updated_at AS chapters_updated_at 
FROM chapters 
WHERE chapters.story_id = %(story_id_1)s
2026-05-06 13:57:27,630 INFO sqlalchemy.engine.Engine [cached since 158.7s ago] {'story_id_1': '2f846d20-9d22-4e0b-8945-a010a5a48bb8'}
2026-05-06 13:57:27,632 INFO sqlalchemy.engine.Engine ROLLBACK
INFO:     127.0.0.1:50482 - "GET /api/v1/chapters/story/2f846d20-9d22-4e0b-8945-a010a5a48bb8/stats HTTP/1.1" 200 OK
2026-05-06 13:57:27,639 INFO sqlalchemy.engine.Engine BEGIN (implicit)
2026-05-06 13:57:27,640 INFO sqlalchemy.engine.Engine SELECT merged_audio.id AS merged_audio_id, merged_audio.story_id AS merged_audio_story_id, merged_audio.file_path AS merged_audio_file_path, merged_audio.file_size AS merged_audio_file_size, merged_audio.duration AS merged_audio_duration, merged_audio.format AS merged_audio_format, merged_audio.total_chapters AS merged_audio_total_chapters, merged_audio.created_at AS merged_audio_created_at 
FROM merged_audio 
WHERE merged_audio.story_id = %(story_id_1)s ORDER BY merged_audio.created_at DESC 
 LIMIT %(param_1)s
2026-05-06 13:57:27,640 INFO sqlalchemy.engine.Engine [cached since 158.7s ago] {'story_id_1': '2f846d20-9d22-4e0b-8945-a010a5a48bb8', 'param_1': 1}
2026-05-06 13:57:27,641 INFO sqlalchemy.engine.Engine ROLLBACK
INFO:     127.0.0.1:50486 - "GET /api/v1/video/audio-path/2f846d20-9d22-4e0b-8945-a010a5a48bb8 HTTP/1.1" 200 OK
2026-05-06 13:57:27,649 INFO sqlalchemy.engine.Engine BEGIN (implicit)
2026-05-06 13:57:27,649 INFO sqlalchemy.engine.Engine SELECT video_outputs.id AS video_outputs_id, video_outputs.story_id AS video_outputs_story_id, video_outputs.audio_source_path AS video_outputs_audio_source_path, video_outputs.video_source_folder AS video_outputs_video_source_folder, video_outputs.output_path AS video_outputs_output_path, video_outputs.file_size AS video_outputs_file_size, video_outputs.duration AS video_outputs_duration, video_outputs.audio_speed AS video_outputs_audio_speed, video_outputs.transition_effect AS video_outputs_transition_effect, video_outputs.transition_duration AS video_outputs_transition_duration, video_outputs.resolution AS video_outputs_resolution, video_outputs.status AS video_outputs_status, video_outputs.error_message AS video_outputs_error_message, video_outputs.created_at AS video_outputs_created_at, video_outputs.updated_at AS video_outputs_updated_at 
FROM video_outputs 
WHERE video_outputs.story_id = %(story_id_1)s ORDER BY video_outputs.created_at DESC 
 LIMIT %(param_1)s
2026-05-06 13:57:27,649 INFO sqlalchemy.engine.Engine [cached since 158.7s ago] {'story_id_1': '2f846d20-9d22-4e0b-8945-a010a5a48bb8', 'param_1': 1}
2026-05-06 13:57:27,650 INFO sqlalchemy.engine.Engine ROLLBACK
INFO:     127.0.0.1:50490 - "GET /api/v1/video/result/2f846d20-9d22-4e0b-8945-a010a5a48bb8 HTTP/1.1" 404 Not Found
2026-05-06 13:58:07.887 | INFO     | app.services.video_processor:__init__:42 - NVENC GPU encoding available (h264_nvenc)
INFO:     127.0.0.1:57334 - "GET /api/v1/video/audio-duration?path=storage%2Faudio%2FStory_20260421_133734%2Fmerged_audio.mp3 HTTP/1.1" 200 OK
INFO:     127.0.0.1:35850 - "GET /api/v1/video/fonts HTTP/1.1" 200 OK
INFO:     127.0.0.1:35852 - "GET /api/v1/video/sample-clip?folder=%2Fhome%2Fduoclv%2FDownloads%2Ftemp-20260506T015716Z-3-001%2Ftemp%2Frandom_50min_20260419_210319 HTTP/1.1" 200 OK
INFO:     127.0.0.1:35874 - "GET /api/v1/video/fonts HTTP/1.1" 200 OK
2026-05-06 14:01:35,837 INFO sqlalchemy.engine.Engine BEGIN (implicit)
2026-05-06 14:01:35,837 INFO sqlalchemy.engine.Engine SELECT stories.id AS stories_id, stories.title AS stories_title, stories.url AS stories_url, stories.author AS stories_author, stories.total_chapters AS stories_total_chapters, stories.start_chapter AS stories_start_chapter, stories.end_chapter AS stories_end_chapter, stories.custom_chapter_urls AS stories_custom_chapter_urls, stories.status AS stories_status, stories.current_step AS stories_current_step, stories.is_favorite AS stories_is_favorite, stories.merged_content AS stories_merged_content, stories.created_at AS stories_created_at, stories.updated_at AS stories_updated_at 
FROM stories 
WHERE stories.id = %(id_1)s 
 LIMIT %(param_1)s
2026-05-06 14:01:35,837 INFO sqlalchemy.engine.Engine [cached since 407s ago] {'id_1': '2f846d20-9d22-4e0b-8945-a010a5a48bb8', 'param_1': 1}
2026-05-06 14:01:35,839 INFO sqlalchemy.engine.Engine BEGIN (implicit)
2026-05-06 14:01:35,839 INFO sqlalchemy.engine.Engine SELECT voices.id AS voices_id, voices.code AS voices_code, voices.name AS voices_name, voices.gender AS voices_gender, voices.locale AS voices_locale, voices.category AS voices_category, voices.description AS voices_description, voices.demo_url AS voices_demo_url, voices.is_active AS voices_is_active, voices.`rank` AS voices_rank, voices.created_at AS voices_created_at 
FROM voices 
WHERE voices.is_active = true ORDER BY voices.`rank`
2026-05-06 14:01:35,839 INFO sqlalchemy.engine.Engine [cached since 407s ago] {}
2026-05-06 14:01:35.840 | INFO     | app.api.tts:list_voices:87 - Retrieved 14 voices from database
2026-05-06 14:01:35,841 INFO sqlalchemy.engine.Engine ROLLBACK
INFO:     127.0.0.1:35882 - "GET /api/v1/video/sample-clip?folder=%2Fhome%2Fduoclv%2FDownloads%2Ftemp-20260506T015716Z-3-001%2Ftemp%2Frandom_50min_20260419_210319 HTTP/1.1" 200 OK
2026-05-06 14:01:35,843 INFO sqlalchemy.engine.Engine ROLLBACK
INFO:     127.0.0.1:35856 - "GET /api/v1/stories/2f846d20-9d22-4e0b-8945-a010a5a48bb8 HTTP/1.1" 200 OK
INFO:     127.0.0.1:35868 - "GET /api/v1/tts/voices HTTP/1.1" 200 OK
2026-05-06 14:01:35,849 INFO sqlalchemy.engine.Engine BEGIN (implicit)
2026-05-06 14:01:35,850 INFO sqlalchemy.engine.Engine SELECT stories.id AS stories_id, stories.title AS stories_title, stories.url AS stories_url, stories.author AS stories_author, stories.total_chapters AS stories_total_chapters, stories.start_chapter AS stories_start_chapter, stories.end_chapter AS stories_end_chapter, stories.custom_chapter_urls AS stories_custom_chapter_urls, stories.status AS stories_status, stories.current_step AS stories_current_step, stories.is_favorite AS stories_is_favorite, stories.merged_content AS stories_merged_content, stories.created_at AS stories_created_at, stories.updated_at AS stories_updated_at 
FROM stories 
WHERE stories.id = %(id_1)s 
 LIMIT %(param_1)s
2026-05-06 14:01:35,850 INFO sqlalchemy.engine.Engine [cached since 407s ago] {'id_1': '2f846d20-9d22-4e0b-8945-a010a5a48bb8', 'param_1': 1}
2026-05-06 14:01:35,851 INFO sqlalchemy.engine.Engine BEGIN (implicit)
2026-05-06 14:01:35,851 INFO sqlalchemy.engine.Engine SELECT voices.id AS voices_id, voices.code AS voices_code, voices.name AS voices_name, voices.gender AS voices_gender, voices.locale AS voices_locale, voices.category AS voices_category, voices.description AS voices_description, voices.demo_url AS voices_demo_url, voices.is_active AS voices_is_active, voices.`rank` AS voices_rank, voices.created_at AS voices_created_at 
FROM voices 
WHERE voices.is_active = true ORDER BY voices.`rank`
2026-05-06 14:01:35,851 INFO sqlalchemy.engine.Engine [cached since 407s ago] {}
2026-05-06 14:01:35.853 | INFO     | app.api.tts:list_voices:87 - Retrieved 14 voices from database
2026-05-06 14:01:35,853 INFO sqlalchemy.engine.Engine ROLLBACK
2026-05-06 14:01:35,854 INFO sqlalchemy.engine.Engine ROLLBACK
INFO:     127.0.0.1:35890 - "GET /api/v1/stories/2f846d20-9d22-4e0b-8945-a010a5a48bb8 HTTP/1.1" 200 OK
INFO:     127.0.0.1:35892 - "GET /api/v1/tts/voices HTTP/1.1" 200 OK
2026-05-06 14:01:35,867 INFO sqlalchemy.engine.Engine BEGIN (implicit)
2026-05-06 14:01:35,868 INFO sqlalchemy.engine.Engine SELECT chapters.id AS chapters_id, chapters.story_id AS chapters_story_id, chapters.chapter_number AS chapters_chapter_number, chapters.title AS chapters_title, chapters.content AS chapters_content, chapters.char_count AS chapters_char_count, chapters.has_censored_words AS chapters_has_censored_words, chapters.censored_count AS chapters_censored_count, chapters.status AS chapters_status, chapters.created_at AS chapters_created_at, chapters.updated_at AS chapters_updated_at 
FROM chapters 
WHERE chapters.story_id = %(story_id_1)s ORDER BY chapters.chapter_number
2026-05-06 14:01:35,868 INFO sqlalchemy.engine.Engine [cached since 407s ago] {'story_id_1': '2f846d20-9d22-4e0b-8945-a010a5a48bb8'}
2026-05-06 14:01:35,870 INFO sqlalchemy.engine.Engine ROLLBACK
INFO:     127.0.0.1:35902 - "GET /api/v1/stories/2f846d20-9d22-4e0b-8945-a010a5a48bb8/chapters HTTP/1.1" 200 OK
2026-05-06 14:01:35,875 INFO sqlalchemy.engine.Engine BEGIN (implicit)
2026-05-06 14:01:35,875 INFO sqlalchemy.engine.Engine SELECT chapters.id AS chapters_id, chapters.story_id AS chapters_story_id, chapters.chapter_number AS chapters_chapter_number, chapters.title AS chapters_title, chapters.content AS chapters_content, chapters.char_count AS chapters_char_count, chapters.has_censored_words AS chapters_has_censored_words, chapters.censored_count AS chapters_censored_count, chapters.status AS chapters_status, chapters.created_at AS chapters_created_at, chapters.updated_at AS chapters_updated_at 
FROM chapters 
WHERE chapters.story_id = %(story_id_1)s ORDER BY chapters.chapter_number
2026-05-06 14:01:35,875 INFO sqlalchemy.engine.Engine [cached since 407s ago] {'story_id_1': '2f846d20-9d22-4e0b-8945-a010a5a48bb8'}
2026-05-06 14:01:35,878 INFO sqlalchemy.engine.Engine ROLLBACK
INFO:     127.0.0.1:35918 - "GET /api/v1/stories/2f846d20-9d22-4e0b-8945-a010a5a48bb8/chapters HTTP/1.1" 200 OK
2026-05-06 14:01:35,884 INFO sqlalchemy.engine.Engine BEGIN (implicit)
2026-05-06 14:01:35,884 INFO sqlalchemy.engine.Engine SELECT chapters.id AS chapters_id, chapters.story_id AS chapters_story_id, chapters.chapter_number AS chapters_chapter_number, chapters.title AS chapters_title, chapters.content AS chapters_content, chapters.char_count AS chapters_char_count, chapters.has_censored_words AS chapters_has_censored_words, chapters.censored_count AS chapters_censored_count, chapters.status AS chapters_status, chapters.created_at AS chapters_created_at, chapters.updated_at AS chapters_updated_at 
FROM chapters 
WHERE chapters.story_id = %(story_id_1)s
2026-05-06 14:01:35,884 INFO sqlalchemy.engine.Engine [cached since 407s ago] {'story_id_1': '2f846d20-9d22-4e0b-8945-a010a5a48bb8'}
2026-05-06 14:01:35,887 INFO sqlalchemy.engine.Engine ROLLBACK
INFO:     127.0.0.1:35932 - "GET /api/v1/chapters/story/2f846d20-9d22-4e0b-8945-a010a5a48bb8/stats HTTP/1.1" 200 OK
2026-05-06 14:01:35,897 INFO sqlalchemy.engine.Engine BEGIN (implicit)
2026-05-06 14:01:35,897 INFO sqlalchemy.engine.Engine SELECT chapters.id AS chapters_id, chapters.story_id AS chapters_story_id, chapters.chapter_number AS chapters_chapter_number, chapters.title AS chapters_title, chapters.content AS chapters_content, chapters.char_count AS chapters_char_count, chapters.has_censored_words AS chapters_has_censored_words, chapters.censored_count AS chapters_censored_count, chapters.status AS chapters_status, chapters.created_at AS chapters_created_at, chapters.updated_at AS chapters_updated_at 
FROM chapters 
WHERE chapters.story_id = %(story_id_1)s
2026-05-06 14:01:35,897 INFO sqlalchemy.engine.Engine [cached since 407s ago] {'story_id_1': '2f846d20-9d22-4e0b-8945-a010a5a48bb8'}
INFO:     127.0.0.1:35946 - "GET /api/v1/video/preview-video?path=%2Fhome%2Fduoclv%2FDownloads%2Ftemp-20260506T015716Z-3-001%2Ftemp%2Frandom_50min_20260419_210319%2F0082_2024-07-25_3xcg6nkxvjj84n9_%23%E7%BA%BF%E6%8F%8F%E4%B8%B4%E6%91%B9%20%23%E9%9B%B6%E5%9F%BA%E7%A1%80%E5%AD%A6%E7%94%BB%E7%94%BB%20%23%E7%94%BB%E7%94%BB.mp4 HTTP/1.1" 200 OK
2026-05-06 14:01:35,900 INFO sqlalchemy.engine.Engine ROLLBACK
INFO:     127.0.0.1:35938 - "GET /api/v1/chapters/story/2f846d20-9d22-4e0b-8945-a010a5a48bb8/stats HTTP/1.1" 200 OK
2026-05-06 14:01:35,949 INFO sqlalchemy.engine.Engine BEGIN (implicit)
2026-05-06 14:01:35,949 INFO sqlalchemy.engine.Engine SELECT merged_audio.id AS merged_audio_id, merged_audio.story_id AS merged_audio_story_id, merged_audio.file_path AS merged_audio_file_path, merged_audio.file_size AS merged_audio_file_size, merged_audio.duration AS merged_audio_duration, merged_audio.format AS merged_audio_format, merged_audio.total_chapters AS merged_audio_total_chapters, merged_audio.created_at AS merged_audio_created_at 
FROM merged_audio 
WHERE merged_audio.story_id = %(story_id_1)s ORDER BY merged_audio.created_at DESC 
 LIMIT %(param_1)s
2026-05-06 14:01:35,949 INFO sqlalchemy.engine.Engine [cached since 407s ago] {'story_id_1': '2f846d20-9d22-4e0b-8945-a010a5a48bb8', 'param_1': 1}
2026-05-06 14:01:35,951 INFO sqlalchemy.engine.Engine ROLLBACK
INFO:     127.0.0.1:35954 - "GET /api/v1/video/audio-path/2f846d20-9d22-4e0b-8945-a010a5a48bb8 HTTP/1.1" 200 OK
2026-05-06 14:01:35,961 INFO sqlalchemy.engine.Engine BEGIN (implicit)
2026-05-06 14:01:35,962 INFO sqlalchemy.engine.Engine SELECT merged_audio.id AS merged_audio_id, merged_audio.story_id AS merged_audio_story_id, merged_audio.file_path AS merged_audio_file_path, merged_audio.file_size AS merged_audio_file_size, merged_audio.duration AS merged_audio_duration, merged_audio.format AS merged_audio_format, merged_audio.total_chapters AS merged_audio_total_chapters, merged_audio.created_at AS merged_audio_created_at 
FROM merged_audio 
WHERE merged_audio.story_id = %(story_id_1)s ORDER BY merged_audio.created_at DESC 
 LIMIT %(param_1)s
2026-05-06 14:01:35,962 INFO sqlalchemy.engine.Engine [cached since 407s ago] {'story_id_1': '2f846d20-9d22-4e0b-8945-a010a5a48bb8', 'param_1': 1}
2026-05-06 14:01:35,965 INFO sqlalchemy.engine.Engine ROLLBACK
INFO:     127.0.0.1:35966 - "GET /api/v1/video/audio-path/2f846d20-9d22-4e0b-8945-a010a5a48bb8 HTTP/1.1" 200 OK
2026-05-06 14:01:35,996 INFO sqlalchemy.engine.Engine BEGIN (implicit)
2026-05-06 14:01:35,997 INFO sqlalchemy.engine.Engine SELECT video_outputs.id AS video_outputs_id, video_outputs.story_id AS video_outputs_story_id, video_outputs.audio_source_path AS video_outputs_audio_source_path, video_outputs.video_source_folder AS video_outputs_video_source_folder, video_outputs.output_path AS video_outputs_output_path, video_outputs.file_size AS video_outputs_file_size, video_outputs.duration AS video_outputs_duration, video_outputs.audio_speed AS video_outputs_audio_speed, video_outputs.transition_effect AS video_outputs_transition_effect, video_outputs.transition_duration AS video_outputs_transition_duration, video_outputs.resolution AS video_outputs_resolution, video_outputs.status AS video_outputs_status, video_outputs.error_message AS video_outputs_error_message, video_outputs.created_at AS video_outputs_created_at, video_outputs.updated_at AS video_outputs_updated_at 
FROM video_outputs 
WHERE video_outputs.story_id = %(story_id_1)s ORDER BY video_outputs.created_at DESC 
 LIMIT %(param_1)s
2026-05-06 14:01:35,997 INFO sqlalchemy.engine.Engine [cached since 407s ago] {'story_id_1': '2f846d20-9d22-4e0b-8945-a010a5a48bb8', 'param_1': 1}
2026-05-06 14:01:36,005 INFO sqlalchemy.engine.Engine ROLLBACK
INFO:     127.0.0.1:35974 - "GET /api/v1/video/result/2f846d20-9d22-4e0b-8945-a010a5a48bb8 HTTP/1.1" 404 Not Found
2026-05-06 14:01:36,036 INFO sqlalchemy.engine.Engine BEGIN (implicit)
2026-05-06 14:01:36,036 INFO sqlalchemy.engine.Engine SELECT video_outputs.id AS video_outputs_id, video_outputs.story_id AS video_outputs_story_id, video_outputs.audio_source_path AS video_outputs_audio_source_path, video_outputs.video_source_folder AS video_outputs_video_source_folder, video_outputs.output_path AS video_outputs_output_path, video_outputs.file_size AS video_outputs_file_size, video_outputs.duration AS video_outputs_duration, video_outputs.audio_speed AS video_outputs_audio_speed, video_outputs.transition_effect AS video_outputs_transition_effect, video_outputs.transition_duration AS video_outputs_transition_duration, video_outputs.resolution AS video_outputs_resolution, video_outputs.status AS video_outputs_status, video_outputs.error_message AS video_outputs_error_message, video_outputs.created_at AS video_outputs_created_at, video_outputs.updated_at AS video_outputs_updated_at 
FROM video_outputs 
WHERE video_outputs.story_id = %(story_id_1)s ORDER BY video_outputs.created_at DESC 
 LIMIT %(param_1)s
2026-05-06 14:01:36,036 INFO sqlalchemy.engine.Engine [cached since 407.1s ago] {'story_id_1': '2f846d20-9d22-4e0b-8945-a010a5a48bb8', 'param_1': 1}
2026-05-06 14:01:36,038 INFO sqlalchemy.engine.Engine ROLLBACK
INFO:     127.0.0.1:35982 - "GET /api/v1/video/result/2f846d20-9d22-4e0b-8945-a010a5a48bb8 HTTP/1.1" 404 Not Found
2026-05-06 14:01:36.358 | INFO     | app.services.video_processor:__init__:42 - NVENC GPU encoding available (h264_nvenc)
INFO:     127.0.0.1:35990 - "GET /api/v1/video/audio-duration?path=storage%2Faudio%2FStory_20260421_133734%2Fmerged_audio.mp3 HTTP/1.1" 200 OK
INFO:     127.0.0.1:51922 - "GET /api/v1/video/fonts HTTP/1.1" 200 OK
INFO:     127.0.0.1:51924 - "GET /api/v1/video/sample-clip?folder=%2Fhome%2Fduoclv%2FDownloads%2Ftemp-20260506T015716Z-3-001%2Ftemp%2Frandom_50min_20260419_210319 HTTP/1.1" 200 OK
2026-05-06 14:01:42,171 INFO sqlalchemy.engine.Engine BEGIN (implicit)
2026-05-06 14:01:42,171 INFO sqlalchemy.engine.Engine SELECT stories.id AS stories_id, stories.title AS stories_title, stories.url AS stories_url, stories.author AS stories_author, stories.total_chapters AS stories_total_chapters, stories.start_chapter AS stories_start_chapter, stories.end_chapter AS stories_end_chapter, stories.custom_chapter_urls AS stories_custom_chapter_urls, stories.status AS stories_status, stories.current_step AS stories_current_step, stories.is_favorite AS stories_is_favorite, stories.merged_content AS stories_merged_content, stories.created_at AS stories_created_at, stories.updated_at AS stories_updated_at 
FROM stories 
WHERE stories.id = %(id_1)s 
 LIMIT %(param_1)s
2026-05-06 14:01:42,171 INFO sqlalchemy.engine.Engine [cached since 413.3s ago] {'id_1': '2f846d20-9d22-4e0b-8945-a010a5a48bb8', 'param_1': 1}
2026-05-06 14:01:42,173 INFO sqlalchemy.engine.Engine BEGIN (implicit)
2026-05-06 14:01:42,173 INFO sqlalchemy.engine.Engine SELECT voices.id AS voices_id, voices.code AS voices_code, voices.name AS voices_name, voices.gender AS voices_gender, voices.locale AS voices_locale, voices.category AS voices_category, voices.description AS voices_description, voices.demo_url AS voices_demo_url, voices.is_active AS voices_is_active, voices.`rank` AS voices_rank, voices.created_at AS voices_created_at 
FROM voices 
WHERE voices.is_active = true ORDER BY voices.`rank`
2026-05-06 14:01:42,173 INFO sqlalchemy.engine.Engine [cached since 413.3s ago] {}
2026-05-06 14:01:42.174 | INFO     | app.api.tts:list_voices:87 - Retrieved 14 voices from database
2026-05-06 14:01:42,174 INFO sqlalchemy.engine.Engine ROLLBACK
2026-05-06 14:01:42,174 INFO sqlalchemy.engine.Engine ROLLBACK
INFO:     127.0.0.1:51938 - "GET /api/v1/tts/voices HTTP/1.1" 200 OK
INFO:     127.0.0.1:51932 - "GET /api/v1/stories/2f846d20-9d22-4e0b-8945-a010a5a48bb8 HTTP/1.1" 200 OK
2026-05-06 14:01:42,185 INFO sqlalchemy.engine.Engine BEGIN (implicit)
2026-05-06 14:01:42,186 INFO sqlalchemy.engine.Engine SELECT chapters.id AS chapters_id, chapters.story_id AS chapters_story_id, chapters.chapter_number AS chapters_chapter_number, chapters.title AS chapters_title, chapters.content AS chapters_content, chapters.char_count AS chapters_char_count, chapters.has_censored_words AS chapters_has_censored_words, chapters.censored_count AS chapters_censored_count, chapters.status AS chapters_status, chapters.created_at AS chapters_created_at, chapters.updated_at AS chapters_updated_at 
FROM chapters 
WHERE chapters.story_id = %(story_id_1)s ORDER BY chapters.chapter_number
2026-05-06 14:01:42,186 INFO sqlalchemy.engine.Engine [cached since 413.3s ago] {'story_id_1': '2f846d20-9d22-4e0b-8945-a010a5a48bb8'}
2026-05-06 14:01:42,189 INFO sqlalchemy.engine.Engine ROLLBACK
INFO:     127.0.0.1:51954 - "GET /api/v1/stories/2f846d20-9d22-4e0b-8945-a010a5a48bb8/chapters HTTP/1.1" 200 OK
2026-05-06 14:01:42,198 INFO sqlalchemy.engine.Engine BEGIN (implicit)
2026-05-06 14:01:42,199 INFO sqlalchemy.engine.Engine SELECT chapters.id AS chapters_id, chapters.story_id AS chapters_story_id, chapters.chapter_number AS chapters_chapter_number, chapters.title AS chapters_title, chapters.content AS chapters_content, chapters.char_count AS chapters_char_count, chapters.has_censored_words AS chapters_has_censored_words, chapters.censored_count AS chapters_censored_count, chapters.status AS chapters_status, chapters.created_at AS chapters_created_at, chapters.updated_at AS chapters_updated_at 
FROM chapters 
WHERE chapters.story_id = %(story_id_1)s
2026-05-06 14:01:42,199 INFO sqlalchemy.engine.Engine [cached since 413.3s ago] {'story_id_1': '2f846d20-9d22-4e0b-8945-a010a5a48bb8'}
2026-05-06 14:01:42,200 INFO sqlalchemy.engine.Engine ROLLBACK
INFO:     127.0.0.1:51962 - "GET /api/v1/chapters/story/2f846d20-9d22-4e0b-8945-a010a5a48bb8/stats HTTP/1.1" 200 OK
2026-05-06 14:01:42,211 INFO sqlalchemy.engine.Engine BEGIN (implicit)
2026-05-06 14:01:42,211 INFO sqlalchemy.engine.Engine SELECT merged_audio.id AS merged_audio_id, merged_audio.story_id AS merged_audio_story_id, merged_audio.file_path AS merged_audio_file_path, merged_audio.file_size AS merged_audio_file_size, merged_audio.duration AS merged_audio_duration, merged_audio.format AS merged_audio_format, merged_audio.total_chapters AS merged_audio_total_chapters, merged_audio.created_at AS merged_audio_created_at 
FROM merged_audio 
WHERE merged_audio.story_id = %(story_id_1)s ORDER BY merged_audio.created_at DESC 
 LIMIT %(param_1)s
2026-05-06 14:01:42,211 INFO sqlalchemy.engine.Engine [cached since 413.3s ago] {'story_id_1': '2f846d20-9d22-4e0b-8945-a010a5a48bb8', 'param_1': 1}
2026-05-06 14:01:42,213 INFO sqlalchemy.engine.Engine ROLLBACK
INFO:     127.0.0.1:51974 - "GET /api/v1/video/audio-path/2f846d20-9d22-4e0b-8945-a010a5a48bb8 HTTP/1.1" 200 OK
2026-05-06 14:01:42,220 INFO sqlalchemy.engine.Engine BEGIN (implicit)
2026-05-06 14:01:42,221 INFO sqlalchemy.engine.Engine SELECT video_outputs.id AS video_outputs_id, video_outputs.story_id AS video_outputs_story_id, video_outputs.audio_source_path AS video_outputs_audio_source_path, video_outputs.video_source_folder AS video_outputs_video_source_folder, video_outputs.output_path AS video_outputs_output_path, video_outputs.file_size AS video_outputs_file_size, video_outputs.duration AS video_outputs_duration, video_outputs.audio_speed AS video_outputs_audio_speed, video_outputs.transition_effect AS video_outputs_transition_effect, video_outputs.transition_duration AS video_outputs_transition_duration, video_outputs.resolution AS video_outputs_resolution, video_outputs.status AS video_outputs_status, video_outputs.error_message AS video_outputs_error_message, video_outputs.created_at AS video_outputs_created_at, video_outputs.updated_at AS video_outputs_updated_at 
FROM video_outputs 
WHERE video_outputs.story_id = %(story_id_1)s ORDER BY video_outputs.created_at DESC 
 LIMIT %(param_1)s
2026-05-06 14:01:42,221 INFO sqlalchemy.engine.Engine [cached since 413.2s ago] {'story_id_1': '2f846d20-9d22-4e0b-8945-a010a5a48bb8', 'param_1': 1}
2026-05-06 14:01:42,222 INFO sqlalchemy.engine.Engine ROLLBACK
INFO:     127.0.0.1:51986 - "GET /api/v1/video/result/2f846d20-9d22-4e0b-8945-a010a5a48bb8 HTTP/1.1" 404 Not Found
2026-05-06 14:01:42.558 | INFO     | app.services.video_processor:__init__:42 - NVENC GPU encoding available (h264_nvenc)
INFO:     127.0.0.1:52002 - "GET /api/v1/video/audio-duration?path=storage%2Faudio%2FStory_20260421_133734%2Fmerged_audio.mp3 HTTP/1.1" 200 OK
INFO:     127.0.0.1:53448 - "GET /api/v1/video/fonts HTTP/1.1" 200 OK
INFO:     127.0.0.1:53454 - "GET /api/v1/video/sample-clip?folder=%2Fhome%2Fduoclv%2FDownloads%2Ftemp-20260506T015716Z-3-001%2Ftemp%2Frandom_50min_20260419_210319 HTTP/1.1" 200 OK
2026-05-06 14:01:54,315 INFO sqlalchemy.engine.Engine BEGIN (implicit)
2026-05-06 14:01:54,315 INFO sqlalchemy.engine.Engine SELECT stories.id AS stories_id, stories.title AS stories_title, stories.url AS stories_url, stories.author AS stories_author, stories.total_chapters AS stories_total_chapters, stories.start_chapter AS stories_start_chapter, stories.end_chapter AS stories_end_chapter, stories.custom_chapter_urls AS stories_custom_chapter_urls, stories.status AS stories_status, stories.current_step AS stories_current_step, stories.is_favorite AS stories_is_favorite, stories.merged_content AS stories_merged_content, stories.created_at AS stories_created_at, stories.updated_at AS stories_updated_at 
FROM stories 
WHERE stories.id = %(id_1)s 
 LIMIT %(param_1)s
2026-05-06 14:01:54,315 INFO sqlalchemy.engine.Engine [cached since 425.5s ago] {'id_1': '2f846d20-9d22-4e0b-8945-a010a5a48bb8', 'param_1': 1}
2026-05-06 14:01:54,317 INFO sqlalchemy.engine.Engine BEGIN (implicit)
2026-05-06 14:01:54,318 INFO sqlalchemy.engine.Engine SELECT voices.id AS voices_id, voices.code AS voices_code, voices.name AS voices_name, voices.gender AS voices_gender, voices.locale AS voices_locale, voices.category AS voices_category, voices.description AS voices_description, voices.demo_url AS voices_demo_url, voices.is_active AS voices_is_active, voices.`rank` AS voices_rank, voices.created_at AS voices_created_at 
FROM voices 
WHERE voices.is_active = true ORDER BY voices.`rank`
2026-05-06 14:01:54,318 INFO sqlalchemy.engine.Engine [cached since 425.5s ago] {}
2026-05-06 14:01:54.320 | INFO     | app.api.tts:list_voices:87 - Retrieved 14 voices from database
2026-05-06 14:01:54,321 INFO sqlalchemy.engine.Engine ROLLBACK
2026-05-06 14:01:54,322 INFO sqlalchemy.engine.Engine ROLLBACK
INFO:     127.0.0.1:53464 - "GET /api/v1/stories/2f846d20-9d22-4e0b-8945-a010a5a48bb8 HTTP/1.1" 200 OK
INFO:     127.0.0.1:53472 - "GET /api/v1/tts/voices HTTP/1.1" 200 OK
2026-05-06 14:01:54,342 INFO sqlalchemy.engine.Engine BEGIN (implicit)
2026-05-06 14:01:54,343 INFO sqlalchemy.engine.Engine SELECT chapters.id AS chapters_id, chapters.story_id AS chapters_story_id, chapters.chapter_number AS chapters_chapter_number, chapters.title AS chapters_title, chapters.content AS chapters_content, chapters.char_count AS chapters_char_count, chapters.has_censored_words AS chapters_has_censored_words, chapters.censored_count AS chapters_censored_count, chapters.status AS chapters_status, chapters.created_at AS chapters_created_at, chapters.updated_at AS chapters_updated_at 
FROM chapters 
WHERE chapters.story_id = %(story_id_1)s ORDER BY chapters.chapter_number
2026-05-06 14:01:54,343 INFO sqlalchemy.engine.Engine [cached since 425.5s ago] {'story_id_1': '2f846d20-9d22-4e0b-8945-a010a5a48bb8'}
2026-05-06 14:01:54,347 INFO sqlalchemy.engine.Engine ROLLBACK
INFO:     127.0.0.1:53486 - "GET /api/v1/stories/2f846d20-9d22-4e0b-8945-a010a5a48bb8/chapters HTTP/1.1" 200 OK
2026-05-06 14:01:54,358 INFO sqlalchemy.engine.Engine BEGIN (implicit)
2026-05-06 14:01:54,358 INFO sqlalchemy.engine.Engine SELECT chapters.id AS chapters_id, chapters.story_id AS chapters_story_id, chapters.chapter_number AS chapters_chapter_number, chapters.title AS chapters_title, chapters.content AS chapters_content, chapters.char_count AS chapters_char_count, chapters.has_censored_words AS chapters_has_censored_words, chapters.censored_count AS chapters_censored_count, chapters.status AS chapters_status, chapters.created_at AS chapters_created_at, chapters.updated_at AS chapters_updated_at 
FROM chapters 
WHERE chapters.story_id = %(story_id_1)s
2026-05-06 14:01:54,358 INFO sqlalchemy.engine.Engine [cached since 425.5s ago] {'story_id_1': '2f846d20-9d22-4e0b-8945-a010a5a48bb8'}
2026-05-06 14:01:54,361 INFO sqlalchemy.engine.Engine ROLLBACK
INFO:     127.0.0.1:53490 - "GET /api/v1/chapters/story/2f846d20-9d22-4e0b-8945-a010a5a48bb8/stats HTTP/1.1" 200 OK
2026-05-06 14:01:54,379 INFO sqlalchemy.engine.Engine BEGIN (implicit)
2026-05-06 14:01:54,379 INFO sqlalchemy.engine.Engine SELECT merged_audio.id AS merged_audio_id, merged_audio.story_id AS merged_audio_story_id, merged_audio.file_path AS merged_audio_file_path, merged_audio.file_size AS merged_audio_file_size, merged_audio.duration AS merged_audio_duration, merged_audio.format AS merged_audio_format, merged_audio.total_chapters AS merged_audio_total_chapters, merged_audio.created_at AS merged_audio_created_at 
FROM merged_audio 
WHERE merged_audio.story_id = %(story_id_1)s ORDER BY merged_audio.created_at DESC 
 LIMIT %(param_1)s
2026-05-06 14:01:54,379 INFO sqlalchemy.engine.Engine [cached since 425.4s ago] {'story_id_1': '2f846d20-9d22-4e0b-8945-a010a5a48bb8', 'param_1': 1}
2026-05-06 14:01:54,381 INFO sqlalchemy.engine.Engine ROLLBACK
INFO:     127.0.0.1:53492 - "GET /api/v1/video/audio-path/2f846d20-9d22-4e0b-8945-a010a5a48bb8 HTTP/1.1" 200 OK
2026-05-06 14:01:54,406 INFO sqlalchemy.engine.Engine BEGIN (implicit)
2026-05-06 14:01:54,406 INFO sqlalchemy.engine.Engine SELECT video_outputs.id AS video_outputs_id, video_outputs.story_id AS video_outputs_story_id, video_outputs.audio_source_path AS video_outputs_audio_source_path, video_outputs.video_source_folder AS video_outputs_video_source_folder, video_outputs.output_path AS video_outputs_output_path, video_outputs.file_size AS video_outputs_file_size, video_outputs.duration AS video_outputs_duration, video_outputs.audio_speed AS video_outputs_audio_speed, video_outputs.transition_effect AS video_outputs_transition_effect, video_outputs.transition_duration AS video_outputs_transition_duration, video_outputs.resolution AS video_outputs_resolution, video_outputs.status AS video_outputs_status, video_outputs.error_message AS video_outputs_error_message, video_outputs.created_at AS video_outputs_created_at, video_outputs.updated_at AS video_outputs_updated_at 
FROM video_outputs 
WHERE video_outputs.story_id = %(story_id_1)s ORDER BY video_outputs.created_at DESC 
 LIMIT %(param_1)s
2026-05-06 14:01:54,406 INFO sqlalchemy.engine.Engine [cached since 425.4s ago] {'story_id_1': '2f846d20-9d22-4e0b-8945-a010a5a48bb8', 'param_1': 1}
2026-05-06 14:01:54,407 INFO sqlalchemy.engine.Engine ROLLBACK
INFO:     127.0.0.1:53506 - "GET /api/v1/video/result/2f846d20-9d22-4e0b-8945-a010a5a48bb8 HTTP/1.1" 404 Not Found
2026-05-06 14:01:54.714 | INFO     | app.services.video_processor:__init__:42 - NVENC GPU encoding available (h264_nvenc)
INFO:     127.0.0.1:53522 - "GET /api/v1/video/audio-duration?path=storage%2Faudio%2FStory_20260421_133734%2Fmerged_audio.mp3 HTTP/1.1" 200 OK
INFO:     127.0.0.1:54518 - "GET /api/v1/video/fonts HTTP/1.1" 200 OK
INFO:     127.0.0.1:54528 - "GET /api/v1/video/sample-clip?folder=%2Fhome%2Fduoclv%2FDownloads%2Ftemp-20260506T015716Z-3-001%2Ftemp%2Frandom_50min_20260419_210319 HTTP/1.1" 200 OK
2026-05-06 14:03:12,963 INFO sqlalchemy.engine.Engine BEGIN (implicit)
2026-05-06 14:03:12,964 INFO sqlalchemy.engine.Engine SELECT stories.id AS stories_id, stories.title AS stories_title, stories.url AS stories_url, stories.author AS stories_author, stories.total_chapters AS stories_total_chapters, stories.start_chapter AS stories_start_chapter, stories.end_chapter AS stories_end_chapter, stories.custom_chapter_urls AS stories_custom_chapter_urls, stories.status AS stories_status, stories.current_step AS stories_current_step, stories.is_favorite AS stories_is_favorite, stories.merged_content AS stories_merged_content, stories.created_at AS stories_created_at, stories.updated_at AS stories_updated_at 
FROM stories 
WHERE stories.id = %(id_1)s 
 LIMIT %(param_1)s
2026-05-06 14:03:12,964 INFO sqlalchemy.engine.Engine [cached since 504.1s ago] {'id_1': '2f846d20-9d22-4e0b-8945-a010a5a48bb8', 'param_1': 1}
2026-05-06 14:03:12,966 INFO sqlalchemy.engine.Engine BEGIN (implicit)
2026-05-06 14:03:12,967 INFO sqlalchemy.engine.Engine SELECT voices.id AS voices_id, voices.code AS voices_code, voices.name AS voices_name, voices.gender AS voices_gender, voices.locale AS voices_locale, voices.category AS voices_category, voices.description AS voices_description, voices.demo_url AS voices_demo_url, voices.is_active AS voices_is_active, voices.`rank` AS voices_rank, voices.created_at AS voices_created_at 
FROM voices 
WHERE voices.is_active = true ORDER BY voices.`rank`
2026-05-06 14:03:12,967 INFO sqlalchemy.engine.Engine [cached since 504.1s ago] {}
2026-05-06 14:03:12.969 | INFO     | app.api.tts:list_voices:87 - Retrieved 14 voices from database
2026-05-06 14:03:12,971 INFO sqlalchemy.engine.Engine ROLLBACK
2026-05-06 14:03:12,972 INFO sqlalchemy.engine.Engine ROLLBACK
INFO:     127.0.0.1:54546 - "GET /api/v1/tts/voices HTTP/1.1" 200 OK
INFO:     127.0.0.1:54560 - "GET /api/v1/video/preview-video?path=%2Fhome%2Fduoclv%2FDownloads%2Ftemp-20260506T015716Z-3-001%2Ftemp%2Frandom_50min_20260419_210319%2F0103_2021-03-09_3xzqmyjv664qtum_%E9%99%A4%E4%BA%86%E8%BF%99%E4%BA%9B%E8%BF%98%E8%83%BD%E7%94%BB%E4%BB%80%E4%B9%88%E5%91%A2%EF%BC%9F%20%23%E7%AE%80%E7%AC%94%E7%94%BB%20%23%E9%9B%B6%E5%9F%BA%E7%A1%80%E5%AD%A6%E7%94%BB%E7%94%BB%20%23%E4%BA%B2%E5%AD%90%E7%AE%80%E7%AC%94%E7%94%BB.mp4 HTTP/1.1" 200 OK
INFO:     127.0.0.1:54536 - "GET /api/v1/stories/2f846d20-9d22-4e0b-8945-a010a5a48bb8 HTTP/1.1" 200 OK
2026-05-06 14:03:12,990 INFO sqlalchemy.engine.Engine BEGIN (implicit)
2026-05-06 14:03:12,990 INFO sqlalchemy.engine.Engine SELECT chapters.id AS chapters_id, chapters.story_id AS chapters_story_id, chapters.chapter_number AS chapters_chapter_number, chapters.title AS chapters_title, chapters.content AS chapters_content, chapters.char_count AS chapters_char_count, chapters.has_censored_words AS chapters_has_censored_words, chapters.censored_count AS chapters_censored_count, chapters.status AS chapters_status, chapters.created_at AS chapters_created_at, chapters.updated_at AS chapters_updated_at 
FROM chapters 
WHERE chapters.story_id = %(story_id_1)s ORDER BY chapters.chapter_number
2026-05-06 14:03:12,990 INFO sqlalchemy.engine.Engine [cached since 504.1s ago] {'story_id_1': '2f846d20-9d22-4e0b-8945-a010a5a48bb8'}
2026-05-06 14:03:12,995 INFO sqlalchemy.engine.Engine ROLLBACK
INFO:     127.0.0.1:54576 - "GET /api/v1/stories/2f846d20-9d22-4e0b-8945-a010a5a48bb8/chapters HTTP/1.1" 200 OK
2026-05-06 14:03:13,028 INFO sqlalchemy.engine.Engine BEGIN (implicit)
2026-05-06 14:03:13,028 INFO sqlalchemy.engine.Engine SELECT chapters.id AS chapters_id, chapters.story_id AS chapters_story_id, chapters.chapter_number AS chapters_chapter_number, chapters.title AS chapters_title, chapters.content AS chapters_content, chapters.char_count AS chapters_char_count, chapters.has_censored_words AS chapters_has_censored_words, chapters.censored_count AS chapters_censored_count, chapters.status AS chapters_status, chapters.created_at AS chapters_created_at, chapters.updated_at AS chapters_updated_at 
FROM chapters 
WHERE chapters.story_id = %(story_id_1)s
2026-05-06 14:03:13,028 INFO sqlalchemy.engine.Engine [cached since 504.1s ago] {'story_id_1': '2f846d20-9d22-4e0b-8945-a010a5a48bb8'}
2026-05-06 14:03:13,030 INFO sqlalchemy.engine.Engine ROLLBACK
INFO:     127.0.0.1:54586 - "GET /api/v1/chapters/story/2f846d20-9d22-4e0b-8945-a010a5a48bb8/stats HTTP/1.1" 200 OK
2026-05-06 14:03:13,036 INFO sqlalchemy.engine.Engine BEGIN (implicit)
2026-05-06 14:03:13,037 INFO sqlalchemy.engine.Engine SELECT merged_audio.id AS merged_audio_id, merged_audio.story_id AS merged_audio_story_id, merged_audio.file_path AS merged_audio_file_path, merged_audio.file_size AS merged_audio_file_size, merged_audio.duration AS merged_audio_duration, merged_audio.format AS merged_audio_format, merged_audio.total_chapters AS merged_audio_total_chapters, merged_audio.created_at AS merged_audio_created_at 
FROM merged_audio 
WHERE merged_audio.story_id = %(story_id_1)s ORDER BY merged_audio.created_at DESC 
 LIMIT %(param_1)s
2026-05-06 14:03:13,037 INFO sqlalchemy.engine.Engine [cached since 504.1s ago] {'story_id_1': '2f846d20-9d22-4e0b-8945-a010a5a48bb8', 'param_1': 1}
2026-05-06 14:03:13,037 INFO sqlalchemy.engine.Engine ROLLBACK
INFO:     127.0.0.1:54594 - "GET /api/v1/video/audio-path/2f846d20-9d22-4e0b-8945-a010a5a48bb8 HTTP/1.1" 200 OK
2026-05-06 14:03:13,044 INFO sqlalchemy.engine.Engine BEGIN (implicit)
2026-05-06 14:03:13,044 INFO sqlalchemy.engine.Engine SELECT video_outputs.id AS video_outputs_id, video_outputs.story_id AS video_outputs_story_id, video_outputs.audio_source_path AS video_outputs_audio_source_path, video_outputs.video_source_folder AS video_outputs_video_source_folder, video_outputs.output_path AS video_outputs_output_path, video_outputs.file_size AS video_outputs_file_size, video_outputs.duration AS video_outputs_duration, video_outputs.audio_speed AS video_outputs_audio_speed, video_outputs.transition_effect AS video_outputs_transition_effect, video_outputs.transition_duration AS video_outputs_transition_duration, video_outputs.resolution AS video_outputs_resolution, video_outputs.status AS video_outputs_status, video_outputs.error_message AS video_outputs_error_message, video_outputs.created_at AS video_outputs_created_at, video_outputs.updated_at AS video_outputs_updated_at 
FROM video_outputs 
WHERE video_outputs.story_id = %(story_id_1)s ORDER BY video_outputs.created_at DESC 
 LIMIT %(param_1)s
2026-05-06 14:03:13,044 INFO sqlalchemy.engine.Engine [cached since 504.1s ago] {'story_id_1': '2f846d20-9d22-4e0b-8945-a010a5a48bb8', 'param_1': 1}
2026-05-06 14:03:13,045 INFO sqlalchemy.engine.Engine ROLLBACK
INFO:     127.0.0.1:54610 - "GET /api/v1/video/result/2f846d20-9d22-4e0b-8945-a010a5a48bb8 HTTP/1.1" 404 Not Found
2026-05-06 14:03:14.028 | INFO     | app.services.video_processor:__init__:42 - NVENC GPU encoding available (h264_nvenc)
INFO:     127.0.0.1:54616 - "GET /api/v1/video/audio-duration?path=storage%2Faudio%2FStory_20260421_133734%2Fmerged_audio.mp3 HTTP/1.1" 200 OK
INFO:     127.0.0.1:33848 - "GET /api/v1/video/fonts HTTP/1.1" 200 OK
INFO:     127.0.0.1:33862 - "GET /api/v1/video/sample-clip?folder=%2Fhome%2Fduoclv%2FDownloads%2Ftemp-20260506T015716Z-3-001%2Ftemp%2Frandom_50min_20260419_210319 HTTP/1.1" 200 OK
2026-05-06 14:04:14,971 INFO sqlalchemy.engine.Engine BEGIN (implicit)
2026-05-06 14:04:14,972 INFO sqlalchemy.engine.Engine SELECT stories.id AS stories_id, stories.title AS stories_title, stories.url AS stories_url, stories.author AS stories_author, stories.total_chapters AS stories_total_chapters, stories.start_chapter AS stories_start_chapter, stories.end_chapter AS stories_end_chapter, stories.custom_chapter_urls AS stories_custom_chapter_urls, stories.status AS stories_status, stories.current_step AS stories_current_step, stories.is_favorite AS stories_is_favorite, stories.merged_content AS stories_merged_content, stories.created_at AS stories_created_at, stories.updated_at AS stories_updated_at 
FROM stories 
WHERE stories.id = %(id_1)s 
 LIMIT %(param_1)s
2026-05-06 14:04:14,972 INFO sqlalchemy.engine.Engine [cached since 566.1s ago] {'id_1': '2f846d20-9d22-4e0b-8945-a010a5a48bb8', 'param_1': 1}
2026-05-06 14:04:14,975 INFO sqlalchemy.engine.Engine BEGIN (implicit)
2026-05-06 14:04:14,976 INFO sqlalchemy.engine.Engine SELECT voices.id AS voices_id, voices.code AS voices_code, voices.name AS voices_name, voices.gender AS voices_gender, voices.locale AS voices_locale, voices.category AS voices_category, voices.description AS voices_description, voices.demo_url AS voices_demo_url, voices.is_active AS voices_is_active, voices.`rank` AS voices_rank, voices.created_at AS voices_created_at 
FROM voices 
WHERE voices.is_active = true ORDER BY voices.`rank`
2026-05-06 14:04:14,976 INFO sqlalchemy.engine.Engine [cached since 566.1s ago] {}
2026-05-06 14:04:14.978 | INFO     | app.api.tts:list_voices:87 - Retrieved 14 voices from database
2026-05-06 14:04:14,980 INFO sqlalchemy.engine.Engine ROLLBACK
2026-05-06 14:04:14,980 INFO sqlalchemy.engine.Engine ROLLBACK
INFO:     127.0.0.1:33876 - "GET /api/v1/tts/voices HTTP/1.1" 200 OK
INFO:     127.0.0.1:33872 - "GET /api/v1/stories/2f846d20-9d22-4e0b-8945-a010a5a48bb8 HTTP/1.1" 200 OK
INFO:     127.0.0.1:33878 - "GET /api/v1/video/preview-video?path=%2Fhome%2Fduoclv%2FDownloads%2Ftemp-20260506T015716Z-3-001%2Ftemp%2Frandom_50min_20260419_210319%2F0108_2023-05-12_3xyrzcn4kt9rj92_%E7%AB%B9%E6%9E%97%E5%B1%B1%E6%B0%B4%E4%B8%80%E7%9C%8B%E5%B0%B1%E4%BC%9A%23%E6%96%B0%E7%9F%A5%E5%88%9B%E4%BD%9C%E4%BA%BA%20%20%23%E9%9B%B6%E5%9F%BA%E7%A1%80%E5%AD%A6%E7%94%BB%E7%94%BB%20%23%E7%AE%80%E7%AC%94%E7%94%BB%20%40%E5%BF%AB%E6%89%8B%E7%83%AD%E7%82%B9(O3xddgkd5fav5if.mp4 HTTP/1.1" 200 OK
2026-05-06 14:04:14,991 INFO sqlalchemy.engine.Engine BEGIN (implicit)
2026-05-06 14:04:14,991 INFO sqlalchemy.engine.Engine SELECT chapters.id AS chapters_id, chapters.story_id AS chapters_story_id, chapters.chapter_number AS chapters_chapter_number, chapters.title AS chapters_title, chapters.content AS chapters_content, chapters.char_count AS chapters_char_count, chapters.has_censored_words AS chapters_has_censored_words, chapters.censored_count AS chapters_censored_count, chapters.status AS chapters_status, chapters.created_at AS chapters_created_at, chapters.updated_at AS chapters_updated_at 
FROM chapters 
WHERE chapters.story_id = %(story_id_1)s ORDER BY chapters.chapter_number
2026-05-06 14:04:14,991 INFO sqlalchemy.engine.Engine [cached since 566.1s ago] {'story_id_1': '2f846d20-9d22-4e0b-8945-a010a5a48bb8'}
2026-05-06 14:04:14,995 INFO sqlalchemy.engine.Engine ROLLBACK
INFO:     127.0.0.1:33880 - "GET /api/v1/stories/2f846d20-9d22-4e0b-8945-a010a5a48bb8/chapters HTTP/1.1" 200 OK
2026-05-06 14:04:15,009 INFO sqlalchemy.engine.Engine BEGIN (implicit)
2026-05-06 14:04:15,009 INFO sqlalchemy.engine.Engine SELECT chapters.id AS chapters_id, chapters.story_id AS chapters_story_id, chapters.chapter_number AS chapters_chapter_number, chapters.title AS chapters_title, chapters.content AS chapters_content, chapters.char_count AS chapters_char_count, chapters.has_censored_words AS chapters_has_censored_words, chapters.censored_count AS chapters_censored_count, chapters.status AS chapters_status, chapters.created_at AS chapters_created_at, chapters.updated_at AS chapters_updated_at 
FROM chapters 
WHERE chapters.story_id = %(story_id_1)s
2026-05-06 14:04:15,009 INFO sqlalchemy.engine.Engine [cached since 566.1s ago] {'story_id_1': '2f846d20-9d22-4e0b-8945-a010a5a48bb8'}
2026-05-06 14:04:15,013 INFO sqlalchemy.engine.Engine ROLLBACK
INFO:     127.0.0.1:33896 - "GET /api/v1/chapters/story/2f846d20-9d22-4e0b-8945-a010a5a48bb8/stats HTTP/1.1" 200 OK
2026-05-06 14:04:15,126 INFO sqlalchemy.engine.Engine BEGIN (implicit)
2026-05-06 14:04:15,126 INFO sqlalchemy.engine.Engine SELECT merged_audio.id AS merged_audio_id, merged_audio.story_id AS merged_audio_story_id, merged_audio.file_path AS merged_audio_file_path, merged_audio.file_size AS merged_audio_file_size, merged_audio.duration AS merged_audio_duration, merged_audio.format AS merged_audio_format, merged_audio.total_chapters AS merged_audio_total_chapters, merged_audio.created_at AS merged_audio_created_at 
FROM merged_audio 
WHERE merged_audio.story_id = %(story_id_1)s ORDER BY merged_audio.created_at DESC 
 LIMIT %(param_1)s
2026-05-06 14:04:15,126 INFO sqlalchemy.engine.Engine [cached since 566.2s ago] {'story_id_1': '2f846d20-9d22-4e0b-8945-a010a5a48bb8', 'param_1': 1}
2026-05-06 14:04:15,128 INFO sqlalchemy.engine.Engine ROLLBACK
INFO:     127.0.0.1:33898 - "GET /api/v1/video/audio-path/2f846d20-9d22-4e0b-8945-a010a5a48bb8 HTTP/1.1" 200 OK
2026-05-06 14:04:15,145 INFO sqlalchemy.engine.Engine BEGIN (implicit)
2026-05-06 14:04:15,146 INFO sqlalchemy.engine.Engine SELECT video_outputs.id AS video_outputs_id, video_outputs.story_id AS video_outputs_story_id, video_outputs.audio_source_path AS video_outputs_audio_source_path, video_outputs.video_source_folder AS video_outputs_video_source_folder, video_outputs.output_path AS video_outputs_output_path, video_outputs.file_size AS video_outputs_file_size, video_outputs.duration AS video_outputs_duration, video_outputs.audio_speed AS video_outputs_audio_speed, video_outputs.transition_effect AS video_outputs_transition_effect, video_outputs.transition_duration AS video_outputs_transition_duration, video_outputs.resolution AS video_outputs_resolution, video_outputs.status AS video_outputs_status, video_outputs.error_message AS video_outputs_error_message, video_outputs.created_at AS video_outputs_created_at, video_outputs.updated_at AS video_outputs_updated_at 
FROM video_outputs 
WHERE video_outputs.story_id = %(story_id_1)s ORDER BY video_outputs.created_at DESC 
 LIMIT %(param_1)s
2026-05-06 14:04:15,146 INFO sqlalchemy.engine.Engine [cached since 566.2s ago] {'story_id_1': '2f846d20-9d22-4e0b-8945-a010a5a48bb8', 'param_1': 1}
2026-05-06 14:04:15,147 INFO sqlalchemy.engine.Engine ROLLBACK
INFO:     127.0.0.1:33912 - "GET /api/v1/video/result/2f846d20-9d22-4e0b-8945-a010a5a48bb8 HTTP/1.1" 404 Not Found
2026-05-06 14:04:16.077 | INFO     | app.services.video_processor:__init__:42 - NVENC GPU encoding available (h264_nvenc)
INFO:     127.0.0.1:33918 - "GET /api/v1/video/audio-duration?path=storage%2Faudio%2FStory_20260421_133734%2Fmerged_audio.mp3 HTTP/1.1" 200 OK
INFO:     127.0.0.1:45384 - "GET /api/v1/video/preview-video?path=%2Fhome%2Fduoclv%2FDownloads%2Ftemp-20260506T015716Z-3-001%2Ftemp%2Frandom_50min_20260419_210319%2F0108_2023-05-12_3xyrzcn4kt9rj92_%E7%AB%B9%E6%9E%97%E5%B1%B1%E6%B0%B4%E4%B8%80%E7%9C%8B%E5%B0%B1%E4%BC%9A%23%E6%96%B0%E7%9F%A5%E5%88%9B%E4%BD%9C%E4%BA%BA%20%20%23%E9%9B%B6%E5%9F%BA%E7%A1%80%E5%AD%A6%E7%94%BB%E7%94%BB%20%23%E7%AE%80%E7%AC%94%E7%94%BB%20%40%E5%BF%AB%E6%89%8B%E7%83%AD%E7%82%B9(O3xddgkd5fav5if.mp4 HTTP/1.1" 200 OK
INFO:     127.0.0.1:42212 - "GET /api/v1/settings HTTP/1.1" 307 Temporary Redirect
INFO:     127.0.0.1:42222 - "GET /api/v1/settings HTTP/1.1" 307 Temporary Redirect
2026-05-06 14:07:35,218 INFO sqlalchemy.engine.Engine BEGIN (implicit)
2026-05-06 14:07:35,219 INFO sqlalchemy.engine.Engine SELECT settings.id AS settings_id, settings.setting_key AS settings_setting_key, settings.setting_value AS settings_setting_value, settings.updated_at AS settings_updated_at 
FROM settings
2026-05-06 14:07:35,219 INFO sqlalchemy.engine.Engine [generated in 0.00019s] {}
2026-05-06 14:07:35,456 INFO sqlalchemy.engine.Engine ROLLBACK
INFO:     127.0.0.1:42228 - "GET /api/v1/settings/ HTTP/1.1" 500 Internal Server Error
ERROR:    Exception in ASGI application
Traceback (most recent call last):
  File "/home/duoclv/Documents/project/ks_downloader_script/web_app/backend/venv/lib/python3.12/site-packages/uvicorn/protocols/http/httptools_impl.py", line 419, in run_asgi
    result = await app(  # type: ignore[func-returns-value]
             ^^^^^^^^^^^^^^^^^^^^^^^^^^^^^^^^^^^^^^^^^^^^^^
  File "/home/duoclv/Documents/project/ks_downloader_script/web_app/backend/venv/lib/python3.12/site-packages/uvicorn/middleware/proxy_headers.py", line 84, in __call__
    return await self.app(scope, receive, send)
           ^^^^^^^^^^^^^^^^^^^^^^^^^^^^^^^^^^^^
  File "/home/duoclv/Documents/project/ks_downloader_script/web_app/backend/venv/lib/python3.12/site-packages/fastapi/applications.py", line 1054, in __call__
    await super().__call__(scope, receive, send)
  File "/home/duoclv/Documents/project/ks_downloader_script/web_app/backend/venv/lib/python3.12/site-packages/starlette/applications.py", line 123, in __call__
    await self.middleware_stack(scope, receive, send)
  File "/home/duoclv/Documents/project/ks_downloader_script/web_app/backend/venv/lib/python3.12/site-packages/starlette/middleware/errors.py", line 186, in __call__
    raise exc
  File "/home/duoclv/Documents/project/ks_downloader_script/web_app/backend/venv/lib/python3.12/site-packages/starlette/middleware/errors.py", line 164, in __call__
    await self.app(scope, receive, _send)
  File "/home/duoclv/Documents/project/ks_downloader_script/web_app/backend/venv/lib/python3.12/site-packages/starlette/middleware/cors.py", line 91, in __call__
    await self.simple_response(scope, receive, send, request_headers=headers)
  File "/home/duoclv/Documents/project/ks_downloader_script/web_app/backend/venv/lib/python3.12/site-packages/starlette/middleware/cors.py", line 146, in simple_response
    await self.app(scope, receive, send)
  File "/home/duoclv/Documents/project/ks_downloader_script/web_app/backend/venv/lib/python3.12/site-packages/starlette/middleware/exceptions.py", line 62, in __call__
    await wrap_app_handling_exceptions(self.app, conn)(scope, receive, send)
  File "/home/duoclv/Documents/project/ks_downloader_script/web_app/backend/venv/lib/python3.12/site-packages/starlette/_exception_handler.py", line 64, in wrapped_app
    raise exc
  File "/home/duoclv/Documents/project/ks_downloader_script/web_app/backend/venv/lib/python3.12/site-packages/starlette/_exception_handler.py", line 53, in wrapped_app
    await app(scope, receive, sender)
  File "/home/duoclv/Documents/project/ks_downloader_script/web_app/backend/venv/lib/python3.12/site-packages/starlette/routing.py", line 762, in __call__
    await self.middleware_stack(scope, receive, send)
  File "/home/duoclv/Documents/project/ks_downloader_script/web_app/backend/venv/lib/python3.12/site-packages/starlette/routing.py", line 782, in app
    await route.handle(scope, receive, send)
  File "/home/duoclv/Documents/project/ks_downloader_script/web_app/backend/venv/lib/python3.12/site-packages/starlette/routing.py", line 297, in handle
    await self.app(scope, receive, send)
  File "/home/duoclv/Documents/project/ks_downloader_script/web_app/backend/venv/lib/python3.12/site-packages/starlette/routing.py", line 77, in app
    await wrap_app_handling_exceptions(app, request)(scope, receive, send)
  File "/home/duoclv/Documents/project/ks_downloader_script/web_app/backend/venv/lib/python3.12/site-packages/starlette/_exception_handler.py", line 64, in wrapped_app
    raise exc
  File "/home/duoclv/Documents/project/ks_downloader_script/web_app/backend/venv/lib/python3.12/site-packages/starlette/_exception_handler.py", line 53, in wrapped_app
    await app(scope, receive, sender)
  File "/home/duoclv/Documents/project/ks_downloader_script/web_app/backend/venv/lib/python3.12/site-packages/starlette/routing.py", line 72, in app
    response = await func(request)
               ^^^^^^^^^^^^^^^^^^^
  File "/home/duoclv/Documents/project/ks_downloader_script/web_app/backend/venv/lib/python3.12/site-packages/fastapi/routing.py", line 315, in app
    content = await serialize_response(
              ^^^^^^^^^^^^^^^^^^^^^^^^^
  File "/home/duoclv/Documents/project/ks_downloader_script/web_app/backend/venv/lib/python3.12/site-packages/fastapi/routing.py", line 155, in serialize_response
    raise ResponseValidationError(
fastapi.exceptions.ResponseValidationError: 9 validation errors:
  {'type': 'dict_type', 'loc': ('response', 0, 'setting_value'), 'msg': 'Input should be a valid dictionary', 'input': 'minh_khanh', 'url': 'https://errors.pydantic.dev/2.5/v/dict_type'}
  {'type': 'dict_type', 'loc': ('response', 1, 'setting_value'), 'msg': 'Input should be a valid dictionary', 'input': 1.0, 'url': 'https://errors.pydantic.dev/2.5/v/dict_type'}
  {'type': 'dict_type', 'loc': ('response', 2, 'setting_value'), 'msg': 'Input should be a valid dictionary', 'input': 100, 'url': 'https://errors.pydantic.dev/2.5/v/dict_type'}
  {'type': 'dict_type', 'loc': ('response', 3, 'setting_value'), 'msg': 'Input should be a valid dictionary', 'input': True, 'url': 'https://errors.pydantic.dev/2.5/v/dict_type'}
  {'type': 'dict_type', 'loc': ('response', 4, 'setting_value'), 'msg': 'Input should be a valid dictionary', 'input': False, 'url': 'https://errors.pydantic.dev/2.5/v/dict_type'}
  {'type': 'dict_type', 'loc': ('response', 5, 'setting_value'), 'msg': 'Input should be a valid dictionary', 'input': 'mp3', 'url': 'https://errors.pydantic.dev/2.5/v/dict_type'}
  {'type': 'dict_type', 'loc': ('response', 6, 'setting_value'), 'msg': 'Input should be a valid dictionary', 'input': '192k', 'url': 'https://errors.pydantic.dev/2.5/v/dict_type'}
  {'type': 'dict_type', 'loc': ('response', 7, 'setting_value'), 'msg': 'Input should be a valid dictionary', 'input': 'eyJhbGciOiJIUzI1NiIsInR5cCI6IkpXVCJ9.eyJpYXQiOjE3NzAzMDEzOTZ9.YPNV8aEATsETyhBljAHfizZw-t5Y2bQ4R57JGaYfKpQ', 'url': 'https://errors.pydantic.dev/2.5/v/dict_type'}
  {'type': 'dict_type', 'loc': ('response', 8, 'setting_value'), 'msg': 'Input should be a valid dictionary', 'input': 'c1c5c478-719d-4ec6-b665-58ed39484375', 'url': 'https://errors.pydantic.dev/2.5/v/dict_type'}

2026-05-06 14:07:35,497 INFO sqlalchemy.engine.Engine BEGIN (implicit)
2026-05-06 14:07:35,497 INFO sqlalchemy.engine.Engine SELECT settings.id AS settings_id, settings.setting_key AS settings_setting_key, settings.setting_value AS settings_setting_value, settings.updated_at AS settings_updated_at 
FROM settings
2026-05-06 14:07:35,497 INFO sqlalchemy.engine.Engine [cached since 0.2781s ago] {}
2026-05-06 14:07:35,535 INFO sqlalchemy.engine.Engine ROLLBACK
INFO:     127.0.0.1:42240 - "GET /api/v1/settings/ HTTP/1.1" 500 Internal Server Error
ERROR:    Exception in ASGI application
Traceback (most recent call last):
  File "/home/duoclv/Documents/project/ks_downloader_script/web_app/backend/venv/lib/python3.12/site-packages/uvicorn/protocols/http/httptools_impl.py", line 419, in run_asgi
    result = await app(  # type: ignore[func-returns-value]
             ^^^^^^^^^^^^^^^^^^^^^^^^^^^^^^^^^^^^^^^^^^^^^^
  File "/home/duoclv/Documents/project/ks_downloader_script/web_app/backend/venv/lib/python3.12/site-packages/uvicorn/middleware/proxy_headers.py", line 84, in __call__
    return await self.app(scope, receive, send)
           ^^^^^^^^^^^^^^^^^^^^^^^^^^^^^^^^^^^^
  File "/home/duoclv/Documents/project/ks_downloader_script/web_app/backend/venv/lib/python3.12/site-packages/fastapi/applications.py", line 1054, in __call__
    await super().__call__(scope, receive, send)
  File "/home/duoclv/Documents/project/ks_downloader_script/web_app/backend/venv/lib/python3.12/site-packages/starlette/applications.py", line 123, in __call__
    await self.middleware_stack(scope, receive, send)
  File "/home/duoclv/Documents/project/ks_downloader_script/web_app/backend/venv/lib/python3.12/site-packages/starlette/middleware/errors.py", line 186, in __call__
    raise exc
  File "/home/duoclv/Documents/project/ks_downloader_script/web_app/backend/venv/lib/python3.12/site-packages/starlette/middleware/errors.py", line 164, in __call__
    await self.app(scope, receive, _send)
  File "/home/duoclv/Documents/project/ks_downloader_script/web_app/backend/venv/lib/python3.12/site-packages/starlette/middleware/cors.py", line 91, in __call__
    await self.simple_response(scope, receive, send, request_headers=headers)
  File "/home/duoclv/Documents/project/ks_downloader_script/web_app/backend/venv/lib/python3.12/site-packages/starlette/middleware/cors.py", line 146, in simple_response
    await self.app(scope, receive, send)
  File "/home/duoclv/Documents/project/ks_downloader_script/web_app/backend/venv/lib/python3.12/site-packages/starlette/middleware/exceptions.py", line 62, in __call__
    await wrap_app_handling_exceptions(self.app, conn)(scope, receive, send)
  File "/home/duoclv/Documents/project/ks_downloader_script/web_app/backend/venv/lib/python3.12/site-packages/starlette/_exception_handler.py", line 64, in wrapped_app
    raise exc
  File "/home/duoclv/Documents/project/ks_downloader_script/web_app/backend/venv/lib/python3.12/site-packages/starlette/_exception_handler.py", line 53, in wrapped_app
    await app(scope, receive, sender)
  File "/home/duoclv/Documents/project/ks_downloader_script/web_app/backend/venv/lib/python3.12/site-packages/starlette/routing.py", line 762, in __call__
    await self.middleware_stack(scope, receive, send)
  File "/home/duoclv/Documents/project/ks_downloader_script/web_app/backend/venv/lib/python3.12/site-packages/starlette/routing.py", line 782, in app
    await route.handle(scope, receive, send)
  File "/home/duoclv/Documents/project/ks_downloader_script/web_app/backend/venv/lib/python3.12/site-packages/starlette/routing.py", line 297, in handle
    await self.app(scope, receive, send)
  File "/home/duoclv/Documents/project/ks_downloader_script/web_app/backend/venv/lib/python3.12/site-packages/starlette/routing.py", line 77, in app
    await wrap_app_handling_exceptions(app, request)(scope, receive, send)
  File "/home/duoclv/Documents/project/ks_downloader_script/web_app/backend/venv/lib/python3.12/site-packages/starlette/_exception_handler.py", line 64, in wrapped_app
    raise exc
  File "/home/duoclv/Documents/project/ks_downloader_script/web_app/backend/venv/lib/python3.12/site-packages/starlette/_exception_handler.py", line 53, in wrapped_app
    await app(scope, receive, sender)
  File "/home/duoclv/Documents/project/ks_downloader_script/web_app/backend/venv/lib/python3.12/site-packages/starlette/routing.py", line 72, in app
    response = await func(request)
               ^^^^^^^^^^^^^^^^^^^
  File "/home/duoclv/Documents/project/ks_downloader_script/web_app/backend/venv/lib/python3.12/site-packages/fastapi/routing.py", line 315, in app
    content = await serialize_response(
              ^^^^^^^^^^^^^^^^^^^^^^^^^
  File "/home/duoclv/Documents/project/ks_downloader_script/web_app/backend/venv/lib/python3.12/site-packages/fastapi/routing.py", line 155, in serialize_response
    raise ResponseValidationError(
fastapi.exceptions.ResponseValidationError: 9 validation errors:
  {'type': 'dict_type', 'loc': ('response', 0, 'setting_value'), 'msg': 'Input should be a valid dictionary', 'input': 'minh_khanh', 'url': 'https://errors.pydantic.dev/2.5/v/dict_type'}
  {'type': 'dict_type', 'loc': ('response', 1, 'setting_value'), 'msg': 'Input should be a valid dictionary', 'input': 1.0, 'url': 'https://errors.pydantic.dev/2.5/v/dict_type'}
  {'type': 'dict_type', 'loc': ('response', 2, 'setting_value'), 'msg': 'Input should be a valid dictionary', 'input': 100, 'url': 'https://errors.pydantic.dev/2.5/v/dict_type'}
  {'type': 'dict_type', 'loc': ('response', 3, 'setting_value'), 'msg': 'Input should be a valid dictionary', 'input': True, 'url': 'https://errors.pydantic.dev/2.5/v/dict_type'}
  {'type': 'dict_type', 'loc': ('response', 4, 'setting_value'), 'msg': 'Input should be a valid dictionary', 'input': False, 'url': 'https://errors.pydantic.dev/2.5/v/dict_type'}
  {'type': 'dict_type', 'loc': ('response', 5, 'setting_value'), 'msg': 'Input should be a valid dictionary', 'input': 'mp3', 'url': 'https://errors.pydantic.dev/2.5/v/dict_type'}
  {'type': 'dict_type', 'loc': ('response', 6, 'setting_value'), 'msg': 'Input should be a valid dictionary', 'input': '192k', 'url': 'https://errors.pydantic.dev/2.5/v/dict_type'}
  {'type': 'dict_type', 'loc': ('response', 7, 'setting_value'), 'msg': 'Input should be a valid dictionary', 'input': 'eyJhbGciOiJIUzI1NiIsInR5cCI6IkpXVCJ9.eyJpYXQiOjE3NzAzMDEzOTZ9.YPNV8aEATsETyhBljAHfizZw-t5Y2bQ4R57JGaYfKpQ', 'url': 'https://errors.pydantic.dev/2.5/v/dict_type'}
  {'type': 'dict_type', 'loc': ('response', 8, 'setting_value'), 'msg': 'Input should be a valid dictionary', 'input': 'c1c5c478-719d-4ec6-b665-58ed39484375', 'url': 'https://errors.pydantic.dev/2.5/v/dict_type'}

2026-05-06 14:07:35,539 INFO sqlalchemy.engine.Engine BEGIN (implicit)
2026-05-06 14:07:35,539 INFO sqlalchemy.engine.Engine SELECT settings.id AS settings_id, settings.setting_key AS settings_setting_key, settings.setting_value AS settings_setting_value, settings.updated_at AS settings_updated_at 
FROM settings
2026-05-06 14:07:35,539 INFO sqlalchemy.engine.Engine [cached since 0.3198s ago] {}
2026-05-06 14:07:35,548 INFO sqlalchemy.engine.Engine ROLLBACK
INFO:     127.0.0.1:42254 - "GET /api/v1/settings/ HTTP/1.1" 500 Internal Server Error
ERROR:    Exception in ASGI application
Traceback (most recent call last):
  File "/home/duoclv/Documents/project/ks_downloader_script/web_app/backend/venv/lib/python3.12/site-packages/uvicorn/protocols/http/httptools_impl.py", line 419, in run_asgi
    result = await app(  # type: ignore[func-returns-value]
             ^^^^^^^^^^^^^^^^^^^^^^^^^^^^^^^^^^^^^^^^^^^^^^
  File "/home/duoclv/Documents/project/ks_downloader_script/web_app/backend/venv/lib/python3.12/site-packages/uvicorn/middleware/proxy_headers.py", line 84, in __call__
    return await self.app(scope, receive, send)
           ^^^^^^^^^^^^^^^^^^^^^^^^^^^^^^^^^^^^
  File "/home/duoclv/Documents/project/ks_downloader_script/web_app/backend/venv/lib/python3.12/site-packages/fastapi/applications.py", line 1054, in __call__
    await super().__call__(scope, receive, send)
  File "/home/duoclv/Documents/project/ks_downloader_script/web_app/backend/venv/lib/python3.12/site-packages/starlette/applications.py", line 123, in __call__
    await self.middleware_stack(scope, receive, send)
  File "/home/duoclv/Documents/project/ks_downloader_script/web_app/backend/venv/lib/python3.12/site-packages/starlette/middleware/errors.py", line 186, in __call__
    raise exc
  File "/home/duoclv/Documents/project/ks_downloader_script/web_app/backend/venv/lib/python3.12/site-packages/starlette/middleware/errors.py", line 164, in __call__
    await self.app(scope, receive, _send)
  File "/home/duoclv/Documents/project/ks_downloader_script/web_app/backend/venv/lib/python3.12/site-packages/starlette/middleware/cors.py", line 91, in __call__
    await self.simple_response(scope, receive, send, request_headers=headers)
  File "/home/duoclv/Documents/project/ks_downloader_script/web_app/backend/venv/lib/python3.12/site-packages/starlette/middleware/cors.py", line 146, in simple_response
    await self.app(scope, receive, send)
  File "/home/duoclv/Documents/project/ks_downloader_script/web_app/backend/venv/lib/python3.12/site-packages/starlette/middleware/exceptions.py", line 62, in __call__
    await wrap_app_handling_exceptions(self.app, conn)(scope, receive, send)
  File "/home/duoclv/Documents/project/ks_downloader_script/web_app/backend/venv/lib/python3.12/site-packages/starlette/_exception_handler.py", line 64, in wrapped_app
    raise exc
  File "/home/duoclv/Documents/project/ks_downloader_script/web_app/backend/venv/lib/python3.12/site-packages/starlette/_exception_handler.py", line 53, in wrapped_app
    await app(scope, receive, sender)
  File "/home/duoclv/Documents/project/ks_downloader_script/web_app/backend/venv/lib/python3.12/site-packages/starlette/routing.py", line 762, in __call__
    await self.middleware_stack(scope, receive, send)
  File "/home/duoclv/Documents/project/ks_downloader_script/web_app/backend/venv/lib/python3.12/site-packages/starlette/routing.py", line 782, in app
    await route.handle(scope, receive, send)
  File "/home/duoclv/Documents/project/ks_downloader_script/web_app/backend/venv/lib/python3.12/site-packages/starlette/routing.py", line 297, in handle
    await self.app(scope, receive, send)
  File "/home/duoclv/Documents/project/ks_downloader_script/web_app/backend/venv/lib/python3.12/site-packages/starlette/routing.py", line 77, in app
    await wrap_app_handling_exceptions(app, request)(scope, receive, send)
  File "/home/duoclv/Documents/project/ks_downloader_script/web_app/backend/venv/lib/python3.12/site-packages/starlette/_exception_handler.py", line 64, in wrapped_app
    raise exc
  File "/home/duoclv/Documents/project/ks_downloader_script/web_app/backend/venv/lib/python3.12/site-packages/starlette/_exception_handler.py", line 53, in wrapped_app
    await app(scope, receive, sender)
  File "/home/duoclv/Documents/project/ks_downloader_script/web_app/backend/venv/lib/python3.12/site-packages/starlette/routing.py", line 72, in app
    response = await func(request)
               ^^^^^^^^^^^^^^^^^^^
  File "/home/duoclv/Documents/project/ks_downloader_script/web_app/backend/venv/lib/python3.12/site-packages/fastapi/routing.py", line 315, in app
    content = await serialize_response(
              ^^^^^^^^^^^^^^^^^^^^^^^^^
  File "/home/duoclv/Documents/project/ks_downloader_script/web_app/backend/venv/lib/python3.12/site-packages/fastapi/routing.py", line 155, in serialize_response
    raise ResponseValidationError(
fastapi.exceptions.ResponseValidationError: 9 validation errors:
  {'type': 'dict_type', 'loc': ('response', 0, 'setting_value'), 'msg': 'Input should be a valid dictionary', 'input': 'minh_khanh', 'url': 'https://errors.pydantic.dev/2.5/v/dict_type'}
  {'type': 'dict_type', 'loc': ('response', 1, 'setting_value'), 'msg': 'Input should be a valid dictionary', 'input': 1.0, 'url': 'https://errors.pydantic.dev/2.5/v/dict_type'}
  {'type': 'dict_type', 'loc': ('response', 2, 'setting_value'), 'msg': 'Input should be a valid dictionary', 'input': 100, 'url': 'https://errors.pydantic.dev/2.5/v/dict_type'}
  {'type': 'dict_type', 'loc': ('response', 3, 'setting_value'), 'msg': 'Input should be a valid dictionary', 'input': True, 'url': 'https://errors.pydantic.dev/2.5/v/dict_type'}
  {'type': 'dict_type', 'loc': ('response', 4, 'setting_value'), 'msg': 'Input should be a valid dictionary', 'input': False, 'url': 'https://errors.pydantic.dev/2.5/v/dict_type'}
  {'type': 'dict_type', 'loc': ('response', 5, 'setting_value'), 'msg': 'Input should be a valid dictionary', 'input': 'mp3', 'url': 'https://errors.pydantic.dev/2.5/v/dict_type'}
  {'type': 'dict_type', 'loc': ('response', 6, 'setting_value'), 'msg': 'Input should be a valid dictionary', 'input': '192k', 'url': 'https://errors.pydantic.dev/2.5/v/dict_type'}
  {'type': 'dict_type', 'loc': ('response', 7, 'setting_value'), 'msg': 'Input should be a valid dictionary', 'input': 'eyJhbGciOiJIUzI1NiIsInR5cCI6IkpXVCJ9.eyJpYXQiOjE3NzAzMDEzOTZ9.YPNV8aEATsETyhBljAHfizZw-t5Y2bQ4R57JGaYfKpQ', 'url': 'https://errors.pydantic.dev/2.5/v/dict_type'}
  {'type': 'dict_type', 'loc': ('response', 8, 'setting_value'), 'msg': 'Input should be a valid dictionary', 'input': 'c1c5c478-719d-4ec6-b665-58ed39484375', 'url': 'https://errors.pydantic.dev/2.5/v/dict_type'}

WARNING:  WatchFiles detected changes in 'app/models.py'. Reloading...
INFO:     Shutting down
INFO:     Waiting for application shutdown.
2026-05-06 14:15:05.406 | INFO     | app.main:shutdown_event:69 - Shutting down TruyenFull Processor API...
INFO:     Application shutdown complete.
INFO:     Finished server process [425897]
2026-05-06 14:15:06.294 | INFO     | app.database:<module>:10 - Connecting to database: localhost:3307/truyenfull_db
INFO:     Started server process [454366]
INFO:     Waiting for application startup.
2026-05-06 14:15:06.734 | INFO     | app.main:startup_event:53 - Starting TruyenFull Processor API...
2026-05-06 14:15:06.734 | INFO     | app.main:startup_event:54 - Debug mode: True
2026-05-06 14:15:06.734 | INFO     | app.main:startup_event:55 - CORS origins: ['http://localhost:5173', 'http://localhost:3000']
2026-05-06 14:15:06,747 INFO sqlalchemy.engine.Engine SELECT DATABASE()
2026-05-06 14:15:06,747 INFO sqlalchemy.engine.Engine [raw sql] {}
2026-05-06 14:15:06,750 INFO sqlalchemy.engine.Engine SELECT @@sql_mode
2026-05-06 14:15:06,750 INFO sqlalchemy.engine.Engine [raw sql] {}
2026-05-06 14:15:06,750 INFO sqlalchemy.engine.Engine SELECT @@lower_case_table_names
2026-05-06 14:15:06,751 INFO sqlalchemy.engine.Engine [raw sql] {}
2026-05-06 14:15:06,751 INFO sqlalchemy.engine.Engine BEGIN (implicit)
2026-05-06 14:15:06,752 INFO sqlalchemy.engine.Engine SELECT 1
2026-05-06 14:15:06,752 INFO sqlalchemy.engine.Engine [generated in 0.00011s] {}
2026-05-06 14:15:06,752 INFO sqlalchemy.engine.Engine ROLLBACK
2026-05-06 14:15:06.752 | INFO     | app.database:test_connection:49 - Database connection successful
2026-05-06 14:15:06.753 | INFO     | app.main:startup_event:59 - Database connection successful
INFO:     Application startup complete.
WARNING:  WatchFiles detected changes in 'app/schemas.py'. Reloading...
INFO:     Shutting down
INFO:     Waiting for application shutdown.
2026-05-06 14:15:13.166 | INFO     | app.main:shutdown_event:69 - Shutting down TruyenFull Processor API...
INFO:     Application shutdown complete.
INFO:     Finished server process [454366]
2026-05-06 14:15:14.184 | INFO     | app.database:<module>:10 - Connecting to database: localhost:3307/truyenfull_db
INFO:     Started server process [454558]
INFO:     Waiting for application startup.
2026-05-06 14:15:14.630 | INFO     | app.main:startup_event:53 - Starting TruyenFull Processor API...
2026-05-06 14:15:14.630 | INFO     | app.main:startup_event:54 - Debug mode: True
2026-05-06 14:15:14.630 | INFO     | app.main:startup_event:55 - CORS origins: ['http://localhost:5173', 'http://localhost:3000']
2026-05-06 14:15:14,634 INFO sqlalchemy.engine.Engine SELECT DATABASE()
2026-05-06 14:15:14,634 INFO sqlalchemy.engine.Engine [raw sql] {}
2026-05-06 14:15:14,635 INFO sqlalchemy.engine.Engine SELECT @@sql_mode
2026-05-06 14:15:14,635 INFO sqlalchemy.engine.Engine [raw sql] {}
2026-05-06 14:15:14,636 INFO sqlalchemy.engine.Engine SELECT @@lower_case_table_names
2026-05-06 14:15:14,636 INFO sqlalchemy.engine.Engine [raw sql] {}
2026-05-06 14:15:14,636 INFO sqlalchemy.engine.Engine BEGIN (implicit)
2026-05-06 14:15:14,637 INFO sqlalchemy.engine.Engine SELECT 1
2026-05-06 14:15:14,637 INFO sqlalchemy.engine.Engine [generated in 0.00010s] {}
2026-05-06 14:15:14,637 INFO sqlalchemy.engine.Engine ROLLBACK
2026-05-06 14:15:14.638 | INFO     | app.database:test_connection:49 - Database connection successful
2026-05-06 14:15:14.638 | INFO     | app.main:startup_event:59 - Database connection successful
INFO:     Application startup complete.
WARNING:  WatchFiles detected changes in 'app/schemas.py'. Reloading...
INFO:     Shutting down
INFO:     Waiting for application shutdown.
2026-05-06 14:15:22.652 | INFO     | app.main:shutdown_event:69 - Shutting down TruyenFull Processor API...
INFO:     Application shutdown complete.
INFO:     Finished server process [454558]
2026-05-06 14:15:23.482 | INFO     | app.database:<module>:10 - Connecting to database: localhost:3307/truyenfull_db
INFO:     Started server process [454855]
INFO:     Waiting for application startup.
2026-05-06 14:15:23.913 | INFO     | app.main:startup_event:53 - Starting TruyenFull Processor API...
2026-05-06 14:15:23.913 | INFO     | app.main:startup_event:54 - Debug mode: True
2026-05-06 14:15:23.913 | INFO     | app.main:startup_event:55 - CORS origins: ['http://localhost:5173', 'http://localhost:3000']
2026-05-06 14:15:23,918 INFO sqlalchemy.engine.Engine SELECT DATABASE()
2026-05-06 14:15:23,918 INFO sqlalchemy.engine.Engine [raw sql] {}
2026-05-06 14:15:23,920 INFO sqlalchemy.engine.Engine SELECT @@sql_mode
2026-05-06 14:15:23,920 INFO sqlalchemy.engine.Engine [raw sql] {}
2026-05-06 14:15:23,921 INFO sqlalchemy.engine.Engine SELECT @@lower_case_table_names
2026-05-06 14:15:23,921 INFO sqlalchemy.engine.Engine [raw sql] {}
2026-05-06 14:15:23,922 INFO sqlalchemy.engine.Engine BEGIN (implicit)
2026-05-06 14:15:23,922 INFO sqlalchemy.engine.Engine SELECT 1
2026-05-06 14:15:23,922 INFO sqlalchemy.engine.Engine [generated in 0.00009s] {}
2026-05-06 14:15:23,923 INFO sqlalchemy.engine.Engine ROLLBACK
2026-05-06 14:15:23.923 | INFO     | app.database:test_connection:49 - Database connection successful
2026-05-06 14:15:23.923 | INFO     | app.main:startup_event:59 - Database connection successful
INFO:     Application startup complete.
WARNING:  WatchFiles detected changes in 'app/api/video_presets.py'. Reloading...
INFO:     Shutting down
INFO:     Waiting for application shutdown.
2026-05-06 14:15:49.572 | INFO     | app.main:shutdown_event:69 - Shutting down TruyenFull Processor API...
INFO:     Application shutdown complete.
INFO:     Finished server process [454855]
2026-05-06 14:15:50.498 | INFO     | app.database:<module>:10 - Connecting to database: localhost:3307/truyenfull_db
INFO:     Started server process [455572]
INFO:     Waiting for application startup.
2026-05-06 14:15:51.029 | INFO     | app.main:startup_event:53 - Starting TruyenFull Processor API...
2026-05-06 14:15:51.029 | INFO     | app.main:startup_event:54 - Debug mode: True
2026-05-06 14:15:51.029 | INFO     | app.main:startup_event:55 - CORS origins: ['http://localhost:5173', 'http://localhost:3000']
2026-05-06 14:15:51,033 INFO sqlalchemy.engine.Engine SELECT DATABASE()
2026-05-06 14:15:51,033 INFO sqlalchemy.engine.Engine [raw sql] {}
2026-05-06 14:15:51,033 INFO sqlalchemy.engine.Engine SELECT @@sql_mode
2026-05-06 14:15:51,033 INFO sqlalchemy.engine.Engine [raw sql] {}
2026-05-06 14:15:51,034 INFO sqlalchemy.engine.Engine SELECT @@lower_case_table_names
2026-05-06 14:15:51,034 INFO sqlalchemy.engine.Engine [raw sql] {}
2026-05-06 14:15:51,034 INFO sqlalchemy.engine.Engine BEGIN (implicit)
2026-05-06 14:15:51,035 INFO sqlalchemy.engine.Engine SELECT 1
2026-05-06 14:15:51,035 INFO sqlalchemy.engine.Engine [generated in 0.00019s] {}
2026-05-06 14:15:51,036 INFO sqlalchemy.engine.Engine ROLLBACK
2026-05-06 14:15:51.036 | INFO     | app.database:test_connection:49 - Database connection successful
2026-05-06 14:15:51.036 | INFO     | app.main:startup_event:59 - Database connection successful
INFO:     Application startup complete.
WARNING:  WatchFiles detected changes in 'app/main.py'. Reloading...
INFO:     Shutting down
INFO:     Waiting for application shutdown.
2026-05-06 14:15:54.843 | INFO     | app.main:shutdown_event:69 - Shutting down TruyenFull Processor API...
INFO:     Application shutdown complete.
INFO:     Finished server process [455572]
2026-05-06 14:15:55.898 | INFO     | app.database:<module>:10 - Connecting to database: localhost:3307/truyenfull_db
INFO:     Started server process [455694]
INFO:     Waiting for application startup.
2026-05-06 14:15:56.349 | INFO     | app.main:startup_event:53 - Starting TruyenFull Processor API...
2026-05-06 14:15:56.350 | INFO     | app.main:startup_event:54 - Debug mode: True
2026-05-06 14:15:56.350 | INFO     | app.main:startup_event:55 - CORS origins: ['http://localhost:5173', 'http://localhost:3000']
2026-05-06 14:15:56,353 INFO sqlalchemy.engine.Engine SELECT DATABASE()
2026-05-06 14:15:56,354 INFO sqlalchemy.engine.Engine [raw sql] {}
2026-05-06 14:15:56,354 INFO sqlalchemy.engine.Engine SELECT @@sql_mode
2026-05-06 14:15:56,354 INFO sqlalchemy.engine.Engine [raw sql] {}
2026-05-06 14:15:56,354 INFO sqlalchemy.engine.Engine SELECT @@lower_case_table_names
2026-05-06 14:15:56,354 INFO sqlalchemy.engine.Engine [raw sql] {}
2026-05-06 14:15:56,355 INFO sqlalchemy.engine.Engine BEGIN (implicit)
2026-05-06 14:15:56,355 INFO sqlalchemy.engine.Engine SELECT 1
2026-05-06 14:15:56,355 INFO sqlalchemy.engine.Engine [generated in 0.00007s] {}
2026-05-06 14:15:56,355 INFO sqlalchemy.engine.Engine ROLLBACK
2026-05-06 14:15:56.355 | INFO     | app.database:test_connection:49 - Database connection successful
2026-05-06 14:15:56.356 | INFO     | app.main:startup_event:59 - Database connection successful
INFO:     Application startup complete.
WARNING:  WatchFiles detected changes in 'app/main.py'. Reloading...
INFO:     Shutting down
INFO:     Waiting for application shutdown.
2026-05-06 14:15:58.162 | INFO     | app.main:shutdown_event:69 - Shutting down TruyenFull Processor API...
INFO:     Application shutdown complete.
INFO:     Finished server process [455694]
2026-05-06 14:15:59.032 | INFO     | app.database:<module>:10 - Connecting to database: localhost:3307/truyenfull_db
INFO:     Started server process [455827]
INFO:     Waiting for application startup.
2026-05-06 14:15:59.468 | INFO     | app.main:startup_event:54 - Starting TruyenFull Processor API...
2026-05-06 14:15:59.468 | INFO     | app.main:startup_event:55 - Debug mode: True
2026-05-06 14:15:59.468 | INFO     | app.main:startup_event:56 - CORS origins: ['http://localhost:5173', 'http://localhost:3000']
2026-05-06 14:15:59,472 INFO sqlalchemy.engine.Engine SELECT DATABASE()
2026-05-06 14:15:59,472 INFO sqlalchemy.engine.Engine [raw sql] {}
2026-05-06 14:15:59,473 INFO sqlalchemy.engine.Engine SELECT @@sql_mode
2026-05-06 14:15:59,473 INFO sqlalchemy.engine.Engine [raw sql] {}
2026-05-06 14:15:59,473 INFO sqlalchemy.engine.Engine SELECT @@lower_case_table_names
2026-05-06 14:15:59,473 INFO sqlalchemy.engine.Engine [raw sql] {}
2026-05-06 14:15:59,474 INFO sqlalchemy.engine.Engine BEGIN (implicit)
2026-05-06 14:15:59,474 INFO sqlalchemy.engine.Engine SELECT 1
2026-05-06 14:15:59,474 INFO sqlalchemy.engine.Engine [generated in 0.00008s] {}
2026-05-06 14:15:59,474 INFO sqlalchemy.engine.Engine ROLLBACK
2026-05-06 14:15:59.474 | INFO     | app.database:test_connection:49 - Database connection successful
2026-05-06 14:15:59.475 | INFO     | app.main:startup_event:60 - Database connection successful
INFO:     Application startup complete.
2026-05-06 14:17:13,123 INFO sqlalchemy.engine.Engine BEGIN (implicit)
2026-05-06 14:17:13,132 INFO sqlalchemy.engine.Engine SELECT settings.id AS settings_id, settings.setting_key AS settings_setting_key, settings.setting_value AS settings_setting_value, settings.updated_at AS settings_updated_at 
FROM settings
2026-05-06 14:17:13,132 INFO sqlalchemy.engine.Engine [generated in 0.00032s] {}
2026-05-06 14:17:13,137 INFO sqlalchemy.engine.Engine ROLLBACK
INFO:     127.0.0.1:43710 - "GET /api/v1/settings/ HTTP/1.1" 500 Internal Server Error
ERROR:    Exception in ASGI application
Traceback (most recent call last):
  File "/home/duoclv/Documents/project/ks_downloader_script/web_app/backend/venv/lib/python3.12/site-packages/uvicorn/protocols/http/httptools_impl.py", line 419, in run_asgi
    result = await app(  # type: ignore[func-returns-value]
             ^^^^^^^^^^^^^^^^^^^^^^^^^^^^^^^^^^^^^^^^^^^^^^
  File "/home/duoclv/Documents/project/ks_downloader_script/web_app/backend/venv/lib/python3.12/site-packages/uvicorn/middleware/proxy_headers.py", line 84, in __call__
    return await self.app(scope, receive, send)
           ^^^^^^^^^^^^^^^^^^^^^^^^^^^^^^^^^^^^
  File "/home/duoclv/Documents/project/ks_downloader_script/web_app/backend/venv/lib/python3.12/site-packages/fastapi/applications.py", line 1054, in __call__
    await super().__call__(scope, receive, send)
  File "/home/duoclv/Documents/project/ks_downloader_script/web_app/backend/venv/lib/python3.12/site-packages/starlette/applications.py", line 123, in __call__
    await self.middleware_stack(scope, receive, send)
  File "/home/duoclv/Documents/project/ks_downloader_script/web_app/backend/venv/lib/python3.12/site-packages/starlette/middleware/errors.py", line 186, in __call__
    raise exc
  File "/home/duoclv/Documents/project/ks_downloader_script/web_app/backend/venv/lib/python3.12/site-packages/starlette/middleware/errors.py", line 164, in __call__
    await self.app(scope, receive, _send)
  File "/home/duoclv/Documents/project/ks_downloader_script/web_app/backend/venv/lib/python3.12/site-packages/starlette/middleware/cors.py", line 91, in __call__
    await self.simple_response(scope, receive, send, request_headers=headers)
  File "/home/duoclv/Documents/project/ks_downloader_script/web_app/backend/venv/lib/python3.12/site-packages/starlette/middleware/cors.py", line 146, in simple_response
    await self.app(scope, receive, send)
  File "/home/duoclv/Documents/project/ks_downloader_script/web_app/backend/venv/lib/python3.12/site-packages/starlette/middleware/exceptions.py", line 62, in __call__
    await wrap_app_handling_exceptions(self.app, conn)(scope, receive, send)
  File "/home/duoclv/Documents/project/ks_downloader_script/web_app/backend/venv/lib/python3.12/site-packages/starlette/_exception_handler.py", line 64, in wrapped_app
    raise exc
  File "/home/duoclv/Documents/project/ks_downloader_script/web_app/backend/venv/lib/python3.12/site-packages/starlette/_exception_handler.py", line 53, in wrapped_app
    await app(scope, receive, sender)
  File "/home/duoclv/Documents/project/ks_downloader_script/web_app/backend/venv/lib/python3.12/site-packages/starlette/routing.py", line 762, in __call__
    await self.middleware_stack(scope, receive, send)
  File "/home/duoclv/Documents/project/ks_downloader_script/web_app/backend/venv/lib/python3.12/site-packages/starlette/routing.py", line 782, in app
    await route.handle(scope, receive, send)
  File "/home/duoclv/Documents/project/ks_downloader_script/web_app/backend/venv/lib/python3.12/site-packages/starlette/routing.py", line 297, in handle
    await self.app(scope, receive, send)
  File "/home/duoclv/Documents/project/ks_downloader_script/web_app/backend/venv/lib/python3.12/site-packages/starlette/routing.py", line 77, in app
    await wrap_app_handling_exceptions(app, request)(scope, receive, send)
  File "/home/duoclv/Documents/project/ks_downloader_script/web_app/backend/venv/lib/python3.12/site-packages/starlette/_exception_handler.py", line 64, in wrapped_app
    raise exc
  File "/home/duoclv/Documents/project/ks_downloader_script/web_app/backend/venv/lib/python3.12/site-packages/starlette/_exception_handler.py", line 53, in wrapped_app
    await app(scope, receive, sender)
  File "/home/duoclv/Documents/project/ks_downloader_script/web_app/backend/venv/lib/python3.12/site-packages/starlette/routing.py", line 72, in app
    response = await func(request)
               ^^^^^^^^^^^^^^^^^^^
  File "/home/duoclv/Documents/project/ks_downloader_script/web_app/backend/venv/lib/python3.12/site-packages/fastapi/routing.py", line 315, in app
    content = await serialize_response(
              ^^^^^^^^^^^^^^^^^^^^^^^^^
  File "/home/duoclv/Documents/project/ks_downloader_script/web_app/backend/venv/lib/python3.12/site-packages/fastapi/routing.py", line 155, in serialize_response
    raise ResponseValidationError(
fastapi.exceptions.ResponseValidationError: 9 validation errors:
  {'type': 'dict_type', 'loc': ('response', 0, 'setting_value'), 'msg': 'Input should be a valid dictionary', 'input': 'minh_khanh', 'url': 'https://errors.pydantic.dev/2.5/v/dict_type'}
  {'type': 'dict_type', 'loc': ('response', 1, 'setting_value'), 'msg': 'Input should be a valid dictionary', 'input': 1.0, 'url': 'https://errors.pydantic.dev/2.5/v/dict_type'}
  {'type': 'dict_type', 'loc': ('response', 2, 'setting_value'), 'msg': 'Input should be a valid dictionary', 'input': 100, 'url': 'https://errors.pydantic.dev/2.5/v/dict_type'}
  {'type': 'dict_type', 'loc': ('response', 3, 'setting_value'), 'msg': 'Input should be a valid dictionary', 'input': True, 'url': 'https://errors.pydantic.dev/2.5/v/dict_type'}
  {'type': 'dict_type', 'loc': ('response', 4, 'setting_value'), 'msg': 'Input should be a valid dictionary', 'input': False, 'url': 'https://errors.pydantic.dev/2.5/v/dict_type'}
  {'type': 'dict_type', 'loc': ('response', 5, 'setting_value'), 'msg': 'Input should be a valid dictionary', 'input': 'mp3', 'url': 'https://errors.pydantic.dev/2.5/v/dict_type'}
  {'type': 'dict_type', 'loc': ('response', 6, 'setting_value'), 'msg': 'Input should be a valid dictionary', 'input': '192k', 'url': 'https://errors.pydantic.dev/2.5/v/dict_type'}
  {'type': 'dict_type', 'loc': ('response', 7, 'setting_value'), 'msg': 'Input should be a valid dictionary', 'input': 'eyJhbGciOiJIUzI1NiIsInR5cCI6IkpXVCJ9.eyJpYXQiOjE3NzAzMDEzOTZ9.YPNV8aEATsETyhBljAHfizZw-t5Y2bQ4R57JGaYfKpQ', 'url': 'https://errors.pydantic.dev/2.5/v/dict_type'}
  {'type': 'dict_type', 'loc': ('response', 8, 'setting_value'), 'msg': 'Input should be a valid dictionary', 'input': 'c1c5c478-719d-4ec6-b665-58ed39484375', 'url': 'https://errors.pydantic.dev/2.5/v/dict_type'}

2026-05-06 14:17:13,153 INFO sqlalchemy.engine.Engine BEGIN (implicit)
2026-05-06 14:17:13,154 INFO sqlalchemy.engine.Engine SELECT settings.id AS settings_id, settings.setting_key AS settings_setting_key, settings.setting_value AS settings_setting_value, settings.updated_at AS settings_updated_at 
FROM settings
2026-05-06 14:17:13,154 INFO sqlalchemy.engine.Engine [cached since 0.02237s ago] {}
2026-05-06 14:17:13,156 INFO sqlalchemy.engine.Engine ROLLBACK
INFO:     127.0.0.1:43724 - "GET /api/v1/settings/ HTTP/1.1" 500 Internal Server Error
ERROR:    Exception in ASGI application
Traceback (most recent call last):
  File "/home/duoclv/Documents/project/ks_downloader_script/web_app/backend/venv/lib/python3.12/site-packages/uvicorn/protocols/http/httptools_impl.py", line 419, in run_asgi
    result = await app(  # type: ignore[func-returns-value]
             ^^^^^^^^^^^^^^^^^^^^^^^^^^^^^^^^^^^^^^^^^^^^^^
  File "/home/duoclv/Documents/project/ks_downloader_script/web_app/backend/venv/lib/python3.12/site-packages/uvicorn/middleware/proxy_headers.py", line 84, in __call__
    return await self.app(scope, receive, send)
           ^^^^^^^^^^^^^^^^^^^^^^^^^^^^^^^^^^^^
  File "/home/duoclv/Documents/project/ks_downloader_script/web_app/backend/venv/lib/python3.12/site-packages/fastapi/applications.py", line 1054, in __call__
    await super().__call__(scope, receive, send)
  File "/home/duoclv/Documents/project/ks_downloader_script/web_app/backend/venv/lib/python3.12/site-packages/starlette/applications.py", line 123, in __call__
    await self.middleware_stack(scope, receive, send)
  File "/home/duoclv/Documents/project/ks_downloader_script/web_app/backend/venv/lib/python3.12/site-packages/starlette/middleware/errors.py", line 186, in __call__
    raise exc
  File "/home/duoclv/Documents/project/ks_downloader_script/web_app/backend/venv/lib/python3.12/site-packages/starlette/middleware/errors.py", line 164, in __call__
    await self.app(scope, receive, _send)
  File "/home/duoclv/Documents/project/ks_downloader_script/web_app/backend/venv/lib/python3.12/site-packages/starlette/middleware/cors.py", line 91, in __call__
    await self.simple_response(scope, receive, send, request_headers=headers)
  File "/home/duoclv/Documents/project/ks_downloader_script/web_app/backend/venv/lib/python3.12/site-packages/starlette/middleware/cors.py", line 146, in simple_response
    await self.app(scope, receive, send)
  File "/home/duoclv/Documents/project/ks_downloader_script/web_app/backend/venv/lib/python3.12/site-packages/starlette/middleware/exceptions.py", line 62, in __call__
    await wrap_app_handling_exceptions(self.app, conn)(scope, receive, send)
  File "/home/duoclv/Documents/project/ks_downloader_script/web_app/backend/venv/lib/python3.12/site-packages/starlette/_exception_handler.py", line 64, in wrapped_app
    raise exc
  File "/home/duoclv/Documents/project/ks_downloader_script/web_app/backend/venv/lib/python3.12/site-packages/starlette/_exception_handler.py", line 53, in wrapped_app
    await app(scope, receive, sender)
  File "/home/duoclv/Documents/project/ks_downloader_script/web_app/backend/venv/lib/python3.12/site-packages/starlette/routing.py", line 762, in __call__
    await self.middleware_stack(scope, receive, send)
  File "/home/duoclv/Documents/project/ks_downloader_script/web_app/backend/venv/lib/python3.12/site-packages/starlette/routing.py", line 782, in app
    await route.handle(scope, receive, send)
  File "/home/duoclv/Documents/project/ks_downloader_script/web_app/backend/venv/lib/python3.12/site-packages/starlette/routing.py", line 297, in handle
    await self.app(scope, receive, send)
  File "/home/duoclv/Documents/project/ks_downloader_script/web_app/backend/venv/lib/python3.12/site-packages/starlette/routing.py", line 77, in app
    await wrap_app_handling_exceptions(app, request)(scope, receive, send)
  File "/home/duoclv/Documents/project/ks_downloader_script/web_app/backend/venv/lib/python3.12/site-packages/starlette/_exception_handler.py", line 64, in wrapped_app
    raise exc
  File "/home/duoclv/Documents/project/ks_downloader_script/web_app/backend/venv/lib/python3.12/site-packages/starlette/_exception_handler.py", line 53, in wrapped_app
    await app(scope, receive, sender)
  File "/home/duoclv/Documents/project/ks_downloader_script/web_app/backend/venv/lib/python3.12/site-packages/starlette/routing.py", line 72, in app
    response = await func(request)
               ^^^^^^^^^^^^^^^^^^^
  File "/home/duoclv/Documents/project/ks_downloader_script/web_app/backend/venv/lib/python3.12/site-packages/fastapi/routing.py", line 315, in app
    content = await serialize_response(
              ^^^^^^^^^^^^^^^^^^^^^^^^^
  File "/home/duoclv/Documents/project/ks_downloader_script/web_app/backend/venv/lib/python3.12/site-packages/fastapi/routing.py", line 155, in serialize_response
    raise ResponseValidationError(
fastapi.exceptions.ResponseValidationError: 9 validation errors:
  {'type': 'dict_type', 'loc': ('response', 0, 'setting_value'), 'msg': 'Input should be a valid dictionary', 'input': 'minh_khanh', 'url': 'https://errors.pydantic.dev/2.5/v/dict_type'}
  {'type': 'dict_type', 'loc': ('response', 1, 'setting_value'), 'msg': 'Input should be a valid dictionary', 'input': 1.0, 'url': 'https://errors.pydantic.dev/2.5/v/dict_type'}
  {'type': 'dict_type', 'loc': ('response', 2, 'setting_value'), 'msg': 'Input should be a valid dictionary', 'input': 100, 'url': 'https://errors.pydantic.dev/2.5/v/dict_type'}
  {'type': 'dict_type', 'loc': ('response', 3, 'setting_value'), 'msg': 'Input should be a valid dictionary', 'input': True, 'url': 'https://errors.pydantic.dev/2.5/v/dict_type'}
  {'type': 'dict_type', 'loc': ('response', 4, 'setting_value'), 'msg': 'Input should be a valid dictionary', 'input': False, 'url': 'https://errors.pydantic.dev/2.5/v/dict_type'}
  {'type': 'dict_type', 'loc': ('response', 5, 'setting_value'), 'msg': 'Input should be a valid dictionary', 'input': 'mp3', 'url': 'https://errors.pydantic.dev/2.5/v/dict_type'}
  {'type': 'dict_type', 'loc': ('response', 6, 'setting_value'), 'msg': 'Input should be a valid dictionary', 'input': '192k', 'url': 'https://errors.pydantic.dev/2.5/v/dict_type'}
  {'type': 'dict_type', 'loc': ('response', 7, 'setting_value'), 'msg': 'Input should be a valid dictionary', 'input': 'eyJhbGciOiJIUzI1NiIsInR5cCI6IkpXVCJ9.eyJpYXQiOjE3NzAzMDEzOTZ9.YPNV8aEATsETyhBljAHfizZw-t5Y2bQ4R57JGaYfKpQ', 'url': 'https://errors.pydantic.dev/2.5/v/dict_type'}
  {'type': 'dict_type', 'loc': ('response', 8, 'setting_value'), 'msg': 'Input should be a valid dictionary', 'input': 'c1c5c478-719d-4ec6-b665-58ed39484375', 'url': 'https://errors.pydantic.dev/2.5/v/dict_type'}

INFO:     127.0.0.1:36554 - "GET /api/v1/video/fonts HTTP/1.1" 200 OK
INFO:     127.0.0.1:36566 - "GET /api/v1/video/sample-clip?folder=%2Fhome%2Fduoclv%2FDownloads%2Ftemp-20260506T015716Z-3-001%2Ftemp%2Frandom_50min_20260419_210319 HTTP/1.1" 200 OK
2026-05-06 14:18:19,975 INFO sqlalchemy.engine.Engine BEGIN (implicit)
2026-05-06 14:18:19,979 INFO sqlalchemy.engine.Engine SELECT stories.id AS stories_id, stories.title AS stories_title, stories.url AS stories_url, stories.author AS stories_author, stories.total_chapters AS stories_total_chapters, stories.start_chapter AS stories_start_chapter, stories.end_chapter AS stories_end_chapter, stories.custom_chapter_urls AS stories_custom_chapter_urls, stories.status AS stories_status, stories.current_step AS stories_current_step, stories.is_favorite AS stories_is_favorite, stories.merged_content AS stories_merged_content, stories.created_at AS stories_created_at, stories.updated_at AS stories_updated_at 
FROM stories 
WHERE stories.id = %(id_1)s 
 LIMIT %(param_1)s
2026-05-06 14:18:19,979 INFO sqlalchemy.engine.Engine [generated in 0.00020s] {'id_1': '2f846d20-9d22-4e0b-8945-a010a5a48bb8', 'param_1': 1}
2026-05-06 14:18:19,987 INFO sqlalchemy.engine.Engine BEGIN (implicit)
2026-05-06 14:18:19,989 INFO sqlalchemy.engine.Engine SELECT voices.id AS voices_id, voices.code AS voices_code, voices.name AS voices_name, voices.gender AS voices_gender, voices.locale AS voices_locale, voices.category AS voices_category, voices.description AS voices_description, voices.demo_url AS voices_demo_url, voices.is_active AS voices_is_active, voices.`rank` AS voices_rank, voices.created_at AS voices_created_at 
FROM voices 
WHERE voices.is_active = true ORDER BY voices.`rank`
2026-05-06 14:18:19,989 INFO sqlalchemy.engine.Engine [generated in 0.00014s] {}
2026-05-06 14:18:19.992 | INFO     | app.api.tts:list_voices:87 - Retrieved 14 voices from database
2026-05-06 14:18:19,993 INFO sqlalchemy.engine.Engine ROLLBACK
2026-05-06 14:18:19,994 INFO sqlalchemy.engine.Engine ROLLBACK
INFO:     127.0.0.1:36576 - "GET /api/v1/stories/2f846d20-9d22-4e0b-8945-a010a5a48bb8 HTTP/1.1" 200 OK
INFO:     127.0.0.1:36580 - "GET /api/v1/tts/voices HTTP/1.1" 200 OK
2026-05-06 14:18:20,032 INFO sqlalchemy.engine.Engine BEGIN (implicit)
2026-05-06 14:18:20,033 INFO sqlalchemy.engine.Engine SELECT chapters.id AS chapters_id, chapters.story_id AS chapters_story_id, chapters.chapter_number AS chapters_chapter_number, chapters.title AS chapters_title, chapters.content AS chapters_content, chapters.char_count AS chapters_char_count, chapters.has_censored_words AS chapters_has_censored_words, chapters.censored_count AS chapters_censored_count, chapters.status AS chapters_status, chapters.created_at AS chapters_created_at, chapters.updated_at AS chapters_updated_at 
FROM chapters 
WHERE chapters.story_id = %(story_id_1)s ORDER BY chapters.chapter_number
2026-05-06 14:18:20,033 INFO sqlalchemy.engine.Engine [generated in 0.00014s] {'story_id_1': '2f846d20-9d22-4e0b-8945-a010a5a48bb8'}
2026-05-06 14:18:20,055 INFO sqlalchemy.engine.Engine ROLLBACK
INFO:     127.0.0.1:36590 - "GET /api/v1/stories/2f846d20-9d22-4e0b-8945-a010a5a48bb8/chapters HTTP/1.1" 200 OK
2026-05-06 14:18:20,065 INFO sqlalchemy.engine.Engine BEGIN (implicit)
2026-05-06 14:18:20,066 INFO sqlalchemy.engine.Engine SELECT chapters.id AS chapters_id, chapters.story_id AS chapters_story_id, chapters.chapter_number AS chapters_chapter_number, chapters.title AS chapters_title, chapters.content AS chapters_content, chapters.char_count AS chapters_char_count, chapters.has_censored_words AS chapters_has_censored_words, chapters.censored_count AS chapters_censored_count, chapters.status AS chapters_status, chapters.created_at AS chapters_created_at, chapters.updated_at AS chapters_updated_at 
FROM chapters 
WHERE chapters.story_id = %(story_id_1)s
2026-05-06 14:18:20,066 INFO sqlalchemy.engine.Engine [generated in 0.00026s] {'story_id_1': '2f846d20-9d22-4e0b-8945-a010a5a48bb8'}
2026-05-06 14:18:20,070 INFO sqlalchemy.engine.Engine ROLLBACK
INFO:     127.0.0.1:36606 - "GET /api/v1/chapters/story/2f846d20-9d22-4e0b-8945-a010a5a48bb8/stats HTTP/1.1" 200 OK
2026-05-06 14:18:20,076 INFO sqlalchemy.engine.Engine BEGIN (implicit)
2026-05-06 14:18:20,078 INFO sqlalchemy.engine.Engine SELECT merged_audio.id AS merged_audio_id, merged_audio.story_id AS merged_audio_story_id, merged_audio.file_path AS merged_audio_file_path, merged_audio.file_size AS merged_audio_file_size, merged_audio.duration AS merged_audio_duration, merged_audio.format AS merged_audio_format, merged_audio.total_chapters AS merged_audio_total_chapters, merged_audio.created_at AS merged_audio_created_at 
FROM merged_audio 
WHERE merged_audio.story_id = %(story_id_1)s ORDER BY merged_audio.created_at DESC 
 LIMIT %(param_1)s
2026-05-06 14:18:20,078 INFO sqlalchemy.engine.Engine [generated in 0.00031s] {'story_id_1': '2f846d20-9d22-4e0b-8945-a010a5a48bb8', 'param_1': 1}
2026-05-06 14:18:20,080 INFO sqlalchemy.engine.Engine ROLLBACK
INFO:     127.0.0.1:36620 - "GET /api/v1/video/audio-path/2f846d20-9d22-4e0b-8945-a010a5a48bb8 HTTP/1.1" 200 OK
2026-05-06 14:18:20,086 INFO sqlalchemy.engine.Engine BEGIN (implicit)
2026-05-06 14:18:20,087 INFO sqlalchemy.engine.Engine SELECT video_outputs.id AS video_outputs_id, video_outputs.story_id AS video_outputs_story_id, video_outputs.audio_source_path AS video_outputs_audio_source_path, video_outputs.video_source_folder AS video_outputs_video_source_folder, video_outputs.output_path AS video_outputs_output_path, video_outputs.file_size AS video_outputs_file_size, video_outputs.duration AS video_outputs_duration, video_outputs.audio_speed AS video_outputs_audio_speed, video_outputs.transition_effect AS video_outputs_transition_effect, video_outputs.transition_duration AS video_outputs_transition_duration, video_outputs.resolution AS video_outputs_resolution, video_outputs.status AS video_outputs_status, video_outputs.error_message AS video_outputs_error_message, video_outputs.created_at AS video_outputs_created_at, video_outputs.updated_at AS video_outputs_updated_at 
FROM video_outputs 
WHERE video_outputs.story_id = %(story_id_1)s ORDER BY video_outputs.created_at DESC 
 LIMIT %(param_1)s
2026-05-06 14:18:20,087 INFO sqlalchemy.engine.Engine [generated in 0.00015s] {'story_id_1': '2f846d20-9d22-4e0b-8945-a010a5a48bb8', 'param_1': 1}
2026-05-06 14:18:20,089 INFO sqlalchemy.engine.Engine ROLLBACK
INFO:     127.0.0.1:36626 - "GET /api/v1/video/result/2f846d20-9d22-4e0b-8945-a010a5a48bb8 HTTP/1.1" 404 Not Found
2026-05-06 14:18:21.064 | INFO     | app.services.video_processor:__init__:42 - NVENC GPU encoding available (h264_nvenc)
INFO:     127.0.0.1:36640 - "GET /api/v1/video/audio-duration?path=storage%2Faudio%2FStory_20260421_133734%2Fmerged_audio.mp3 HTTP/1.1" 200 OK
2026-05-06 14:18:50,890 INFO sqlalchemy.engine.Engine BEGIN (implicit)
2026-05-06 14:18:50,890 INFO sqlalchemy.engine.Engine SELECT 1
2026-05-06 14:18:50,890 INFO sqlalchemy.engine.Engine [cached since 171.4s ago] {}
2026-05-06 14:18:50,890 INFO sqlalchemy.engine.Engine ROLLBACK
2026-05-06 14:18:50.891 | INFO     | app.database:test_connection:49 - Database connection successful
INFO:     127.0.0.1:45214 - "GET /health HTTP/1.1" 200 OK
2026-05-06 14:18:56,716 INFO sqlalchemy.engine.Engine BEGIN (implicit)
2026-05-06 14:18:56,717 INFO sqlalchemy.engine.Engine SELECT video_presets.id AS video_presets_id, video_presets.name AS video_presets_name, video_presets.cfg AS video_presets_cfg, video_presets.created_at AS video_presets_created_at, video_presets.updated_at AS video_presets_updated_at 
FROM video_presets ORDER BY video_presets.created_at DESC
2026-05-06 14:18:56,717 INFO sqlalchemy.engine.Engine [generated in 0.00014s] {}
2026-05-06 14:18:56,718 INFO sqlalchemy.engine.Engine ROLLBACK
INFO:     127.0.0.1:45224 - "GET /api/v1/video-presets/ HTTP/1.1" 200 OK
2026-05-06 14:18:56,726 INFO sqlalchemy.engine.Engine BEGIN (implicit)
2026-05-06 14:18:56,727 INFO sqlalchemy.engine.Engine INSERT INTO video_presets (id, name, cfg) VALUES (%(id)s, %(name)s, %(cfg)s)
2026-05-06 14:18:56,727 INFO sqlalchemy.engine.Engine [generated in 0.00026s] {'id': 'f9b4d39d-a814-404a-bc47-be9b558e6e36', 'name': 'Test 1', 'cfg': '{"audio_speed": 1.07, "fade_in": 0.5}'}
2026-05-06 14:18:56,729 INFO sqlalchemy.engine.Engine COMMIT
2026-05-06 14:18:56,732 INFO sqlalchemy.engine.Engine BEGIN (implicit)
2026-05-06 14:18:56,733 INFO sqlalchemy.engine.Engine SELECT video_presets.id, video_presets.name, video_presets.cfg, video_presets.created_at, video_presets.updated_at 
FROM video_presets 
WHERE video_presets.id = %(pk_1)s
2026-05-06 14:18:56,733 INFO sqlalchemy.engine.Engine [generated in 0.00010s] {'pk_1': 'f9b4d39d-a814-404a-bc47-be9b558e6e36'}
2026-05-06 14:18:56.733 | INFO     | app.api.video_presets:create_preset:36 - Created video preset: f9b4d39d-a814-404a-bc47-be9b558e6e36 (Test 1)
2026-05-06 14:18:56,734 INFO sqlalchemy.engine.Engine ROLLBACK
INFO:     127.0.0.1:45238 - "POST /api/v1/video-presets/ HTTP/1.1" 200 OK
2026-05-06 14:18:56,740 INFO sqlalchemy.engine.Engine BEGIN (implicit)
2026-05-06 14:18:56,740 INFO sqlalchemy.engine.Engine SELECT video_presets.id AS video_presets_id, video_presets.name AS video_presets_name, video_presets.cfg AS video_presets_cfg, video_presets.created_at AS video_presets_created_at, video_presets.updated_at AS video_presets_updated_at 
FROM video_presets ORDER BY video_presets.created_at DESC
2026-05-06 14:18:56,740 INFO sqlalchemy.engine.Engine [cached since 0.02389s ago] {}
2026-05-06 14:18:56,741 INFO sqlalchemy.engine.Engine ROLLBACK
INFO:     127.0.0.1:45248 - "GET /api/v1/video-presets/ HTTP/1.1" 200 OK
2026-05-06 14:19:02,528 INFO sqlalchemy.engine.Engine BEGIN (implicit)
2026-05-06 14:19:02,528 INFO sqlalchemy.engine.Engine INSERT INTO video_presets (id, name, cfg) VALUES (%(id)s, %(name)s, %(cfg)s)
2026-05-06 14:19:02,528 INFO sqlalchemy.engine.Engine [cached since 5.802s ago] {'id': '9e168645-ac61-481c-b6f0-a9314d760f53', 'name': 'Test 1', 'cfg': '{}'}
2026-05-06 14:19:02,530 INFO sqlalchemy.engine.Engine ROLLBACK
INFO:     127.0.0.1:57720 - "POST /api/v1/video-presets/ HTTP/1.1" 409 Conflict
2026-05-06 14:19:02,538 INFO sqlalchemy.engine.Engine BEGIN (implicit)
2026-05-06 14:19:02,539 INFO sqlalchemy.engine.Engine SELECT video_presets.id AS video_presets_id, video_presets.name AS video_presets_name, video_presets.cfg AS video_presets_cfg, video_presets.created_at AS video_presets_created_at, video_presets.updated_at AS video_presets_updated_at 
FROM video_presets 
WHERE video_presets.id = %(id_1)s 
 LIMIT %(param_1)s
2026-05-06 14:19:02,539 INFO sqlalchemy.engine.Engine [generated in 0.00013s] {'id_1': 'f9b4d39d-a814-404a-bc47-be9b558e6e36', 'param_1': 1}
2026-05-06 14:19:02,541 INFO sqlalchemy.engine.Engine UPDATE video_presets SET cfg=%(cfg)s, updated_at=%(updated_at)s WHERE video_presets.id = %(video_presets_id)s
2026-05-06 14:19:02,541 INFO sqlalchemy.engine.Engine [generated in 0.00016s] {'cfg': '{"audio_speed": 2.0}', 'updated_at': datetime.datetime(2026, 5, 6, 7, 19, 2, 540034), 'video_presets_id': 'f9b4d39d-a814-404a-bc47-be9b558e6e36'}
2026-05-06 14:19:02,545 INFO sqlalchemy.engine.Engine COMMIT
2026-05-06 14:19:02,548 INFO sqlalchemy.engine.Engine BEGIN (implicit)
2026-05-06 14:19:02,548 INFO sqlalchemy.engine.Engine SELECT video_presets.id, video_presets.name, video_presets.cfg, video_presets.created_at, video_presets.updated_at 
FROM video_presets 
WHERE video_presets.id = %(pk_1)s
2026-05-06 14:19:02,548 INFO sqlalchemy.engine.Engine [cached since 5.816s ago] {'pk_1': 'f9b4d39d-a814-404a-bc47-be9b558e6e36'}
2026-05-06 14:19:02.549 | INFO     | app.api.video_presets:update_preset:68 - Updated video preset: f9b4d39d-a814-404a-bc47-be9b558e6e36
2026-05-06 14:19:02,549 INFO sqlalchemy.engine.Engine ROLLBACK
INFO:     127.0.0.1:57736 - "PUT /api/v1/video-presets/f9b4d39d-a814-404a-bc47-be9b558e6e36 HTTP/1.1" 200 OK
2026-05-06 14:19:02,555 INFO sqlalchemy.engine.Engine BEGIN (implicit)
2026-05-06 14:19:02,555 INFO sqlalchemy.engine.Engine SELECT video_presets.id AS video_presets_id, video_presets.name AS video_presets_name, video_presets.cfg AS video_presets_cfg, video_presets.created_at AS video_presets_created_at, video_presets.updated_at AS video_presets_updated_at 
FROM video_presets 
WHERE video_presets.id = %(id_1)s 
 LIMIT %(param_1)s
2026-05-06 14:19:02,555 INFO sqlalchemy.engine.Engine [cached since 0.01655s ago] {'id_1': 'f9b4d39d-a814-404a-bc47-be9b558e6e36', 'param_1': 1}
2026-05-06 14:19:02,556 INFO sqlalchemy.engine.Engine UPDATE video_presets SET name=%(name)s, updated_at=%(updated_at)s WHERE video_presets.id = %(video_presets_id)s
2026-05-06 14:19:02,556 INFO sqlalchemy.engine.Engine [generated in 0.00008s] {'name': 'Renamed', 'updated_at': datetime.datetime(2026, 5, 6, 7, 19, 2, 556270), 'video_presets_id': 'f9b4d39d-a814-404a-bc47-be9b558e6e36'}
2026-05-06 14:19:02,557 INFO sqlalchemy.engine.Engine COMMIT
2026-05-06 14:19:02,563 INFO sqlalchemy.engine.Engine BEGIN (implicit)
2026-05-06 14:19:02,563 INFO sqlalchemy.engine.Engine SELECT video_presets.id, video_presets.name, video_presets.cfg, video_presets.created_at, video_presets.updated_at 
FROM video_presets 
WHERE video_presets.id = %(pk_1)s
2026-05-06 14:19:02,563 INFO sqlalchemy.engine.Engine [cached since 5.831s ago] {'pk_1': 'f9b4d39d-a814-404a-bc47-be9b558e6e36'}
2026-05-06 14:19:02.564 | INFO     | app.api.video_presets:update_preset:68 - Updated video preset: f9b4d39d-a814-404a-bc47-be9b558e6e36
2026-05-06 14:19:02,564 INFO sqlalchemy.engine.Engine ROLLBACK
INFO:     127.0.0.1:57752 - "PUT /api/v1/video-presets/f9b4d39d-a814-404a-bc47-be9b558e6e36 HTTP/1.1" 200 OK
2026-05-06 14:19:02,571 INFO sqlalchemy.engine.Engine BEGIN (implicit)
2026-05-06 14:19:02,571 INFO sqlalchemy.engine.Engine SELECT video_presets.id AS video_presets_id, video_presets.name AS video_presets_name, video_presets.cfg AS video_presets_cfg, video_presets.created_at AS video_presets_created_at, video_presets.updated_at AS video_presets_updated_at 
FROM video_presets 
WHERE video_presets.id = %(id_1)s 
 LIMIT %(param_1)s
2026-05-06 14:19:02,572 INFO sqlalchemy.engine.Engine [cached since 0.03281s ago] {'id_1': 'f9b4d39d-a814-404a-bc47-be9b558e6e36', 'param_1': 1}
2026-05-06 14:19:02,573 INFO sqlalchemy.engine.Engine DELETE FROM video_presets WHERE video_presets.id = %(id)s
2026-05-06 14:19:02,574 INFO sqlalchemy.engine.Engine [generated in 0.00015s] {'id': 'f9b4d39d-a814-404a-bc47-be9b558e6e36'}
2026-05-06 14:19:02,575 INFO sqlalchemy.engine.Engine COMMIT
2026-05-06 14:19:02.579 | INFO     | app.api.video_presets:delete_preset:90 - Deleted video preset: f9b4d39d-a814-404a-bc47-be9b558e6e36 (Renamed)
INFO:     127.0.0.1:57762 - "DELETE /api/v1/video-presets/f9b4d39d-a814-404a-bc47-be9b558e6e36 HTTP/1.1" 200 OK
2026-05-06 14:19:02,586 INFO sqlalchemy.engine.Engine BEGIN (implicit)
2026-05-06 14:19:02,586 INFO sqlalchemy.engine.Engine SELECT video_presets.id AS video_presets_id, video_presets.name AS video_presets_name, video_presets.cfg AS video_presets_cfg, video_presets.created_at AS video_presets_created_at, video_presets.updated_at AS video_presets_updated_at 
FROM video_presets ORDER BY video_presets.created_at DESC
2026-05-06 14:19:02,586 INFO sqlalchemy.engine.Engine [cached since 5.869s ago] {}
2026-05-06 14:19:02,587 INFO sqlalchemy.engine.Engine ROLLBACK
INFO:     127.0.0.1:57778 - "GET /api/v1/video-presets/ HTTP/1.1" 200 OK
INFO:     127.0.0.1:48522 - "GET /api/v1/video/fonts HTTP/1.1" 200 OK
INFO:     127.0.0.1:48538 - "GET /api/v1/video/sample-clip?folder=%2Fhome%2Fduoclv%2FDownloads%2Ftemp-20260506T015716Z-3-001%2Ftemp%2Frandom_50min_20260419_210319 HTTP/1.1" 200 OK
INFO:     127.0.0.1:48564 - "GET /api/v1/video/fonts HTTP/1.1" 200 OK
2026-05-06 14:19:23,021 INFO sqlalchemy.engine.Engine BEGIN (implicit)
2026-05-06 14:19:23,021 INFO sqlalchemy.engine.Engine SELECT stories.id AS stories_id, stories.title AS stories_title, stories.url AS stories_url, stories.author AS stories_author, stories.total_chapters AS stories_total_chapters, stories.start_chapter AS stories_start_chapter, stories.end_chapter AS stories_end_chapter, stories.custom_chapter_urls AS stories_custom_chapter_urls, stories.status AS stories_status, stories.current_step AS stories_current_step, stories.is_favorite AS stories_is_favorite, stories.merged_content AS stories_merged_content, stories.created_at AS stories_created_at, stories.updated_at AS stories_updated_at 
FROM stories 
WHERE stories.id = %(id_1)s 
 LIMIT %(param_1)s
2026-05-06 14:19:23,021 INFO sqlalchemy.engine.Engine [cached since 63.04s ago] {'id_1': '2f846d20-9d22-4e0b-8945-a010a5a48bb8', 'param_1': 1}
2026-05-06 14:19:23,023 INFO sqlalchemy.engine.Engine BEGIN (implicit)
2026-05-06 14:19:23,024 INFO sqlalchemy.engine.Engine SELECT voices.id AS voices_id, voices.code AS voices_code, voices.name AS voices_name, voices.gender AS voices_gender, voices.locale AS voices_locale, voices.category AS voices_category, voices.description AS voices_description, voices.demo_url AS voices_demo_url, voices.is_active AS voices_is_active, voices.`rank` AS voices_rank, voices.created_at AS voices_created_at 
FROM voices 
WHERE voices.is_active = true ORDER BY voices.`rank`
2026-05-06 14:19:23,024 INFO sqlalchemy.engine.Engine [cached since 63.03s ago] {}
2026-05-06 14:19:23.025 | INFO     | app.api.tts:list_voices:87 - Retrieved 14 voices from database
2026-05-06 14:19:23,026 INFO sqlalchemy.engine.Engine ROLLBACK
INFO:     127.0.0.1:48574 - "GET /api/v1/video/sample-clip?folder=%2Fhome%2Fduoclv%2FDownloads%2Ftemp-20260506T015716Z-3-001%2Ftemp%2Frandom_50min_20260419_210319 HTTP/1.1" 200 OK
INFO:     127.0.0.1:48554 - "GET /api/v1/stories/2f846d20-9d22-4e0b-8945-a010a5a48bb8 HTTP/1.1" 200 OK
2026-05-06 14:19:23,028 INFO sqlalchemy.engine.Engine ROLLBACK
INFO:     127.0.0.1:48560 - "GET /api/v1/tts/voices HTTP/1.1" 200 OK
2026-05-06 14:19:23,036 INFO sqlalchemy.engine.Engine BEGIN (implicit)
2026-05-06 14:19:23,036 INFO sqlalchemy.engine.Engine SELECT stories.id AS stories_id, stories.title AS stories_title, stories.url AS stories_url, stories.author AS stories_author, stories.total_chapters AS stories_total_chapters, stories.start_chapter AS stories_start_chapter, stories.end_chapter AS stories_end_chapter, stories.custom_chapter_urls AS stories_custom_chapter_urls, stories.status AS stories_status, stories.current_step AS stories_current_step, stories.is_favorite AS stories_is_favorite, stories.merged_content AS stories_merged_content, stories.created_at AS stories_created_at, stories.updated_at AS stories_updated_at 
FROM stories 
WHERE stories.id = %(id_1)s 
 LIMIT %(param_1)s
2026-05-06 14:19:23,037 INFO sqlalchemy.engine.Engine [cached since 63.06s ago] {'id_1': '2f846d20-9d22-4e0b-8945-a010a5a48bb8', 'param_1': 1}
2026-05-06 14:19:23,039 INFO sqlalchemy.engine.Engine BEGIN (implicit)
2026-05-06 14:19:23,039 INFO sqlalchemy.engine.Engine SELECT voices.id AS voices_id, voices.code AS voices_code, voices.name AS voices_name, voices.gender AS voices_gender, voices.locale AS voices_locale, voices.category AS voices_category, voices.description AS voices_description, voices.demo_url AS voices_demo_url, voices.is_active AS voices_is_active, voices.`rank` AS voices_rank, voices.created_at AS voices_created_at 
FROM voices 
WHERE voices.is_active = true ORDER BY voices.`rank`
2026-05-06 14:19:23,039 INFO sqlalchemy.engine.Engine [cached since 63.05s ago] {}
2026-05-06 14:19:23.041 | INFO     | app.api.tts:list_voices:87 - Retrieved 14 voices from database
2026-05-06 14:19:23,042 INFO sqlalchemy.engine.Engine ROLLBACK
2026-05-06 14:19:23,043 INFO sqlalchemy.engine.Engine ROLLBACK
2026-05-06 14:19:23,048 INFO sqlalchemy.engine.Engine BEGIN (implicit)
2026-05-06 14:19:23,048 INFO sqlalchemy.engine.Engine SELECT chapters.id AS chapters_id, chapters.story_id AS chapters_story_id, chapters.chapter_number AS chapters_chapter_number, chapters.title AS chapters_title, chapters.content AS chapters_content, chapters.char_count AS chapters_char_count, chapters.has_censored_words AS chapters_has_censored_words, chapters.censored_count AS chapters_censored_count, chapters.status AS chapters_status, chapters.created_at AS chapters_created_at, chapters.updated_at AS chapters_updated_at 
FROM chapters 
WHERE chapters.story_id = %(story_id_1)s ORDER BY chapters.chapter_number
2026-05-06 14:19:23,048 INFO sqlalchemy.engine.Engine [cached since 63.01s ago] {'story_id_1': '2f846d20-9d22-4e0b-8945-a010a5a48bb8'}
INFO:     127.0.0.1:48598 - "GET /api/v1/tts/voices HTTP/1.1" 200 OK
INFO:     127.0.0.1:48588 - "GET /api/v1/stories/2f846d20-9d22-4e0b-8945-a010a5a48bb8 HTTP/1.1" 200 OK
2026-05-06 14:19:23,051 INFO sqlalchemy.engine.Engine ROLLBACK
INFO:     127.0.0.1:48610 - "GET /api/v1/stories/2f846d20-9d22-4e0b-8945-a010a5a48bb8/chapters HTTP/1.1" 200 OK
2026-05-06 14:19:23,061 INFO sqlalchemy.engine.Engine BEGIN (implicit)
2026-05-06 14:19:23,061 INFO sqlalchemy.engine.Engine SELECT chapters.id AS chapters_id, chapters.story_id AS chapters_story_id, chapters.chapter_number AS chapters_chapter_number, chapters.title AS chapters_title, chapters.content AS chapters_content, chapters.char_count AS chapters_char_count, chapters.has_censored_words AS chapters_has_censored_words, chapters.censored_count AS chapters_censored_count, chapters.status AS chapters_status, chapters.created_at AS chapters_created_at, chapters.updated_at AS chapters_updated_at 
FROM chapters 
WHERE chapters.story_id = %(story_id_1)s ORDER BY chapters.chapter_number
2026-05-06 14:19:23,062 INFO sqlalchemy.engine.Engine [cached since 63.03s ago] {'story_id_1': '2f846d20-9d22-4e0b-8945-a010a5a48bb8'}
2026-05-06 14:19:23,065 INFO sqlalchemy.engine.Engine ROLLBACK
2026-05-06 14:19:23,066 INFO sqlalchemy.engine.Engine BEGIN (implicit)
2026-05-06 14:19:23,066 INFO sqlalchemy.engine.Engine SELECT chapters.id AS chapters_id, chapters.story_id AS chapters_story_id, chapters.chapter_number AS chapters_chapter_number, chapters.title AS chapters_title, chapters.content AS chapters_content, chapters.char_count AS chapters_char_count, chapters.has_censored_words AS chapters_has_censored_words, chapters.censored_count AS chapters_censored_count, chapters.status AS chapters_status, chapters.created_at AS chapters_created_at, chapters.updated_at AS chapters_updated_at 
FROM chapters 
WHERE chapters.story_id = %(story_id_1)s
2026-05-06 14:19:23,066 INFO sqlalchemy.engine.Engine [cached since 63s ago] {'story_id_1': '2f846d20-9d22-4e0b-8945-a010a5a48bb8'}
INFO:     127.0.0.1:48622 - "GET /api/v1/stories/2f846d20-9d22-4e0b-8945-a010a5a48bb8/chapters HTTP/1.1" 200 OK
2026-05-06 14:19:23,069 INFO sqlalchemy.engine.Engine ROLLBACK
INFO:     127.0.0.1:48626 - "GET /api/v1/chapters/story/2f846d20-9d22-4e0b-8945-a010a5a48bb8/stats HTTP/1.1" 200 OK
2026-05-06 14:19:23,077 INFO sqlalchemy.engine.Engine BEGIN (implicit)
2026-05-06 14:19:23,077 INFO sqlalchemy.engine.Engine SELECT chapters.id AS chapters_id, chapters.story_id AS chapters_story_id, chapters.chapter_number AS chapters_chapter_number, chapters.title AS chapters_title, chapters.content AS chapters_content, chapters.char_count AS chapters_char_count, chapters.has_censored_words AS chapters_has_censored_words, chapters.censored_count AS chapters_censored_count, chapters.status AS chapters_status, chapters.created_at AS chapters_created_at, chapters.updated_at AS chapters_updated_at 
FROM chapters 
WHERE chapters.story_id = %(story_id_1)s
2026-05-06 14:19:23,077 INFO sqlalchemy.engine.Engine [cached since 63.01s ago] {'story_id_1': '2f846d20-9d22-4e0b-8945-a010a5a48bb8'}
2026-05-06 14:19:23,080 INFO sqlalchemy.engine.Engine ROLLBACK
2026-05-06 14:19:23,080 INFO sqlalchemy.engine.Engine BEGIN (implicit)
2026-05-06 14:19:23,081 INFO sqlalchemy.engine.Engine SELECT merged_audio.id AS merged_audio_id, merged_audio.story_id AS merged_audio_story_id, merged_audio.file_path AS merged_audio_file_path, merged_audio.file_size AS merged_audio_file_size, merged_audio.duration AS merged_audio_duration, merged_audio.format AS merged_audio_format, merged_audio.total_chapters AS merged_audio_total_chapters, merged_audio.created_at AS merged_audio_created_at 
FROM merged_audio 
WHERE merged_audio.story_id = %(story_id_1)s ORDER BY merged_audio.created_at DESC 
 LIMIT %(param_1)s
2026-05-06 14:19:23,081 INFO sqlalchemy.engine.Engine [cached since 63s ago] {'story_id_1': '2f846d20-9d22-4e0b-8945-a010a5a48bb8', 'param_1': 1}
INFO:     127.0.0.1:48628 - "GET /api/v1/chapters/story/2f846d20-9d22-4e0b-8945-a010a5a48bb8/stats HTTP/1.1" 200 OK
2026-05-06 14:19:23,082 INFO sqlalchemy.engine.Engine ROLLBACK
INFO:     127.0.0.1:48640 - "GET /api/v1/video/audio-path/2f846d20-9d22-4e0b-8945-a010a5a48bb8 HTTP/1.1" 200 OK
2026-05-06 14:19:23,089 INFO sqlalchemy.engine.Engine BEGIN (implicit)
2026-05-06 14:19:23,089 INFO sqlalchemy.engine.Engine SELECT video_outputs.id AS video_outputs_id, video_outputs.story_id AS video_outputs_story_id, video_outputs.audio_source_path AS video_outputs_audio_source_path, video_outputs.video_source_folder AS video_outputs_video_source_folder, video_outputs.output_path AS video_outputs_output_path, video_outputs.file_size AS video_outputs_file_size, video_outputs.duration AS video_outputs_duration, video_outputs.audio_speed AS video_outputs_audio_speed, video_outputs.transition_effect AS video_outputs_transition_effect, video_outputs.transition_duration AS video_outputs_transition_duration, video_outputs.resolution AS video_outputs_resolution, video_outputs.status AS video_outputs_status, video_outputs.error_message AS video_outputs_error_message, video_outputs.created_at AS video_outputs_created_at, video_outputs.updated_at AS video_outputs_updated_at 
FROM video_outputs 
WHERE video_outputs.story_id = %(story_id_1)s ORDER BY video_outputs.created_at DESC 
 LIMIT %(param_1)s
2026-05-06 14:19:23,089 INFO sqlalchemy.engine.Engine [cached since 63s ago] {'story_id_1': '2f846d20-9d22-4e0b-8945-a010a5a48bb8', 'param_1': 1}
2026-05-06 14:19:23,090 INFO sqlalchemy.engine.Engine BEGIN (implicit)
2026-05-06 14:19:23,090 INFO sqlalchemy.engine.Engine SELECT merged_audio.id AS merged_audio_id, merged_audio.story_id AS merged_audio_story_id, merged_audio.file_path AS merged_audio_file_path, merged_audio.file_size AS merged_audio_file_size, merged_audio.duration AS merged_audio_duration, merged_audio.format AS merged_audio_format, merged_audio.total_chapters AS merged_audio_total_chapters, merged_audio.created_at AS merged_audio_created_at 
FROM merged_audio 
WHERE merged_audio.story_id = %(story_id_1)s ORDER BY merged_audio.created_at DESC 
 LIMIT %(param_1)s
2026-05-06 14:19:23,090 INFO sqlalchemy.engine.Engine [cached since 63.01s ago] {'story_id_1': '2f846d20-9d22-4e0b-8945-a010a5a48bb8', 'param_1': 1}
2026-05-06 14:19:23,091 INFO sqlalchemy.engine.Engine ROLLBACK
2026-05-06 14:19:23,091 INFO sqlalchemy.engine.Engine ROLLBACK
INFO:     127.0.0.1:48664 - "GET /api/v1/video/result/2f846d20-9d22-4e0b-8945-a010a5a48bb8 HTTP/1.1" 404 Not Found
INFO:     127.0.0.1:48654 - "GET /api/v1/video/audio-path/2f846d20-9d22-4e0b-8945-a010a5a48bb8 HTTP/1.1" 200 OK
2026-05-06 14:19:23,099 INFO sqlalchemy.engine.Engine BEGIN (implicit)
2026-05-06 14:19:23,099 INFO sqlalchemy.engine.Engine SELECT video_outputs.id AS video_outputs_id, video_outputs.story_id AS video_outputs_story_id, video_outputs.audio_source_path AS video_outputs_audio_source_path, video_outputs.video_source_folder AS video_outputs_video_source_folder, video_outputs.output_path AS video_outputs_output_path, video_outputs.file_size AS video_outputs_file_size, video_outputs.duration AS video_outputs_duration, video_outputs.audio_speed AS video_outputs_audio_speed, video_outputs.transition_effect AS video_outputs_transition_effect, video_outputs.transition_duration AS video_outputs_transition_duration, video_outputs.resolution AS video_outputs_resolution, video_outputs.status AS video_outputs_status, video_outputs.error_message AS video_outputs_error_message, video_outputs.created_at AS video_outputs_created_at, video_outputs.updated_at AS video_outputs_updated_at 
FROM video_outputs 
WHERE video_outputs.story_id = %(story_id_1)s ORDER BY video_outputs.created_at DESC 
 LIMIT %(param_1)s
2026-05-06 14:19:23,099 INFO sqlalchemy.engine.Engine [cached since 63.01s ago] {'story_id_1': '2f846d20-9d22-4e0b-8945-a010a5a48bb8', 'param_1': 1}
2026-05-06 14:19:23,100 INFO sqlalchemy.engine.Engine ROLLBACK
INFO:     127.0.0.1:48668 - "GET /api/v1/video/result/2f846d20-9d22-4e0b-8945-a010a5a48bb8 HTTP/1.1" 404 Not Found
INFO:     127.0.0.1:42250 - "GET /api/v1/video/fonts HTTP/1.1" 200 OK
INFO:     127.0.0.1:42264 - "GET /api/v1/video/sample-clip?folder=%2Fhome%2Fduoclv%2FDownloads%2Ftemp-20260506T015716Z-3-001%2Ftemp%2Frandom_50min_20260419_210319 HTTP/1.1" 200 OK
2026-05-06 14:19:49,969 INFO sqlalchemy.engine.Engine BEGIN (implicit)
2026-05-06 14:19:49,970 INFO sqlalchemy.engine.Engine SELECT stories.id AS stories_id, stories.title AS stories_title, stories.url AS stories_url, stories.author AS stories_author, stories.total_chapters AS stories_total_chapters, stories.start_chapter AS stories_start_chapter, stories.end_chapter AS stories_end_chapter, stories.custom_chapter_urls AS stories_custom_chapter_urls, stories.status AS stories_status, stories.current_step AS stories_current_step, stories.is_favorite AS stories_is_favorite, stories.merged_content AS stories_merged_content, stories.created_at AS stories_created_at, stories.updated_at AS stories_updated_at 
FROM stories 
WHERE stories.id = %(id_1)s 
 LIMIT %(param_1)s
2026-05-06 14:19:49,970 INFO sqlalchemy.engine.Engine [cached since 89.99s ago] {'id_1': '2f846d20-9d22-4e0b-8945-a010a5a48bb8', 'param_1': 1}
INFO:     127.0.0.1:42310 - "GET /api/v1/video/fonts HTTP/1.1" 200 OK
2026-05-06 14:19:49,973 INFO sqlalchemy.engine.Engine ROLLBACK
INFO:     127.0.0.1:42316 - "GET /api/v1/video/sample-clip?folder=%2Fhome%2Fduoclv%2FDownloads%2Ftemp-20260506T015716Z-3-001%2Ftemp%2Frandom_50min_20260419_210319 HTTP/1.1" 200 OK
2026-05-06 14:19:49,978 INFO sqlalchemy.engine.Engine BEGIN (implicit)
2026-05-06 14:19:49,979 INFO sqlalchemy.engine.Engine SELECT voices.id AS voices_id, voices.code AS voices_code, voices.name AS voices_name, voices.gender AS voices_gender, voices.locale AS voices_locale, voices.category AS voices_category, voices.description AS voices_description, voices.demo_url AS voices_demo_url, voices.is_active AS voices_is_active, voices.`rank` AS voices_rank, voices.created_at AS voices_created_at 
FROM voices 
WHERE voices.is_active = true ORDER BY voices.`rank`
2026-05-06 14:19:49,979 INFO sqlalchemy.engine.Engine [cached since 89.99s ago] {}
2026-05-06 14:19:49.980 | INFO     | app.api.tts:list_voices:87 - Retrieved 14 voices from database
2026-05-06 14:19:49,983 INFO sqlalchemy.engine.Engine BEGIN (implicit)
2026-05-06 14:19:49,983 INFO sqlalchemy.engine.Engine SELECT video_presets.id AS video_presets_id, video_presets.name AS video_presets_name, video_presets.cfg AS video_presets_cfg, video_presets.created_at AS video_presets_created_at, video_presets.updated_at AS video_presets_updated_at 
FROM video_presets ORDER BY video_presets.created_at DESC
2026-05-06 14:19:49,983 INFO sqlalchemy.engine.Engine [cached since 53.27s ago] {}
INFO:     127.0.0.1:42276 - "GET /api/v1/stories/2f846d20-9d22-4e0b-8945-a010a5a48bb8 HTTP/1.1" 200 OK
2026-05-06 14:19:49,984 INFO sqlalchemy.engine.Engine ROLLBACK
2026-05-06 14:19:49,984 INFO sqlalchemy.engine.Engine ROLLBACK
INFO:     127.0.0.1:42294 - "GET /api/v1/video-presets/ HTTP/1.1" 200 OK
INFO:     127.0.0.1:42280 - "GET /api/v1/tts/voices HTTP/1.1" 200 OK
2026-05-06 14:19:49,989 INFO sqlalchemy.engine.Engine BEGIN (implicit)
2026-05-06 14:19:49,989 INFO sqlalchemy.engine.Engine SELECT stories.id AS stories_id, stories.title AS stories_title, stories.url AS stories_url, stories.author AS stories_author, stories.total_chapters AS stories_total_chapters, stories.start_chapter AS stories_start_chapter, stories.end_chapter AS stories_end_chapter, stories.custom_chapter_urls AS stories_custom_chapter_urls, stories.status AS stories_status, stories.current_step AS stories_current_step, stories.is_favorite AS stories_is_favorite, stories.merged_content AS stories_merged_content, stories.created_at AS stories_created_at, stories.updated_at AS stories_updated_at 
FROM stories 
WHERE stories.id = %(id_1)s 
 LIMIT %(param_1)s
2026-05-06 14:19:49,989 INFO sqlalchemy.engine.Engine [cached since 90.01s ago] {'id_1': '2f846d20-9d22-4e0b-8945-a010a5a48bb8', 'param_1': 1}
2026-05-06 14:19:49,991 INFO sqlalchemy.engine.Engine ROLLBACK
INFO:     127.0.0.1:42326 - "GET /api/v1/stories/2f846d20-9d22-4e0b-8945-a010a5a48bb8 HTTP/1.1" 200 OK
2026-05-06 14:19:49,994 INFO sqlalchemy.engine.Engine BEGIN (implicit)
2026-05-06 14:19:49,994 INFO sqlalchemy.engine.Engine SELECT video_presets.id AS video_presets_id, video_presets.name AS video_presets_name, video_presets.cfg AS video_presets_cfg, video_presets.created_at AS video_presets_created_at, video_presets.updated_at AS video_presets_updated_at 
FROM video_presets ORDER BY video_presets.created_at DESC
2026-05-06 14:19:49,994 INFO sqlalchemy.engine.Engine [cached since 53.28s ago] {}
2026-05-06 14:19:49,995 INFO sqlalchemy.engine.Engine BEGIN (implicit)
2026-05-06 14:19:49,996 INFO sqlalchemy.engine.Engine SELECT voices.id AS voices_id, voices.code AS voices_code, voices.name AS voices_name, voices.gender AS voices_gender, voices.locale AS voices_locale, voices.category AS voices_category, voices.description AS voices_description, voices.demo_url AS voices_demo_url, voices.is_active AS voices_is_active, voices.`rank` AS voices_rank, voices.created_at AS voices_created_at 
FROM voices 
WHERE voices.is_active = true ORDER BY voices.`rank`
2026-05-06 14:19:49,996 INFO sqlalchemy.engine.Engine [cached since 90.01s ago] {}
2026-05-06 14:19:49.998 | INFO     | app.api.tts:list_voices:87 - Retrieved 14 voices from database
2026-05-06 14:19:49,999 INFO sqlalchemy.engine.Engine BEGIN (implicit)
2026-05-06 14:19:49,999 INFO sqlalchemy.engine.Engine SELECT chapters.id AS chapters_id, chapters.story_id AS chapters_story_id, chapters.chapter_number AS chapters_chapter_number, chapters.title AS chapters_title, chapters.content AS chapters_content, chapters.char_count AS chapters_char_count, chapters.has_censored_words AS chapters_has_censored_words, chapters.censored_count AS chapters_censored_count, chapters.status AS chapters_status, chapters.created_at AS chapters_created_at, chapters.updated_at AS chapters_updated_at 
FROM chapters 
WHERE chapters.story_id = %(story_id_1)s ORDER BY chapters.chapter_number
2026-05-06 14:19:49,999 INFO sqlalchemy.engine.Engine [cached since 89.97s ago] {'story_id_1': '2f846d20-9d22-4e0b-8945-a010a5a48bb8'}
2026-05-06 14:19:50,002 INFO sqlalchemy.engine.Engine ROLLBACK
2026-05-06 14:19:50,002 INFO sqlalchemy.engine.Engine ROLLBACK
2026-05-06 14:19:50,002 INFO sqlalchemy.engine.Engine ROLLBACK
INFO:     127.0.0.1:42342 - "GET /api/v1/tts/voices HTTP/1.1" 200 OK
INFO:     127.0.0.1:42352 - "GET /api/v1/stories/2f846d20-9d22-4e0b-8945-a010a5a48bb8/chapters HTTP/1.1" 200 OK
INFO:     127.0.0.1:42340 - "GET /api/v1/video-presets/ HTTP/1.1" 200 OK
2026-05-06 14:19:50,009 INFO sqlalchemy.engine.Engine BEGIN (implicit)
2026-05-06 14:19:50,009 INFO sqlalchemy.engine.Engine SELECT chapters.id AS chapters_id, chapters.story_id AS chapters_story_id, chapters.chapter_number AS chapters_chapter_number, chapters.title AS chapters_title, chapters.content AS chapters_content, chapters.char_count AS chapters_char_count, chapters.has_censored_words AS chapters_has_censored_words, chapters.censored_count AS chapters_censored_count, chapters.status AS chapters_status, chapters.created_at AS chapters_created_at, chapters.updated_at AS chapters_updated_at 
FROM chapters 
WHERE chapters.story_id = %(story_id_1)s ORDER BY chapters.chapter_number
2026-05-06 14:19:50,009 INFO sqlalchemy.engine.Engine [cached since 89.98s ago] {'story_id_1': '2f846d20-9d22-4e0b-8945-a010a5a48bb8'}
2026-05-06 14:19:50,012 INFO sqlalchemy.engine.Engine ROLLBACK
2026-05-06 14:19:50,014 INFO sqlalchemy.engine.Engine BEGIN (implicit)
2026-05-06 14:19:50,014 INFO sqlalchemy.engine.Engine SELECT chapters.id AS chapters_id, chapters.story_id AS chapters_story_id, chapters.chapter_number AS chapters_chapter_number, chapters.title AS chapters_title, chapters.content AS chapters_content, chapters.char_count AS chapters_char_count, chapters.has_censored_words AS chapters_has_censored_words, chapters.censored_count AS chapters_censored_count, chapters.status AS chapters_status, chapters.created_at AS chapters_created_at, chapters.updated_at AS chapters_updated_at 
FROM chapters 
WHERE chapters.story_id = %(story_id_1)s
2026-05-06 14:19:50,014 INFO sqlalchemy.engine.Engine [cached since 89.95s ago] {'story_id_1': '2f846d20-9d22-4e0b-8945-a010a5a48bb8'}
INFO:     127.0.0.1:42358 - "GET /api/v1/stories/2f846d20-9d22-4e0b-8945-a010a5a48bb8/chapters HTTP/1.1" 200 OK
2026-05-06 14:19:50,016 INFO sqlalchemy.engine.Engine ROLLBACK
INFO:     127.0.0.1:42362 - "GET /api/v1/chapters/story/2f846d20-9d22-4e0b-8945-a010a5a48bb8/stats HTTP/1.1" 200 OK
2026-05-06 14:19:50,025 INFO sqlalchemy.engine.Engine BEGIN (implicit)
2026-05-06 14:19:50,025 INFO sqlalchemy.engine.Engine SELECT chapters.id AS chapters_id, chapters.story_id AS chapters_story_id, chapters.chapter_number AS chapters_chapter_number, chapters.title AS chapters_title, chapters.content AS chapters_content, chapters.char_count AS chapters_char_count, chapters.has_censored_words AS chapters_has_censored_words, chapters.censored_count AS chapters_censored_count, chapters.status AS chapters_status, chapters.created_at AS chapters_created_at, chapters.updated_at AS chapters_updated_at 
FROM chapters 
WHERE chapters.story_id = %(story_id_1)s
2026-05-06 14:19:50,025 INFO sqlalchemy.engine.Engine [cached since 89.96s ago] {'story_id_1': '2f846d20-9d22-4e0b-8945-a010a5a48bb8'}
2026-05-06 14:19:50,027 INFO sqlalchemy.engine.Engine BEGIN (implicit)
2026-05-06 14:19:50,027 INFO sqlalchemy.engine.Engine SELECT merged_audio.id AS merged_audio_id, merged_audio.story_id AS merged_audio_story_id, merged_audio.file_path AS merged_audio_file_path, merged_audio.file_size AS merged_audio_file_size, merged_audio.duration AS merged_audio_duration, merged_audio.format AS merged_audio_format, merged_audio.total_chapters AS merged_audio_total_chapters, merged_audio.created_at AS merged_audio_created_at 
FROM merged_audio 
WHERE merged_audio.story_id = %(story_id_1)s ORDER BY merged_audio.created_at DESC 
 LIMIT %(param_1)s
2026-05-06 14:19:50,027 INFO sqlalchemy.engine.Engine [cached since 89.95s ago] {'story_id_1': '2f846d20-9d22-4e0b-8945-a010a5a48bb8', 'param_1': 1}
2026-05-06 14:19:50,028 INFO sqlalchemy.engine.Engine ROLLBACK
2026-05-06 14:19:50,028 INFO sqlalchemy.engine.Engine ROLLBACK
INFO:     127.0.0.1:42376 - "GET /api/v1/video/audio-path/2f846d20-9d22-4e0b-8945-a010a5a48bb8 HTTP/1.1" 200 OK
INFO:     127.0.0.1:42372 - "GET /api/v1/chapters/story/2f846d20-9d22-4e0b-8945-a010a5a48bb8/stats HTTP/1.1" 200 OK
2026-05-06 14:19:50,034 INFO sqlalchemy.engine.Engine BEGIN (implicit)
2026-05-06 14:19:50,034 INFO sqlalchemy.engine.Engine SELECT video_outputs.id AS video_outputs_id, video_outputs.story_id AS video_outputs_story_id, video_outputs.audio_source_path AS video_outputs_audio_source_path, video_outputs.video_source_folder AS video_outputs_video_source_folder, video_outputs.output_path AS video_outputs_output_path, video_outputs.file_size AS video_outputs_file_size, video_outputs.duration AS video_outputs_duration, video_outputs.audio_speed AS video_outputs_audio_speed, video_outputs.transition_effect AS video_outputs_transition_effect, video_outputs.transition_duration AS video_outputs_transition_duration, video_outputs.resolution AS video_outputs_resolution, video_outputs.status AS video_outputs_status, video_outputs.error_message AS video_outputs_error_message, video_outputs.created_at AS video_outputs_created_at, video_outputs.updated_at AS video_outputs_updated_at 
FROM video_outputs 
WHERE video_outputs.story_id = %(story_id_1)s ORDER BY video_outputs.created_at DESC 
 LIMIT %(param_1)s
2026-05-06 14:19:50,034 INFO sqlalchemy.engine.Engine [cached since 89.95s ago] {'story_id_1': '2f846d20-9d22-4e0b-8945-a010a5a48bb8', 'param_1': 1}
2026-05-06 14:19:50,036 INFO sqlalchemy.engine.Engine ROLLBACK
2026-05-06 14:19:50,036 INFO sqlalchemy.engine.Engine BEGIN (implicit)
2026-05-06 14:19:50,037 INFO sqlalchemy.engine.Engine SELECT merged_audio.id AS merged_audio_id, merged_audio.story_id AS merged_audio_story_id, merged_audio.file_path AS merged_audio_file_path, merged_audio.file_size AS merged_audio_file_size, merged_audio.duration AS merged_audio_duration, merged_audio.format AS merged_audio_format, merged_audio.total_chapters AS merged_audio_total_chapters, merged_audio.created_at AS merged_audio_created_at 
FROM merged_audio 
WHERE merged_audio.story_id = %(story_id_1)s ORDER BY merged_audio.created_at DESC 
 LIMIT %(param_1)s
2026-05-06 14:19:50,037 INFO sqlalchemy.engine.Engine [cached since 89.96s ago] {'story_id_1': '2f846d20-9d22-4e0b-8945-a010a5a48bb8', 'param_1': 1}
INFO:     127.0.0.1:42378 - "GET /api/v1/video/result/2f846d20-9d22-4e0b-8945-a010a5a48bb8 HTTP/1.1" 404 Not Found
2026-05-06 14:19:50,038 INFO sqlalchemy.engine.Engine ROLLBACK
INFO:     127.0.0.1:42390 - "GET /api/v1/video/audio-path/2f846d20-9d22-4e0b-8945-a010a5a48bb8 HTTP/1.1" 200 OK
2026-05-06 14:19:50,047 INFO sqlalchemy.engine.Engine BEGIN (implicit)
2026-05-06 14:19:50,048 INFO sqlalchemy.engine.Engine SELECT video_outputs.id AS video_outputs_id, video_outputs.story_id AS video_outputs_story_id, video_outputs.audio_source_path AS video_outputs_audio_source_path, video_outputs.video_source_folder AS video_outputs_video_source_folder, video_outputs.output_path AS video_outputs_output_path, video_outputs.file_size AS video_outputs_file_size, video_outputs.duration AS video_outputs_duration, video_outputs.audio_speed AS video_outputs_audio_speed, video_outputs.transition_effect AS video_outputs_transition_effect, video_outputs.transition_duration AS video_outputs_transition_duration, video_outputs.resolution AS video_outputs_resolution, video_outputs.status AS video_outputs_status, video_outputs.error_message AS video_outputs_error_message, video_outputs.created_at AS video_outputs_created_at, video_outputs.updated_at AS video_outputs_updated_at 
FROM video_outputs 
WHERE video_outputs.story_id = %(story_id_1)s ORDER BY video_outputs.created_at DESC 
 LIMIT %(param_1)s
2026-05-06 14:19:50,048 INFO sqlalchemy.engine.Engine [cached since 89.96s ago] {'story_id_1': '2f846d20-9d22-4e0b-8945-a010a5a48bb8', 'param_1': 1}
2026-05-06 14:19:50,048 INFO sqlalchemy.engine.Engine ROLLBACK
INFO:     127.0.0.1:42402 - "GET /api/v1/video/result/2f846d20-9d22-4e0b-8945-a010a5a48bb8 HTTP/1.1" 404 Not Found
INFO:     127.0.0.1:53930 - "GET /api/v1/video/fonts HTTP/1.1" 200 OK
INFO:     127.0.0.1:53946 - "GET /api/v1/video/sample-clip?folder=%2Fhome%2Fduoclv%2FDownloads%2Ftemp-20260506T015716Z-3-001%2Ftemp%2Frandom_50min_20260419_210319 HTTP/1.1" 200 OK
INFO:     127.0.0.1:53998 - "GET /api/v1/video/fonts HTTP/1.1" 200 OK
2026-05-06 14:20:14,967 INFO sqlalchemy.engine.Engine BEGIN (implicit)
2026-05-06 14:20:14,968 INFO sqlalchemy.engine.Engine SELECT stories.id AS stories_id, stories.title AS stories_title, stories.url AS stories_url, stories.author AS stories_author, stories.total_chapters AS stories_total_chapters, stories.start_chapter AS stories_start_chapter, stories.end_chapter AS stories_end_chapter, stories.custom_chapter_urls AS stories_custom_chapter_urls, stories.status AS stories_status, stories.current_step AS stories_current_step, stories.is_favorite AS stories_is_favorite, stories.merged_content AS stories_merged_content, stories.created_at AS stories_created_at, stories.updated_at AS stories_updated_at 
FROM stories 
WHERE stories.id = %(id_1)s 
 LIMIT %(param_1)s
2026-05-06 14:20:14,968 INFO sqlalchemy.engine.Engine [cached since 115s ago] {'id_1': '2f846d20-9d22-4e0b-8945-a010a5a48bb8', 'param_1': 1}
2026-05-06 14:20:14,970 INFO sqlalchemy.engine.Engine BEGIN (implicit)
2026-05-06 14:20:14,970 INFO sqlalchemy.engine.Engine SELECT voices.id AS voices_id, voices.code AS voices_code, voices.name AS voices_name, voices.gender AS voices_gender, voices.locale AS voices_locale, voices.category AS voices_category, voices.description AS voices_description, voices.demo_url AS voices_demo_url, voices.is_active AS voices_is_active, voices.`rank` AS voices_rank, voices.created_at AS voices_created_at 
FROM voices 
WHERE voices.is_active = true ORDER BY voices.`rank`
2026-05-06 14:20:14,971 INFO sqlalchemy.engine.Engine [cached since 115s ago] {}
2026-05-06 14:20:14.972 | INFO     | app.api.tts:list_voices:87 - Retrieved 14 voices from database
INFO:     127.0.0.1:54008 - "GET /api/v1/video/sample-clip?folder=%2Fhome%2Fduoclv%2FDownloads%2Ftemp-20260506T015716Z-3-001%2Ftemp%2Frandom_50min_20260419_210319 HTTP/1.1" 200 OK
2026-05-06 14:20:14,975 INFO sqlalchemy.engine.Engine BEGIN (implicit)
2026-05-06 14:20:14,976 INFO sqlalchemy.engine.Engine SELECT video_presets.id AS video_presets_id, video_presets.name AS video_presets_name, video_presets.cfg AS video_presets_cfg, video_presets.created_at AS video_presets_created_at, video_presets.updated_at AS video_presets_updated_at 
FROM video_presets ORDER BY video_presets.created_at DESC
2026-05-06 14:20:14,976 INFO sqlalchemy.engine.Engine [cached since 78.26s ago] {}
2026-05-06 14:20:14,978 INFO sqlalchemy.engine.Engine ROLLBACK
2026-05-06 14:20:14,978 INFO sqlalchemy.engine.Engine ROLLBACK
2026-05-06 14:20:14,978 INFO sqlalchemy.engine.Engine ROLLBACK
INFO:     127.0.0.1:53962 - "GET /api/v1/stories/2f846d20-9d22-4e0b-8945-a010a5a48bb8 HTTP/1.1" 200 OK
INFO:     127.0.0.1:53976 - "GET /api/v1/tts/voices HTTP/1.1" 200 OK
INFO:     127.0.0.1:53986 - "GET /api/v1/video-presets/ HTTP/1.1" 200 OK
2026-05-06 14:20:14,985 INFO sqlalchemy.engine.Engine BEGIN (implicit)
2026-05-06 14:20:14,986 INFO sqlalchemy.engine.Engine SELECT voices.id AS voices_id, voices.code AS voices_code, voices.name AS voices_name, voices.gender AS voices_gender, voices.locale AS voices_locale, voices.category AS voices_category, voices.description AS voices_description, voices.demo_url AS voices_demo_url, voices.is_active AS voices_is_active, voices.`rank` AS voices_rank, voices.created_at AS voices_created_at 
FROM voices 
WHERE voices.is_active = true ORDER BY voices.`rank`
2026-05-06 14:20:14,986 INFO sqlalchemy.engine.Engine [cached since 115s ago] {}
2026-05-06 14:20:14.987 | INFO     | app.api.tts:list_voices:87 - Retrieved 14 voices from database
2026-05-06 14:20:14,988 INFO sqlalchemy.engine.Engine ROLLBACK
2026-05-06 14:20:14,989 INFO sqlalchemy.engine.Engine BEGIN (implicit)
2026-05-06 14:20:14,990 INFO sqlalchemy.engine.Engine SELECT video_presets.id AS video_presets_id, video_presets.name AS video_presets_name, video_presets.cfg AS video_presets_cfg, video_presets.created_at AS video_presets_created_at, video_presets.updated_at AS video_presets_updated_at 
FROM video_presets ORDER BY video_presets.created_at DESC
2026-05-06 14:20:14,990 INFO sqlalchemy.engine.Engine [cached since 78.27s ago] {}
2026-05-06 14:20:14,991 INFO sqlalchemy.engine.Engine BEGIN (implicit)
2026-05-06 14:20:14,991 INFO sqlalchemy.engine.Engine SELECT stories.id AS stories_id, stories.title AS stories_title, stories.url AS stories_url, stories.author AS stories_author, stories.total_chapters AS stories_total_chapters, stories.start_chapter AS stories_start_chapter, stories.end_chapter AS stories_end_chapter, stories.custom_chapter_urls AS stories_custom_chapter_urls, stories.status AS stories_status, stories.current_step AS stories_current_step, stories.is_favorite AS stories_is_favorite, stories.merged_content AS stories_merged_content, stories.created_at AS stories_created_at, stories.updated_at AS stories_updated_at 
FROM stories 
WHERE stories.id = %(id_1)s 
 LIMIT %(param_1)s
2026-05-06 14:20:14,991 INFO sqlalchemy.engine.Engine [cached since 115s ago] {'id_1': '2f846d20-9d22-4e0b-8945-a010a5a48bb8', 'param_1': 1}
INFO:     127.0.0.1:54012 - "GET /api/v1/tts/voices HTTP/1.1" 200 OK
2026-05-06 14:20:14,993 INFO sqlalchemy.engine.Engine BEGIN (implicit)
2026-05-06 14:20:14,993 INFO sqlalchemy.engine.Engine SELECT chapters.id AS chapters_id, chapters.story_id AS chapters_story_id, chapters.chapter_number AS chapters_chapter_number, chapters.title AS chapters_title, chapters.content AS chapters_content, chapters.char_count AS chapters_char_count, chapters.has_censored_words AS chapters_has_censored_words, chapters.censored_count AS chapters_censored_count, chapters.status AS chapters_status, chapters.created_at AS chapters_created_at, chapters.updated_at AS chapters_updated_at 
FROM chapters 
WHERE chapters.story_id = %(story_id_1)s ORDER BY chapters.chapter_number
2026-05-06 14:20:14,993 INFO sqlalchemy.engine.Engine [cached since 115s ago] {'story_id_1': '2f846d20-9d22-4e0b-8945-a010a5a48bb8'}
2026-05-06 14:20:14,995 INFO sqlalchemy.engine.Engine ROLLBACK
2026-05-06 14:20:14,995 INFO sqlalchemy.engine.Engine ROLLBACK
2026-05-06 14:20:14,995 INFO sqlalchemy.engine.Engine ROLLBACK
INFO:     127.0.0.1:54026 - "GET /api/v1/stories/2f846d20-9d22-4e0b-8945-a010a5a48bb8 HTTP/1.1" 200 OK
INFO:     127.0.0.1:54042 - "GET /api/v1/video-presets/ HTTP/1.1" 200 OK
INFO:     127.0.0.1:54056 - "GET /api/v1/stories/2f846d20-9d22-4e0b-8945-a010a5a48bb8/chapters HTTP/1.1" 200 OK
2026-05-06 14:20:15,006 INFO sqlalchemy.engine.Engine BEGIN (implicit)
2026-05-06 14:20:15,007 INFO sqlalchemy.engine.Engine SELECT chapters.id AS chapters_id, chapters.story_id AS chapters_story_id, chapters.chapter_number AS chapters_chapter_number, chapters.title AS chapters_title, chapters.content AS chapters_content, chapters.char_count AS chapters_char_count, chapters.has_censored_words AS chapters_has_censored_words, chapters.censored_count AS chapters_censored_count, chapters.status AS chapters_status, chapters.created_at AS chapters_created_at, chapters.updated_at AS chapters_updated_at 
FROM chapters 
WHERE chapters.story_id = %(story_id_1)s
2026-05-06 14:20:15,007 INFO sqlalchemy.engine.Engine [cached since 114.9s ago] {'story_id_1': '2f846d20-9d22-4e0b-8945-a010a5a48bb8'}
2026-05-06 14:20:15,010 INFO sqlalchemy.engine.Engine ROLLBACK
2026-05-06 14:20:15,010 INFO sqlalchemy.engine.Engine BEGIN (implicit)
2026-05-06 14:20:15,011 INFO sqlalchemy.engine.Engine SELECT chapters.id AS chapters_id, chapters.story_id AS chapters_story_id, chapters.chapter_number AS chapters_chapter_number, chapters.title AS chapters_title, chapters.content AS chapters_content, chapters.char_count AS chapters_char_count, chapters.has_censored_words AS chapters_has_censored_words, chapters.censored_count AS chapters_censored_count, chapters.status AS chapters_status, chapters.created_at AS chapters_created_at, chapters.updated_at AS chapters_updated_at 
FROM chapters 
WHERE chapters.story_id = %(story_id_1)s ORDER BY chapters.chapter_number
2026-05-06 14:20:15,011 INFO sqlalchemy.engine.Engine [cached since 115s ago] {'story_id_1': '2f846d20-9d22-4e0b-8945-a010a5a48bb8'}
INFO:     127.0.0.1:54070 - "GET /api/v1/chapters/story/2f846d20-9d22-4e0b-8945-a010a5a48bb8/stats HTTP/1.1" 200 OK
2026-05-06 14:20:15,014 INFO sqlalchemy.engine.Engine ROLLBACK
INFO:     127.0.0.1:54082 - "GET /api/v1/stories/2f846d20-9d22-4e0b-8945-a010a5a48bb8/chapters HTTP/1.1" 200 OK
2026-05-06 14:20:15,022 INFO sqlalchemy.engine.Engine BEGIN (implicit)
2026-05-06 14:20:15,022 INFO sqlalchemy.engine.Engine SELECT merged_audio.id AS merged_audio_id, merged_audio.story_id AS merged_audio_story_id, merged_audio.file_path AS merged_audio_file_path, merged_audio.file_size AS merged_audio_file_size, merged_audio.duration AS merged_audio_duration, merged_audio.format AS merged_audio_format, merged_audio.total_chapters AS merged_audio_total_chapters, merged_audio.created_at AS merged_audio_created_at 
FROM merged_audio 
WHERE merged_audio.story_id = %(story_id_1)s ORDER BY merged_audio.created_at DESC 
 LIMIT %(param_1)s
2026-05-06 14:20:15,022 INFO sqlalchemy.engine.Engine [cached since 114.9s ago] {'story_id_1': '2f846d20-9d22-4e0b-8945-a010a5a48bb8', 'param_1': 1}
2026-05-06 14:20:15,023 INFO sqlalchemy.engine.Engine ROLLBACK
INFO:     127.0.0.1:54092 - "GET /api/v1/video/audio-path/2f846d20-9d22-4e0b-8945-a010a5a48bb8 HTTP/1.1" 200 OK
2026-05-06 14:20:15,027 INFO sqlalchemy.engine.Engine BEGIN (implicit)
2026-05-06 14:20:15,027 INFO sqlalchemy.engine.Engine SELECT chapters.id AS chapters_id, chapters.story_id AS chapters_story_id, chapters.chapter_number AS chapters_chapter_number, chapters.title AS chapters_title, chapters.content AS chapters_content, chapters.char_count AS chapters_char_count, chapters.has_censored_words AS chapters_has_censored_words, chapters.censored_count AS chapters_censored_count, chapters.status AS chapters_status, chapters.created_at AS chapters_created_at, chapters.updated_at AS chapters_updated_at 
FROM chapters 
WHERE chapters.story_id = %(story_id_1)s
2026-05-06 14:20:15,027 INFO sqlalchemy.engine.Engine [cached since 115s ago] {'story_id_1': '2f846d20-9d22-4e0b-8945-a010a5a48bb8'}
2026-05-06 14:20:15,029 INFO sqlalchemy.engine.Engine ROLLBACK
INFO:     127.0.0.1:54102 - "GET /api/v1/chapters/story/2f846d20-9d22-4e0b-8945-a010a5a48bb8/stats HTTP/1.1" 200 OK
2026-05-06 14:20:15,034 INFO sqlalchemy.engine.Engine BEGIN (implicit)
2026-05-06 14:20:15,035 INFO sqlalchemy.engine.Engine SELECT video_outputs.id AS video_outputs_id, video_outputs.story_id AS video_outputs_story_id, video_outputs.audio_source_path AS video_outputs_audio_source_path, video_outputs.video_source_folder AS video_outputs_video_source_folder, video_outputs.output_path AS video_outputs_output_path, video_outputs.file_size AS video_outputs_file_size, video_outputs.duration AS video_outputs_duration, video_outputs.audio_speed AS video_outputs_audio_speed, video_outputs.transition_effect AS video_outputs_transition_effect, video_outputs.transition_duration AS video_outputs_transition_duration, video_outputs.resolution AS video_outputs_resolution, video_outputs.status AS video_outputs_status, video_outputs.error_message AS video_outputs_error_message, video_outputs.created_at AS video_outputs_created_at, video_outputs.updated_at AS video_outputs_updated_at 
FROM video_outputs 
WHERE video_outputs.story_id = %(story_id_1)s ORDER BY video_outputs.created_at DESC 
 LIMIT %(param_1)s
2026-05-06 14:20:15,035 INFO sqlalchemy.engine.Engine [cached since 114.9s ago] {'story_id_1': '2f846d20-9d22-4e0b-8945-a010a5a48bb8', 'param_1': 1}
2026-05-06 14:20:15,038 INFO sqlalchemy.engine.Engine ROLLBACK
INFO:     127.0.0.1:54110 - "GET /api/v1/video/result/2f846d20-9d22-4e0b-8945-a010a5a48bb8 HTTP/1.1" 404 Not Found
2026-05-06 14:20:15,041 INFO sqlalchemy.engine.Engine BEGIN (implicit)
2026-05-06 14:20:15,042 INFO sqlalchemy.engine.Engine SELECT merged_audio.id AS merged_audio_id, merged_audio.story_id AS merged_audio_story_id, merged_audio.file_path AS merged_audio_file_path, merged_audio.file_size AS merged_audio_file_size, merged_audio.duration AS merged_audio_duration, merged_audio.format AS merged_audio_format, merged_audio.total_chapters AS merged_audio_total_chapters, merged_audio.created_at AS merged_audio_created_at 
FROM merged_audio 
WHERE merged_audio.story_id = %(story_id_1)s ORDER BY merged_audio.created_at DESC 
 LIMIT %(param_1)s
2026-05-06 14:20:15,042 INFO sqlalchemy.engine.Engine [cached since 115s ago] {'story_id_1': '2f846d20-9d22-4e0b-8945-a010a5a48bb8', 'param_1': 1}
2026-05-06 14:20:15,044 INFO sqlalchemy.engine.Engine ROLLBACK
INFO:     127.0.0.1:54122 - "GET /api/v1/video/audio-path/2f846d20-9d22-4e0b-8945-a010a5a48bb8 HTTP/1.1" 200 OK
2026-05-06 14:20:15,151 INFO sqlalchemy.engine.Engine BEGIN (implicit)
2026-05-06 14:20:15,152 INFO sqlalchemy.engine.Engine SELECT video_outputs.id AS video_outputs_id, video_outputs.story_id AS video_outputs_story_id, video_outputs.audio_source_path AS video_outputs_audio_source_path, video_outputs.video_source_folder AS video_outputs_video_source_folder, video_outputs.output_path AS video_outputs_output_path, video_outputs.file_size AS video_outputs_file_size, video_outputs.duration AS video_outputs_duration, video_outputs.audio_speed AS video_outputs_audio_speed, video_outputs.transition_effect AS video_outputs_transition_effect, video_outputs.transition_duration AS video_outputs_transition_duration, video_outputs.resolution AS video_outputs_resolution, video_outputs.status AS video_outputs_status, video_outputs.error_message AS video_outputs_error_message, video_outputs.created_at AS video_outputs_created_at, video_outputs.updated_at AS video_outputs_updated_at 
FROM video_outputs 
WHERE video_outputs.story_id = %(story_id_1)s ORDER BY video_outputs.created_at DESC 
 LIMIT %(param_1)s
2026-05-06 14:20:15,152 INFO sqlalchemy.engine.Engine [cached since 115.1s ago] {'story_id_1': '2f846d20-9d22-4e0b-8945-a010a5a48bb8', 'param_1': 1}
2026-05-06 14:20:15,153 INFO sqlalchemy.engine.Engine ROLLBACK
INFO:     127.0.0.1:54136 - "GET /api/v1/video/result/2f846d20-9d22-4e0b-8945-a010a5a48bb8 HTTP/1.1" 404 Not Found
2026-05-06 14:20:16.024 | INFO     | app.services.video_processor:__init__:42 - NVENC GPU encoding available (h264_nvenc)
INFO:     127.0.0.1:54146 - "GET /api/v1/video/audio-duration?path=storage%2Faudio%2FStory_20260421_133734%2Fmerged_audio.mp3 HTTP/1.1" 200 OK
INFO:     127.0.0.1:35808 - "GET /api/v1/video/fonts HTTP/1.1" 200 OK
INFO:     127.0.0.1:35818 - "GET /api/v1/video/sample-clip?folder=%2Fhome%2Fduoclv%2FDownloads%2Ftemp-20260506T015716Z-3-001%2Ftemp%2Frandom_50min_20260419_210319 HTTP/1.1" 200 OK
2026-05-06 14:20:41,968 INFO sqlalchemy.engine.Engine BEGIN (implicit)
2026-05-06 14:20:41,969 INFO sqlalchemy.engine.Engine SELECT stories.id AS stories_id, stories.title AS stories_title, stories.url AS stories_url, stories.author AS stories_author, stories.total_chapters AS stories_total_chapters, stories.start_chapter AS stories_start_chapter, stories.end_chapter AS stories_end_chapter, stories.custom_chapter_urls AS stories_custom_chapter_urls, stories.status AS stories_status, stories.current_step AS stories_current_step, stories.is_favorite AS stories_is_favorite, stories.merged_content AS stories_merged_content, stories.created_at AS stories_created_at, stories.updated_at AS stories_updated_at 
FROM stories 
WHERE stories.id = %(id_1)s 
 LIMIT %(param_1)s
2026-05-06 14:20:41,969 INFO sqlalchemy.engine.Engine [cached since 142s ago] {'id_1': '2f846d20-9d22-4e0b-8945-a010a5a48bb8', 'param_1': 1}
2026-05-06 14:20:41,971 INFO sqlalchemy.engine.Engine ROLLBACK
2026-05-06 14:20:41,973 INFO sqlalchemy.engine.Engine BEGIN (implicit)
2026-05-06 14:20:41,973 INFO sqlalchemy.engine.Engine SELECT voices.id AS voices_id, voices.code AS voices_code, voices.name AS voices_name, voices.gender AS voices_gender, voices.locale AS voices_locale, voices.category AS voices_category, voices.description AS voices_description, voices.demo_url AS voices_demo_url, voices.is_active AS voices_is_active, voices.`rank` AS voices_rank, voices.created_at AS voices_created_at 
FROM voices 
WHERE voices.is_active = true ORDER BY voices.`rank`
2026-05-06 14:20:41,973 INFO sqlalchemy.engine.Engine [cached since 142s ago] {}
2026-05-06 14:20:41.975 | INFO     | app.api.tts:list_voices:87 - Retrieved 14 voices from database
2026-05-06 14:20:41,976 INFO sqlalchemy.engine.Engine BEGIN (implicit)
2026-05-06 14:20:41,977 INFO sqlalchemy.engine.Engine SELECT video_presets.id AS video_presets_id, video_presets.name AS video_presets_name, video_presets.cfg AS video_presets_cfg, video_presets.created_at AS video_presets_created_at, video_presets.updated_at AS video_presets_updated_at 
FROM video_presets ORDER BY video_presets.created_at DESC
2026-05-06 14:20:41,977 INFO sqlalchemy.engine.Engine [cached since 105.3s ago] {}
INFO:     127.0.0.1:35830 - "GET /api/v1/stories/2f846d20-9d22-4e0b-8945-a010a5a48bb8 HTTP/1.1" 200 OK
2026-05-06 14:20:41,978 INFO sqlalchemy.engine.Engine ROLLBACK
2026-05-06 14:20:41,978 INFO sqlalchemy.engine.Engine ROLLBACK
INFO:     127.0.0.1:35850 - "GET /api/v1/video-presets/ HTTP/1.1" 200 OK
INFO:     127.0.0.1:35834 - "GET /api/v1/tts/voices HTTP/1.1" 200 OK
INFO:     127.0.0.1:35852 - "GET /api/v1/video/preview-video?path=%2Fhome%2Fduoclv%2FDownloads%2Ftemp-20260506T015716Z-3-001%2Ftemp%2Frandom_50min_20260419_210319%2F0022_2019-11-23_3x7vyc5q6e4tkvi_%E6%9C%89%E5%B1%9E%E9%B8%A1%E7%9A%84%E6%B2%A1%EF%BC%9F%F0%9F%98%8A%E5%B1%9E%E9%B8%A1%E7%9A%84%E6%89%A3%E4%B8%AA1%EF%BC%8C%E7%9C%8B%E7%9C%8B%E6%9C%89%E5%A4%9A%E5%B0%91%F0%9F%98%84%E6%88%91%E5%AE%B6%E5%A5%BD%E5%87%A0%E4%BD%8D%F0%9F%98%81.mp4 HTTP/1.1" 200 OK
2026-05-06 14:20:41,986 INFO sqlalchemy.engine.Engine BEGIN (implicit)
2026-05-06 14:20:41,986 INFO sqlalchemy.engine.Engine SELECT chapters.id AS chapters_id, chapters.story_id AS chapters_story_id, chapters.chapter_number AS chapters_chapter_number, chapters.title AS chapters_title, chapters.content AS chapters_content, chapters.char_count AS chapters_char_count, chapters.has_censored_words AS chapters_has_censored_words, chapters.censored_count AS chapters_censored_count, chapters.status AS chapters_status, chapters.created_at AS chapters_created_at, chapters.updated_at AS chapters_updated_at 
FROM chapters 
WHERE chapters.story_id = %(story_id_1)s ORDER BY chapters.chapter_number
2026-05-06 14:20:41,986 INFO sqlalchemy.engine.Engine [cached since 142s ago] {'story_id_1': '2f846d20-9d22-4e0b-8945-a010a5a48bb8'}
2026-05-06 14:20:41,990 INFO sqlalchemy.engine.Engine ROLLBACK
INFO:     127.0.0.1:35854 - "GET /api/v1/stories/2f846d20-9d22-4e0b-8945-a010a5a48bb8/chapters HTTP/1.1" 200 OK
2026-05-06 14:20:42,002 INFO sqlalchemy.engine.Engine BEGIN (implicit)
2026-05-06 14:20:42,002 INFO sqlalchemy.engine.Engine SELECT chapters.id AS chapters_id, chapters.story_id AS chapters_story_id, chapters.chapter_number AS chapters_chapter_number, chapters.title AS chapters_title, chapters.content AS chapters_content, chapters.char_count AS chapters_char_count, chapters.has_censored_words AS chapters_has_censored_words, chapters.censored_count AS chapters_censored_count, chapters.status AS chapters_status, chapters.created_at AS chapters_created_at, chapters.updated_at AS chapters_updated_at 
FROM chapters 
WHERE chapters.story_id = %(story_id_1)s
2026-05-06 14:20:42,002 INFO sqlalchemy.engine.Engine [cached since 141.9s ago] {'story_id_1': '2f846d20-9d22-4e0b-8945-a010a5a48bb8'}
2026-05-06 14:20:42,005 INFO sqlalchemy.engine.Engine ROLLBACK
INFO:     127.0.0.1:35868 - "GET /api/v1/chapters/story/2f846d20-9d22-4e0b-8945-a010a5a48bb8/stats HTTP/1.1" 200 OK
2026-05-06 14:20:42,020 INFO sqlalchemy.engine.Engine BEGIN (implicit)
2026-05-06 14:20:42,020 INFO sqlalchemy.engine.Engine SELECT merged_audio.id AS merged_audio_id, merged_audio.story_id AS merged_audio_story_id, merged_audio.file_path AS merged_audio_file_path, merged_audio.file_size AS merged_audio_file_size, merged_audio.duration AS merged_audio_duration, merged_audio.format AS merged_audio_format, merged_audio.total_chapters AS merged_audio_total_chapters, merged_audio.created_at AS merged_audio_created_at 
FROM merged_audio 
WHERE merged_audio.story_id = %(story_id_1)s ORDER BY merged_audio.created_at DESC 
 LIMIT %(param_1)s
2026-05-06 14:20:42,020 INFO sqlalchemy.engine.Engine [cached since 141.9s ago] {'story_id_1': '2f846d20-9d22-4e0b-8945-a010a5a48bb8', 'param_1': 1}
2026-05-06 14:20:42,022 INFO sqlalchemy.engine.Engine ROLLBACK
INFO:     127.0.0.1:35870 - "GET /api/v1/video/audio-path/2f846d20-9d22-4e0b-8945-a010a5a48bb8 HTTP/1.1" 200 OK
2026-05-06 14:20:42,042 INFO sqlalchemy.engine.Engine BEGIN (implicit)
2026-05-06 14:20:42,042 INFO sqlalchemy.engine.Engine SELECT video_outputs.id AS video_outputs_id, video_outputs.story_id AS video_outputs_story_id, video_outputs.audio_source_path AS video_outputs_audio_source_path, video_outputs.video_source_folder AS video_outputs_video_source_folder, video_outputs.output_path AS video_outputs_output_path, video_outputs.file_size AS video_outputs_file_size, video_outputs.duration AS video_outputs_duration, video_outputs.audio_speed AS video_outputs_audio_speed, video_outputs.transition_effect AS video_outputs_transition_effect, video_outputs.transition_duration AS video_outputs_transition_duration, video_outputs.resolution AS video_outputs_resolution, video_outputs.status AS video_outputs_status, video_outputs.error_message AS video_outputs_error_message, video_outputs.created_at AS video_outputs_created_at, video_outputs.updated_at AS video_outputs_updated_at 
FROM video_outputs 
WHERE video_outputs.story_id = %(story_id_1)s ORDER BY video_outputs.created_at DESC 
 LIMIT %(param_1)s
2026-05-06 14:20:42,042 INFO sqlalchemy.engine.Engine [cached since 142s ago] {'story_id_1': '2f846d20-9d22-4e0b-8945-a010a5a48bb8', 'param_1': 1}
2026-05-06 14:20:42,048 INFO sqlalchemy.engine.Engine ROLLBACK
INFO:     127.0.0.1:35878 - "GET /api/v1/video/result/2f846d20-9d22-4e0b-8945-a010a5a48bb8 HTTP/1.1" 404 Not Found
2026-05-06 14:20:43.028 | INFO     | app.services.video_processor:__init__:42 - NVENC GPU encoding available (h264_nvenc)
INFO:     127.0.0.1:35882 - "GET /api/v1/video/audio-duration?path=storage%2Faudio%2FStory_20260421_133734%2Fmerged_audio.mp3 HTTP/1.1" 200 OK
2026-05-06 14:21:08,524 INFO sqlalchemy.engine.Engine BEGIN (implicit)
2026-05-06 14:21:08,524 INFO sqlalchemy.engine.Engine SELECT video_presets.id AS video_presets_id, video_presets.name AS video_presets_name, video_presets.cfg AS video_presets_cfg, video_presets.created_at AS video_presets_created_at, video_presets.updated_at AS video_presets_updated_at 
FROM video_presets ORDER BY video_presets.created_at DESC
2026-05-06 14:21:08,524 INFO sqlalchemy.engine.Engine [cached since 131.8s ago] {}
2026-05-06 14:21:08,524 INFO sqlalchemy.engine.Engine ROLLBACK
INFO:     127.0.0.1:40734 - "GET /api/v1/video-presets/ HTTP/1.1" 200 OK
INFO:     127.0.0.1:55836 - "GET /api/v1/video/preview-video?path=%2Fhome%2Fduoclv%2FDownloads%2Ftemp-20260506T015716Z-3-001%2Ftemp%2Frandom_50min_20260419_210319%2F0022_2019-11-23_3x7vyc5q6e4tkvi_%E6%9C%89%E5%B1%9E%E9%B8%A1%E7%9A%84%E6%B2%A1%EF%BC%9F%F0%9F%98%8A%E5%B1%9E%E9%B8%A1%E7%9A%84%E6%89%A3%E4%B8%AA1%EF%BC%8C%E7%9C%8B%E7%9C%8B%E6%9C%89%E5%A4%9A%E5%B0%91%F0%9F%98%84%E6%88%91%E5%AE%B6%E5%A5%BD%E5%87%A0%E4%BD%8D%F0%9F%98%81.mp4 HTTP/1.1" 200 OK
INFO:     127.0.0.1:45420 - "POST /api/v1/video/browse-images HTTP/1.1" 200 OK
INFO:     127.0.0.1:45422 - "POST /api/v1/video/browse-images HTTP/1.1" 200 OK
INFO:     127.0.0.1:45430 - "POST /api/v1/video/browse-images HTTP/1.1" 200 OK
INFO:     127.0.0.1:45438 - "POST /api/v1/video/browse-images HTTP/1.1" 200 OK
WARNING:  WatchFiles detected changes in 'app/schemas.py'. Reloading...
INFO:     Shutting down
INFO:     Waiting for application shutdown.
2026-05-06 14:27:15.534 | INFO     | app.main:shutdown_event:70 - Shutting down TruyenFull Processor API...
INFO:     Application shutdown complete.
INFO:     Finished server process [455827]
2026-05-06 14:27:16.431 | INFO     | app.database:<module>:10 - Connecting to database: localhost:3307/truyenfull_db
INFO:     Started server process [469345]
INFO:     Waiting for application startup.
2026-05-06 14:27:16.847 | INFO     | app.main:startup_event:54 - Starting TruyenFull Processor API...
2026-05-06 14:27:16.848 | INFO     | app.main:startup_event:55 - Debug mode: True
2026-05-06 14:27:16.848 | INFO     | app.main:startup_event:56 - CORS origins: ['http://localhost:5173', 'http://localhost:3000']
2026-05-06 14:27:16,852 INFO sqlalchemy.engine.Engine SELECT DATABASE()
2026-05-06 14:27:16,852 INFO sqlalchemy.engine.Engine [raw sql] {}
2026-05-06 14:27:16,853 INFO sqlalchemy.engine.Engine SELECT @@sql_mode
2026-05-06 14:27:16,853 INFO sqlalchemy.engine.Engine [raw sql] {}
2026-05-06 14:27:16,853 INFO sqlalchemy.engine.Engine SELECT @@lower_case_table_names
2026-05-06 14:27:16,853 INFO sqlalchemy.engine.Engine [raw sql] {}
2026-05-06 14:27:16,854 INFO sqlalchemy.engine.Engine BEGIN (implicit)
2026-05-06 14:27:16,855 INFO sqlalchemy.engine.Engine SELECT 1
2026-05-06 14:27:16,855 INFO sqlalchemy.engine.Engine [generated in 0.00013s] {}
2026-05-06 14:27:16,855 INFO sqlalchemy.engine.Engine ROLLBACK
2026-05-06 14:27:16.856 | INFO     | app.database:test_connection:49 - Database connection successful
2026-05-06 14:27:16.856 | INFO     | app.main:startup_event:60 - Database connection successful
INFO:     Application startup complete.
WARNING:  WatchFiles detected changes in 'app/services/shape_masks.py'. Reloading...
INFO:     Shutting down
INFO:     Waiting for application shutdown.
2026-05-06 14:27:31.781 | INFO     | app.main:shutdown_event:70 - Shutting down TruyenFull Processor API...
INFO:     Application shutdown complete.
INFO:     Finished server process [469345]
2026-05-06 14:27:32.638 | INFO     | app.database:<module>:10 - Connecting to database: localhost:3307/truyenfull_db
INFO:     Started server process [469744]
INFO:     Waiting for application startup.
2026-05-06 14:27:33.067 | INFO     | app.main:startup_event:54 - Starting TruyenFull Processor API...
2026-05-06 14:27:33.067 | INFO     | app.main:startup_event:55 - Debug mode: True
2026-05-06 14:27:33.067 | INFO     | app.main:startup_event:56 - CORS origins: ['http://localhost:5173', 'http://localhost:3000']
2026-05-06 14:27:33,071 INFO sqlalchemy.engine.Engine SELECT DATABASE()
2026-05-06 14:27:33,071 INFO sqlalchemy.engine.Engine [raw sql] {}
2026-05-06 14:27:33,072 INFO sqlalchemy.engine.Engine SELECT @@sql_mode
2026-05-06 14:27:33,072 INFO sqlalchemy.engine.Engine [raw sql] {}
2026-05-06 14:27:33,072 INFO sqlalchemy.engine.Engine SELECT @@lower_case_table_names
2026-05-06 14:27:33,072 INFO sqlalchemy.engine.Engine [raw sql] {}
2026-05-06 14:27:33,073 INFO sqlalchemy.engine.Engine BEGIN (implicit)
2026-05-06 14:27:33,073 INFO sqlalchemy.engine.Engine SELECT 1
2026-05-06 14:27:33,073 INFO sqlalchemy.engine.Engine [generated in 0.00009s] {}
2026-05-06 14:27:33,073 INFO sqlalchemy.engine.Engine ROLLBACK
2026-05-06 14:27:33.073 | INFO     | app.database:test_connection:49 - Database connection successful
2026-05-06 14:27:33.074 | INFO     | app.main:startup_event:60 - Database connection successful
INFO:     Application startup complete.
WARNING:  WatchFiles detected changes in 'app/services/video_processor.py'. Reloading...
INFO:     Shutting down
INFO:     Waiting for application shutdown.
2026-05-06 14:27:56.221 | INFO     | app.main:shutdown_event:70 - Shutting down TruyenFull Processor API...
INFO:     Application shutdown complete.
INFO:     Finished server process [469744]
2026-05-06 14:27:57.072 | INFO     | app.database:<module>:10 - Connecting to database: localhost:3307/truyenfull_db
INFO:     Started server process [470308]
INFO:     Waiting for application startup.
2026-05-06 14:27:57.541 | INFO     | app.main:startup_event:54 - Starting TruyenFull Processor API...
2026-05-06 14:27:57.541 | INFO     | app.main:startup_event:55 - Debug mode: True
2026-05-06 14:27:57.542 | INFO     | app.main:startup_event:56 - CORS origins: ['http://localhost:5173', 'http://localhost:3000']
2026-05-06 14:27:57,545 INFO sqlalchemy.engine.Engine SELECT DATABASE()
2026-05-06 14:27:57,545 INFO sqlalchemy.engine.Engine [raw sql] {}
2026-05-06 14:27:57,546 INFO sqlalchemy.engine.Engine SELECT @@sql_mode
2026-05-06 14:27:57,546 INFO sqlalchemy.engine.Engine [raw sql] {}
2026-05-06 14:27:57,546 INFO sqlalchemy.engine.Engine SELECT @@lower_case_table_names
2026-05-06 14:27:57,546 INFO sqlalchemy.engine.Engine [raw sql] {}
2026-05-06 14:27:57,547 INFO sqlalchemy.engine.Engine BEGIN (implicit)
2026-05-06 14:27:57,547 INFO sqlalchemy.engine.Engine SELECT 1
2026-05-06 14:27:57,547 INFO sqlalchemy.engine.Engine [generated in 0.00008s] {}
2026-05-06 14:27:57,547 INFO sqlalchemy.engine.Engine ROLLBACK
2026-05-06 14:27:57.548 | INFO     | app.database:test_connection:49 - Database connection successful
2026-05-06 14:27:57.548 | INFO     | app.main:startup_event:60 - Database connection successful
INFO:     Application startup complete.
WARNING:  WatchFiles detected changes in 'app/services/video_processor.py'. Reloading...
INFO:     Shutting down
INFO:     Waiting for application shutdown.
2026-05-06 14:28:09.869 | INFO     | app.main:shutdown_event:70 - Shutting down TruyenFull Processor API...
INFO:     Application shutdown complete.
INFO:     Finished server process [470308]
2026-05-06 14:28:10.719 | INFO     | app.database:<module>:10 - Connecting to database: localhost:3307/truyenfull_db
INFO:     Started server process [470639]
INFO:     Waiting for application startup.
2026-05-06 14:28:11.151 | INFO     | app.main:startup_event:54 - Starting TruyenFull Processor API...
2026-05-06 14:28:11.151 | INFO     | app.main:startup_event:55 - Debug mode: True
2026-05-06 14:28:11.151 | INFO     | app.main:startup_event:56 - CORS origins: ['http://localhost:5173', 'http://localhost:3000']
2026-05-06 14:28:11,154 INFO sqlalchemy.engine.Engine SELECT DATABASE()
2026-05-06 14:28:11,154 INFO sqlalchemy.engine.Engine [raw sql] {}
2026-05-06 14:28:11,154 INFO sqlalchemy.engine.Engine SELECT @@sql_mode
2026-05-06 14:28:11,154 INFO sqlalchemy.engine.Engine [raw sql] {}
2026-05-06 14:28:11,155 INFO sqlalchemy.engine.Engine SELECT @@lower_case_table_names
2026-05-06 14:28:11,155 INFO sqlalchemy.engine.Engine [raw sql] {}
2026-05-06 14:28:11,155 INFO sqlalchemy.engine.Engine BEGIN (implicit)
2026-05-06 14:28:11,155 INFO sqlalchemy.engine.Engine SELECT 1
2026-05-06 14:28:11,155 INFO sqlalchemy.engine.Engine [generated in 0.00008s] {}
2026-05-06 14:28:11,156 INFO sqlalchemy.engine.Engine ROLLBACK
2026-05-06 14:28:11.156 | INFO     | app.database:test_connection:49 - Database connection successful
2026-05-06 14:28:11.156 | INFO     | app.main:startup_event:60 - Database connection successful
INFO:     Application startup complete.
WARNING:  WatchFiles detected changes in 'app/services/video_processor.py'. Reloading...
INFO:     Shutting down
INFO:     Waiting for application shutdown.
2026-05-06 14:28:17.569 | INFO     | app.main:shutdown_event:70 - Shutting down TruyenFull Processor API...
INFO:     Application shutdown complete.
INFO:     Finished server process [470639]
2026-05-06 14:28:18.428 | INFO     | app.database:<module>:10 - Connecting to database: localhost:3307/truyenfull_db
INFO:     Started server process [470824]
INFO:     Waiting for application startup.
2026-05-06 14:28:18.862 | INFO     | app.main:startup_event:54 - Starting TruyenFull Processor API...
2026-05-06 14:28:18.863 | INFO     | app.main:startup_event:55 - Debug mode: True
2026-05-06 14:28:18.863 | INFO     | app.main:startup_event:56 - CORS origins: ['http://localhost:5173', 'http://localhost:3000']
2026-05-06 14:28:18,867 INFO sqlalchemy.engine.Engine SELECT DATABASE()
2026-05-06 14:28:18,867 INFO sqlalchemy.engine.Engine [raw sql] {}
2026-05-06 14:28:18,867 INFO sqlalchemy.engine.Engine SELECT @@sql_mode
2026-05-06 14:28:18,867 INFO sqlalchemy.engine.Engine [raw sql] {}
2026-05-06 14:28:18,867 INFO sqlalchemy.engine.Engine SELECT @@lower_case_table_names
2026-05-06 14:28:18,868 INFO sqlalchemy.engine.Engine [raw sql] {}
2026-05-06 14:28:18,868 INFO sqlalchemy.engine.Engine BEGIN (implicit)
2026-05-06 14:28:18,868 INFO sqlalchemy.engine.Engine SELECT 1
2026-05-06 14:28:18,868 INFO sqlalchemy.engine.Engine [generated in 0.00008s] {}
2026-05-06 14:28:18,869 INFO sqlalchemy.engine.Engine ROLLBACK
2026-05-06 14:28:18.869 | INFO     | app.database:test_connection:49 - Database connection successful
2026-05-06 14:28:18.869 | INFO     | app.main:startup_event:60 - Database connection successful
INFO:     Application startup complete.
WARNING:  WatchFiles detected changes in 'app/services/video_processor.py'. Reloading...
INFO:     Shutting down
INFO:     Waiting for application shutdown.
2026-05-06 14:28:29.190 | INFO     | app.main:shutdown_event:70 - Shutting down TruyenFull Processor API...
INFO:     Application shutdown complete.
INFO:     Finished server process [470824]
2026-05-06 14:28:30.120 | INFO     | app.database:<module>:10 - Connecting to database: localhost:3307/truyenfull_db
INFO:     Started server process [471131]
INFO:     Waiting for application startup.
2026-05-06 14:28:30.578 | INFO     | app.main:startup_event:54 - Starting TruyenFull Processor API...
2026-05-06 14:28:30.578 | INFO     | app.main:startup_event:55 - Debug mode: True
2026-05-06 14:28:30.578 | INFO     | app.main:startup_event:56 - CORS origins: ['http://localhost:5173', 'http://localhost:3000']
2026-05-06 14:28:30,582 INFO sqlalchemy.engine.Engine SELECT DATABASE()
2026-05-06 14:28:30,582 INFO sqlalchemy.engine.Engine [raw sql] {}
2026-05-06 14:28:30,583 INFO sqlalchemy.engine.Engine SELECT @@sql_mode
2026-05-06 14:28:30,583 INFO sqlalchemy.engine.Engine [raw sql] {}
2026-05-06 14:28:30,583 INFO sqlalchemy.engine.Engine SELECT @@lower_case_table_names
2026-05-06 14:28:30,583 INFO sqlalchemy.engine.Engine [raw sql] {}
2026-05-06 14:28:30,584 INFO sqlalchemy.engine.Engine BEGIN (implicit)
2026-05-06 14:28:30,584 INFO sqlalchemy.engine.Engine SELECT 1
2026-05-06 14:28:30,584 INFO sqlalchemy.engine.Engine [generated in 0.00009s] {}
2026-05-06 14:28:30,585 INFO sqlalchemy.engine.Engine ROLLBACK
2026-05-06 14:28:30.585 | INFO     | app.database:test_connection:49 - Database connection successful
2026-05-06 14:28:30.585 | INFO     | app.main:startup_event:60 - Database connection successful
INFO:     Application startup complete.
WARNING:  WatchFiles detected changes in 'app/workers/video_worker.py'. Reloading...
INFO:     Shutting down
INFO:     Waiting for application shutdown.
2026-05-06 14:28:39.503 | INFO     | app.main:shutdown_event:70 - Shutting down TruyenFull Processor API...
INFO:     Application shutdown complete.
INFO:     Finished server process [471131]
2026-05-06 14:28:40.364 | INFO     | app.database:<module>:10 - Connecting to database: localhost:3307/truyenfull_db
INFO:     Started server process [471434]
INFO:     Waiting for application startup.
2026-05-06 14:28:40.788 | INFO     | app.main:startup_event:54 - Starting TruyenFull Processor API...
2026-05-06 14:28:40.788 | INFO     | app.main:startup_event:55 - Debug mode: True
2026-05-06 14:28:40.788 | INFO     | app.main:startup_event:56 - CORS origins: ['http://localhost:5173', 'http://localhost:3000']
2026-05-06 14:28:40,791 INFO sqlalchemy.engine.Engine SELECT DATABASE()
2026-05-06 14:28:40,792 INFO sqlalchemy.engine.Engine [raw sql] {}
2026-05-06 14:28:40,792 INFO sqlalchemy.engine.Engine SELECT @@sql_mode
2026-05-06 14:28:40,792 INFO sqlalchemy.engine.Engine [raw sql] {}
2026-05-06 14:28:40,792 INFO sqlalchemy.engine.Engine SELECT @@lower_case_table_names
2026-05-06 14:28:40,792 INFO sqlalchemy.engine.Engine [raw sql] {}
2026-05-06 14:28:40,793 INFO sqlalchemy.engine.Engine BEGIN (implicit)
2026-05-06 14:28:40,793 INFO sqlalchemy.engine.Engine SELECT 1
2026-05-06 14:28:40,793 INFO sqlalchemy.engine.Engine [generated in 0.00007s] {}
2026-05-06 14:28:40,793 INFO sqlalchemy.engine.Engine ROLLBACK
2026-05-06 14:28:40.794 | INFO     | app.database:test_connection:49 - Database connection successful
2026-05-06 14:28:40.794 | INFO     | app.main:startup_event:60 - Database connection successful
INFO:     Application startup complete.
WARNING:  WatchFiles detected changes in 'app/workers/video_worker.py'. Reloading...
INFO:     Shutting down
INFO:     Waiting for application shutdown.
2026-05-06 14:28:46.906 | INFO     | app.main:shutdown_event:70 - Shutting down TruyenFull Processor API...
INFO:     Application shutdown complete.
INFO:     Finished server process [471434]
2026-05-06 14:28:47.748 | INFO     | app.database:<module>:10 - Connecting to database: localhost:3307/truyenfull_db
INFO:     Started server process [471581]
INFO:     Waiting for application startup.
2026-05-06 14:28:48.168 | INFO     | app.main:startup_event:54 - Starting TruyenFull Processor API...
2026-05-06 14:28:48.168 | INFO     | app.main:startup_event:55 - Debug mode: True
2026-05-06 14:28:48.168 | INFO     | app.main:startup_event:56 - CORS origins: ['http://localhost:5173', 'http://localhost:3000']
2026-05-06 14:28:48,171 INFO sqlalchemy.engine.Engine SELECT DATABASE()
2026-05-06 14:28:48,171 INFO sqlalchemy.engine.Engine [raw sql] {}
2026-05-06 14:28:48,172 INFO sqlalchemy.engine.Engine SELECT @@sql_mode
2026-05-06 14:28:48,172 INFO sqlalchemy.engine.Engine [raw sql] {}
2026-05-06 14:28:48,172 INFO sqlalchemy.engine.Engine SELECT @@lower_case_table_names
2026-05-06 14:28:48,172 INFO sqlalchemy.engine.Engine [raw sql] {}
2026-05-06 14:28:48,173 INFO sqlalchemy.engine.Engine BEGIN (implicit)
2026-05-06 14:28:48,173 INFO sqlalchemy.engine.Engine SELECT 1
2026-05-06 14:28:48,173 INFO sqlalchemy.engine.Engine [generated in 0.00008s] {}
2026-05-06 14:28:48,173 INFO sqlalchemy.engine.Engine ROLLBACK
2026-05-06 14:28:48.174 | INFO     | app.database:test_connection:49 - Database connection successful
2026-05-06 14:28:48.174 | INFO     | app.main:startup_event:60 - Database connection successful
INFO:     Application startup complete.
WARNING:  WatchFiles detected changes in 'app/api/video.py'. Reloading...
INFO:     Shutting down
INFO:     Waiting for application shutdown.
2026-05-06 14:28:54.688 | INFO     | app.main:shutdown_event:70 - Shutting down TruyenFull Processor API...
INFO:     Application shutdown complete.
INFO:     Finished server process [471581]
2026-05-06 14:28:55.571 | INFO     | app.database:<module>:10 - Connecting to database: localhost:3307/truyenfull_db
INFO:     Started server process [471740]
INFO:     Waiting for application startup.
2026-05-06 14:28:56.004 | INFO     | app.main:startup_event:54 - Starting TruyenFull Processor API...
2026-05-06 14:28:56.005 | INFO     | app.main:startup_event:55 - Debug mode: True
2026-05-06 14:28:56.005 | INFO     | app.main:startup_event:56 - CORS origins: ['http://localhost:5173', 'http://localhost:3000']
2026-05-06 14:28:56,007 INFO sqlalchemy.engine.Engine SELECT DATABASE()
2026-05-06 14:28:56,007 INFO sqlalchemy.engine.Engine [raw sql] {}
2026-05-06 14:28:56,008 INFO sqlalchemy.engine.Engine SELECT @@sql_mode
2026-05-06 14:28:56,008 INFO sqlalchemy.engine.Engine [raw sql] {}
2026-05-06 14:28:56,008 INFO sqlalchemy.engine.Engine SELECT @@lower_case_table_names
2026-05-06 14:28:56,008 INFO sqlalchemy.engine.Engine [raw sql] {}
2026-05-06 14:28:56,009 INFO sqlalchemy.engine.Engine BEGIN (implicit)
2026-05-06 14:28:56,009 INFO sqlalchemy.engine.Engine SELECT 1
2026-05-06 14:28:56,009 INFO sqlalchemy.engine.Engine [generated in 0.00008s] {}
2026-05-06 14:28:56,009 INFO sqlalchemy.engine.Engine ROLLBACK
2026-05-06 14:28:56.009 | INFO     | app.database:test_connection:49 - Database connection successful
2026-05-06 14:28:56.010 | INFO     | app.main:startup_event:60 - Database connection successful
INFO:     Application startup complete.
INFO:     127.0.0.1:47786 - "GET /api/v1/video/fonts HTTP/1.1" 200 OK
INFO:     127.0.0.1:47794 - "GET /api/v1/video/sample-clip?folder=%2Fhome%2Fduoclv%2FDownloads%2Ftemp-20260506T015716Z-3-001%2Ftemp%2Frandom_50min_20260419_210319 HTTP/1.1" 200 OK
2026-05-06 14:29:23,849 INFO sqlalchemy.engine.Engine BEGIN (implicit)
2026-05-06 14:29:23,854 INFO sqlalchemy.engine.Engine SELECT stories.id AS stories_id, stories.title AS stories_title, stories.url AS stories_url, stories.author AS stories_author, stories.total_chapters AS stories_total_chapters, stories.start_chapter AS stories_start_chapter, stories.end_chapter AS stories_end_chapter, stories.custom_chapter_urls AS stories_custom_chapter_urls, stories.status AS stories_status, stories.current_step AS stories_current_step, stories.is_favorite AS stories_is_favorite, stories.merged_content AS stories_merged_content, stories.created_at AS stories_created_at, stories.updated_at AS stories_updated_at 
FROM stories 
WHERE stories.id = %(id_1)s 
 LIMIT %(param_1)s
2026-05-06 14:29:23,854 INFO sqlalchemy.engine.Engine [generated in 0.00025s] {'id_1': '2f846d20-9d22-4e0b-8945-a010a5a48bb8', 'param_1': 1}
2026-05-06 14:29:23,867 INFO sqlalchemy.engine.Engine BEGIN (implicit)
2026-05-06 14:29:23,872 INFO sqlalchemy.engine.Engine SELECT voices.id AS voices_id, voices.code AS voices_code, voices.name AS voices_name, voices.gender AS voices_gender, voices.locale AS voices_locale, voices.category AS voices_category, voices.description AS voices_description, voices.demo_url AS voices_demo_url, voices.is_active AS voices_is_active, voices.`rank` AS voices_rank, voices.created_at AS voices_created_at 
FROM voices 
WHERE voices.is_active = true ORDER BY voices.`rank`
2026-05-06 14:29:23,873 INFO sqlalchemy.engine.Engine [generated in 0.00045s] {}
2026-05-06 14:29:23.876 | INFO     | app.api.tts:list_voices:87 - Retrieved 14 voices from database
2026-05-06 14:29:23,885 INFO sqlalchemy.engine.Engine BEGIN (implicit)
2026-05-06 14:29:23,887 INFO sqlalchemy.engine.Engine SELECT video_presets.id AS video_presets_id, video_presets.name AS video_presets_name, video_presets.cfg AS video_presets_cfg, video_presets.created_at AS video_presets_created_at, video_presets.updated_at AS video_presets_updated_at 
FROM video_presets ORDER BY video_presets.created_at DESC
2026-05-06 14:29:23,887 INFO sqlalchemy.engine.Engine [generated in 0.00021s] {}
2026-05-06 14:29:23,895 INFO sqlalchemy.engine.Engine ROLLBACK
2026-05-06 14:29:23,897 INFO sqlalchemy.engine.Engine ROLLBACK
INFO:     127.0.0.1:47806 - "GET /api/v1/video-presets/ HTTP/1.1" 200 OK
INFO:     127.0.0.1:47796 - "GET /api/v1/stories/2f846d20-9d22-4e0b-8945-a010a5a48bb8 HTTP/1.1" 200 OK
2026-05-06 14:29:23,898 INFO sqlalchemy.engine.Engine ROLLBACK
INFO:     127.0.0.1:47800 - "GET /api/v1/tts/voices HTTP/1.1" 200 OK
2026-05-06 14:29:23,924 INFO sqlalchemy.engine.Engine BEGIN (implicit)
2026-05-06 14:29:23,927 INFO sqlalchemy.engine.Engine SELECT chapters.id AS chapters_id, chapters.story_id AS chapters_story_id, chapters.chapter_number AS chapters_chapter_number, chapters.title AS chapters_title, chapters.content AS chapters_content, chapters.char_count AS chapters_char_count, chapters.has_censored_words AS chapters_has_censored_words, chapters.censored_count AS chapters_censored_count, chapters.status AS chapters_status, chapters.created_at AS chapters_created_at, chapters.updated_at AS chapters_updated_at 
FROM chapters 
WHERE chapters.story_id = %(story_id_1)s ORDER BY chapters.chapter_number
2026-05-06 14:29:23,927 INFO sqlalchemy.engine.Engine [generated in 0.00031s] {'story_id_1': '2f846d20-9d22-4e0b-8945-a010a5a48bb8'}
2026-05-06 14:29:23,932 INFO sqlalchemy.engine.Engine ROLLBACK
INFO:     127.0.0.1:47812 - "GET /api/v1/stories/2f846d20-9d22-4e0b-8945-a010a5a48bb8/chapters HTTP/1.1" 200 OK
2026-05-06 14:29:23,953 INFO sqlalchemy.engine.Engine BEGIN (implicit)
2026-05-06 14:29:23,954 INFO sqlalchemy.engine.Engine SELECT chapters.id AS chapters_id, chapters.story_id AS chapters_story_id, chapters.chapter_number AS chapters_chapter_number, chapters.title AS chapters_title, chapters.content AS chapters_content, chapters.char_count AS chapters_char_count, chapters.has_censored_words AS chapters_has_censored_words, chapters.censored_count AS chapters_censored_count, chapters.status AS chapters_status, chapters.created_at AS chapters_created_at, chapters.updated_at AS chapters_updated_at 
FROM chapters 
WHERE chapters.story_id = %(story_id_1)s
2026-05-06 14:29:23,954 INFO sqlalchemy.engine.Engine [generated in 0.00030s] {'story_id_1': '2f846d20-9d22-4e0b-8945-a010a5a48bb8'}
2026-05-06 14:29:23,958 INFO sqlalchemy.engine.Engine ROLLBACK
INFO:     127.0.0.1:47828 - "GET /api/v1/chapters/story/2f846d20-9d22-4e0b-8945-a010a5a48bb8/stats HTTP/1.1" 200 OK
2026-05-06 14:29:23,972 INFO sqlalchemy.engine.Engine BEGIN (implicit)
2026-05-06 14:29:23,974 INFO sqlalchemy.engine.Engine SELECT merged_audio.id AS merged_audio_id, merged_audio.story_id AS merged_audio_story_id, merged_audio.file_path AS merged_audio_file_path, merged_audio.file_size AS merged_audio_file_size, merged_audio.duration AS merged_audio_duration, merged_audio.format AS merged_audio_format, merged_audio.total_chapters AS merged_audio_total_chapters, merged_audio.created_at AS merged_audio_created_at 
FROM merged_audio 
WHERE merged_audio.story_id = %(story_id_1)s ORDER BY merged_audio.created_at DESC 
 LIMIT %(param_1)s
2026-05-06 14:29:23,974 INFO sqlalchemy.engine.Engine [generated in 0.00019s] {'story_id_1': '2f846d20-9d22-4e0b-8945-a010a5a48bb8', 'param_1': 1}
2026-05-06 14:29:23,975 INFO sqlalchemy.engine.Engine ROLLBACK
INFO:     127.0.0.1:47836 - "GET /api/v1/video/audio-path/2f846d20-9d22-4e0b-8945-a010a5a48bb8 HTTP/1.1" 200 OK
2026-05-06 14:29:23,985 INFO sqlalchemy.engine.Engine BEGIN (implicit)
2026-05-06 14:29:23,987 INFO sqlalchemy.engine.Engine SELECT video_outputs.id AS video_outputs_id, video_outputs.story_id AS video_outputs_story_id, video_outputs.audio_source_path AS video_outputs_audio_source_path, video_outputs.video_source_folder AS video_outputs_video_source_folder, video_outputs.output_path AS video_outputs_output_path, video_outputs.file_size AS video_outputs_file_size, video_outputs.duration AS video_outputs_duration, video_outputs.audio_speed AS video_outputs_audio_speed, video_outputs.transition_effect AS video_outputs_transition_effect, video_outputs.transition_duration AS video_outputs_transition_duration, video_outputs.resolution AS video_outputs_resolution, video_outputs.status AS video_outputs_status, video_outputs.error_message AS video_outputs_error_message, video_outputs.created_at AS video_outputs_created_at, video_outputs.updated_at AS video_outputs_updated_at 
FROM video_outputs 
WHERE video_outputs.story_id = %(story_id_1)s ORDER BY video_outputs.created_at DESC 
 LIMIT %(param_1)s
2026-05-06 14:29:23,987 INFO sqlalchemy.engine.Engine [generated in 0.00032s] {'story_id_1': '2f846d20-9d22-4e0b-8945-a010a5a48bb8', 'param_1': 1}
2026-05-06 14:29:23,989 INFO sqlalchemy.engine.Engine ROLLBACK
INFO:     127.0.0.1:47852 - "GET /api/v1/video/result/2f846d20-9d22-4e0b-8945-a010a5a48bb8 HTTP/1.1" 404 Not Found
2026-05-06 14:29:24.190 | INFO     | app.services.video_processor:__init__:42 - NVENC GPU encoding available (h264_nvenc)
INFO:     127.0.0.1:47862 - "GET /api/v1/video/audio-duration?path=storage%2Faudio%2FStory_20260421_133734%2Fmerged_audio.mp3 HTTP/1.1" 200 OK
INFO:     127.0.0.1:42172 - "GET /api/v1/video/fonts HTTP/1.1" 200 OK
INFO:     127.0.0.1:42180 - "GET /api/v1/video/sample-clip?folder=%2Fhome%2Fduoclv%2FDownloads%2Ftemp-20260506T015716Z-3-001%2Ftemp%2Frandom_50min_20260419_210319 HTTP/1.1" 200 OK
2026-05-06 14:29:29,217 INFO sqlalchemy.engine.Engine BEGIN (implicit)
2026-05-06 14:29:29,217 INFO sqlalchemy.engine.Engine SELECT stories.id AS stories_id, stories.title AS stories_title, stories.url AS stories_url, stories.author AS stories_author, stories.total_chapters AS stories_total_chapters, stories.start_chapter AS stories_start_chapter, stories.end_chapter AS stories_end_chapter, stories.custom_chapter_urls AS stories_custom_chapter_urls, stories.status AS stories_status, stories.current_step AS stories_current_step, stories.is_favorite AS stories_is_favorite, stories.merged_content AS stories_merged_content, stories.created_at AS stories_created_at, stories.updated_at AS stories_updated_at 
FROM stories 
WHERE stories.id = %(id_1)s 
 LIMIT %(param_1)s
2026-05-06 14:29:29,218 INFO sqlalchemy.engine.Engine [cached since 5.364s ago] {'id_1': '2f846d20-9d22-4e0b-8945-a010a5a48bb8', 'param_1': 1}
2026-05-06 14:29:29,221 INFO sqlalchemy.engine.Engine ROLLBACK
2026-05-06 14:29:29,221 INFO sqlalchemy.engine.Engine BEGIN (implicit)
2026-05-06 14:29:29,221 INFO sqlalchemy.engine.Engine SELECT voices.id AS voices_id, voices.code AS voices_code, voices.name AS voices_name, voices.gender AS voices_gender, voices.locale AS voices_locale, voices.category AS voices_category, voices.description AS voices_description, voices.demo_url AS voices_demo_url, voices.is_active AS voices_is_active, voices.`rank` AS voices_rank, voices.created_at AS voices_created_at 
FROM voices 
WHERE voices.is_active = true ORDER BY voices.`rank`
2026-05-06 14:29:29,222 INFO sqlalchemy.engine.Engine [cached since 5.349s ago] {}
2026-05-06 14:29:29.223 | INFO     | app.api.tts:list_voices:87 - Retrieved 14 voices from database
2026-05-06 14:29:29,224 INFO sqlalchemy.engine.Engine BEGIN (implicit)
2026-05-06 14:29:29,224 INFO sqlalchemy.engine.Engine SELECT video_presets.id AS video_presets_id, video_presets.name AS video_presets_name, video_presets.cfg AS video_presets_cfg, video_presets.created_at AS video_presets_created_at, video_presets.updated_at AS video_presets_updated_at 
FROM video_presets ORDER BY video_presets.created_at DESC
2026-05-06 14:29:29,224 INFO sqlalchemy.engine.Engine [cached since 5.337s ago] {}
INFO:     127.0.0.1:42192 - "GET /api/v1/stories/2f846d20-9d22-4e0b-8945-a010a5a48bb8 HTTP/1.1" 200 OK
2026-05-06 14:29:29,225 INFO sqlalchemy.engine.Engine ROLLBACK
2026-05-06 14:29:29,226 INFO sqlalchemy.engine.Engine ROLLBACK
INFO:     127.0.0.1:42212 - "GET /api/v1/video-presets/ HTTP/1.1" 200 OK
INFO:     127.0.0.1:42196 - "GET /api/v1/tts/voices HTTP/1.1" 200 OK
2026-05-06 14:29:29,239 INFO sqlalchemy.engine.Engine BEGIN (implicit)
2026-05-06 14:29:29,239 INFO sqlalchemy.engine.Engine SELECT chapters.id AS chapters_id, chapters.story_id AS chapters_story_id, chapters.chapter_number AS chapters_chapter_number, chapters.title AS chapters_title, chapters.content AS chapters_content, chapters.char_count AS chapters_char_count, chapters.has_censored_words AS chapters_has_censored_words, chapters.censored_count AS chapters_censored_count, chapters.status AS chapters_status, chapters.created_at AS chapters_created_at, chapters.updated_at AS chapters_updated_at 
FROM chapters 
WHERE chapters.story_id = %(story_id_1)s ORDER BY chapters.chapter_number
2026-05-06 14:29:29,239 INFO sqlalchemy.engine.Engine [cached since 5.312s ago] {'story_id_1': '2f846d20-9d22-4e0b-8945-a010a5a48bb8'}
2026-05-06 14:29:29,243 INFO sqlalchemy.engine.Engine ROLLBACK
INFO:     127.0.0.1:42224 - "GET /api/v1/stories/2f846d20-9d22-4e0b-8945-a010a5a48bb8/chapters HTTP/1.1" 200 OK
INFO:     127.0.0.1:42232 - "GET /api/v1/video/preview-video?path=%2Fhome%2Fduoclv%2FDownloads%2Ftemp-20260506T015716Z-3-001%2Ftemp%2Frandom_50min_20260419_210319%2F0028_2023-08-05_3xite479kdjjifs_%23%E6%96%B0%E7%9F%A5%E5%88%9B%E4%BD%9C%E4%BA%BA%20%20%23%E4%B8%80%E8%B5%B7%E5%AD%A6%E7%94%BB%E7%94%BB%20%23%E9%9B%B6%E5%9F%BA%E7%A1%80%E5%AD%A6%E7%94%BB%E7%94%BB%20%40%E5%BF%AB%E6%89%8B%E7%83%AD%E7%82%B9(O3xddgkd5fav5if9)%20%40%E5%BF%AB%E6%89%8B.mp4 HTTP/1.1" 200 OK
2026-05-06 14:29:29,253 INFO sqlalchemy.engine.Engine BEGIN (implicit)
2026-05-06 14:29:29,254 INFO sqlalchemy.engine.Engine SELECT chapters.id AS chapters_id, chapters.story_id AS chapters_story_id, chapters.chapter_number AS chapters_chapter_number, chapters.title AS chapters_title, chapters.content AS chapters_content, chapters.char_count AS chapters_char_count, chapters.has_censored_words AS chapters_has_censored_words, chapters.censored_count AS chapters_censored_count, chapters.status AS chapters_status, chapters.created_at AS chapters_created_at, chapters.updated_at AS chapters_updated_at 
FROM chapters 
WHERE chapters.story_id = %(story_id_1)s
2026-05-06 14:29:29,254 INFO sqlalchemy.engine.Engine [cached since 5.3s ago] {'story_id_1': '2f846d20-9d22-4e0b-8945-a010a5a48bb8'}
2026-05-06 14:29:29,256 INFO sqlalchemy.engine.Engine ROLLBACK
INFO:     127.0.0.1:42248 - "GET /api/v1/chapters/story/2f846d20-9d22-4e0b-8945-a010a5a48bb8/stats HTTP/1.1" 200 OK
2026-05-06 14:29:29,293 INFO sqlalchemy.engine.Engine BEGIN (implicit)
2026-05-06 14:29:29,294 INFO sqlalchemy.engine.Engine SELECT merged_audio.id AS merged_audio_id, merged_audio.story_id AS merged_audio_story_id, merged_audio.file_path AS merged_audio_file_path, merged_audio.file_size AS merged_audio_file_size, merged_audio.duration AS merged_audio_duration, merged_audio.format AS merged_audio_format, merged_audio.total_chapters AS merged_audio_total_chapters, merged_audio.created_at AS merged_audio_created_at 
FROM merged_audio 
WHERE merged_audio.story_id = %(story_id_1)s ORDER BY merged_audio.created_at DESC 
 LIMIT %(param_1)s
2026-05-06 14:29:29,294 INFO sqlalchemy.engine.Engine [cached since 5.32s ago] {'story_id_1': '2f846d20-9d22-4e0b-8945-a010a5a48bb8', 'param_1': 1}
2026-05-06 14:29:29,297 INFO sqlalchemy.engine.Engine ROLLBACK
INFO:     127.0.0.1:42252 - "GET /api/v1/video/audio-path/2f846d20-9d22-4e0b-8945-a010a5a48bb8 HTTP/1.1" 200 OK
2026-05-06 14:29:29,308 INFO sqlalchemy.engine.Engine BEGIN (implicit)
2026-05-06 14:29:29,308 INFO sqlalchemy.engine.Engine SELECT video_outputs.id AS video_outputs_id, video_outputs.story_id AS video_outputs_story_id, video_outputs.audio_source_path AS video_outputs_audio_source_path, video_outputs.video_source_folder AS video_outputs_video_source_folder, video_outputs.output_path AS video_outputs_output_path, video_outputs.file_size AS video_outputs_file_size, video_outputs.duration AS video_outputs_duration, video_outputs.audio_speed AS video_outputs_audio_speed, video_outputs.transition_effect AS video_outputs_transition_effect, video_outputs.transition_duration AS video_outputs_transition_duration, video_outputs.resolution AS video_outputs_resolution, video_outputs.status AS video_outputs_status, video_outputs.error_message AS video_outputs_error_message, video_outputs.created_at AS video_outputs_created_at, video_outputs.updated_at AS video_outputs_updated_at 
FROM video_outputs 
WHERE video_outputs.story_id = %(story_id_1)s ORDER BY video_outputs.created_at DESC 
 LIMIT %(param_1)s
2026-05-06 14:29:29,308 INFO sqlalchemy.engine.Engine [cached since 5.321s ago] {'story_id_1': '2f846d20-9d22-4e0b-8945-a010a5a48bb8', 'param_1': 1}
2026-05-06 14:29:29,309 INFO sqlalchemy.engine.Engine ROLLBACK
INFO:     127.0.0.1:42262 - "GET /api/v1/video/result/2f846d20-9d22-4e0b-8945-a010a5a48bb8 HTTP/1.1" 404 Not Found
2026-05-06 14:29:29.591 | INFO     | app.services.video_processor:__init__:42 - NVENC GPU encoding available (h264_nvenc)
INFO:     127.0.0.1:42264 - "GET /api/v1/video/audio-duration?path=storage%2Faudio%2FStory_20260421_133734%2Fmerged_audio.mp3 HTTP/1.1" 200 OK
INFO:     127.0.0.1:60236 - "GET /api/v1/video/fonts HTTP/1.1" 200 OK
INFO:     127.0.0.1:60250 - "GET /api/v1/video/sample-clip?folder=%2Fhome%2Fduoclv%2FDownloads%2Ftemp-20260506T015716Z-3-001%2Ftemp%2Frandom_50min_20260419_210319 HTTP/1.1" 200 OK
2026-05-06 14:29:38,523 INFO sqlalchemy.engine.Engine BEGIN (implicit)
2026-05-06 14:29:38,523 INFO sqlalchemy.engine.Engine SELECT video_presets.id AS video_presets_id, video_presets.name AS video_presets_name, video_presets.cfg AS video_presets_cfg, video_presets.created_at AS video_presets_created_at, video_presets.updated_at AS video_presets_updated_at 
FROM video_presets ORDER BY video_presets.created_at DESC
2026-05-06 14:29:38,523 INFO sqlalchemy.engine.Engine [cached since 14.64s ago] {}
2026-05-06 14:29:38,524 INFO sqlalchemy.engine.Engine BEGIN (implicit)
2026-05-06 14:29:38,525 INFO sqlalchemy.engine.Engine SELECT voices.id AS voices_id, voices.code AS voices_code, voices.name AS voices_name, voices.gender AS voices_gender, voices.locale AS voices_locale, voices.category AS voices_category, voices.description AS voices_description, voices.demo_url AS voices_demo_url, voices.is_active AS voices_is_active, voices.`rank` AS voices_rank, voices.created_at AS voices_created_at 
FROM voices 
WHERE voices.is_active = true ORDER BY voices.`rank`
2026-05-06 14:29:38,525 INFO sqlalchemy.engine.Engine [cached since 14.65s ago] {}
2026-05-06 14:29:38.526 | INFO     | app.api.tts:list_voices:87 - Retrieved 14 voices from database
2026-05-06 14:29:38,527 INFO sqlalchemy.engine.Engine BEGIN (implicit)
2026-05-06 14:29:38,527 INFO sqlalchemy.engine.Engine SELECT stories.id AS stories_id, stories.title AS stories_title, stories.url AS stories_url, stories.author AS stories_author, stories.total_chapters AS stories_total_chapters, stories.start_chapter AS stories_start_chapter, stories.end_chapter AS stories_end_chapter, stories.custom_chapter_urls AS stories_custom_chapter_urls, stories.status AS stories_status, stories.current_step AS stories_current_step, stories.is_favorite AS stories_is_favorite, stories.merged_content AS stories_merged_content, stories.created_at AS stories_created_at, stories.updated_at AS stories_updated_at 
FROM stories 
WHERE stories.id = %(id_1)s 
 LIMIT %(param_1)s
2026-05-06 14:29:38,527 INFO sqlalchemy.engine.Engine [cached since 14.67s ago] {'id_1': '2f846d20-9d22-4e0b-8945-a010a5a48bb8', 'param_1': 1}
2026-05-06 14:29:38,528 INFO sqlalchemy.engine.Engine ROLLBACK
2026-05-06 14:29:38,529 INFO sqlalchemy.engine.Engine ROLLBACK
2026-05-06 14:29:38,529 INFO sqlalchemy.engine.Engine ROLLBACK
INFO:     127.0.0.1:60264 - "GET /api/v1/stories/2f846d20-9d22-4e0b-8945-a010a5a48bb8 HTTP/1.1" 200 OK
INFO:     127.0.0.1:60274 - "GET /api/v1/tts/voices HTTP/1.1" 200 OK
INFO:     127.0.0.1:60290 - "GET /api/v1/video-presets/ HTTP/1.1" 200 OK
2026-05-06 14:29:38,542 INFO sqlalchemy.engine.Engine BEGIN (implicit)
2026-05-06 14:29:38,542 INFO sqlalchemy.engine.Engine SELECT chapters.id AS chapters_id, chapters.story_id AS chapters_story_id, chapters.chapter_number AS chapters_chapter_number, chapters.title AS chapters_title, chapters.content AS chapters_content, chapters.char_count AS chapters_char_count, chapters.has_censored_words AS chapters_has_censored_words, chapters.censored_count AS chapters_censored_count, chapters.status AS chapters_status, chapters.created_at AS chapters_created_at, chapters.updated_at AS chapters_updated_at 
FROM chapters 
WHERE chapters.story_id = %(story_id_1)s ORDER BY chapters.chapter_number
2026-05-06 14:29:38,542 INFO sqlalchemy.engine.Engine [cached since 14.62s ago] {'story_id_1': '2f846d20-9d22-4e0b-8945-a010a5a48bb8'}
2026-05-06 14:29:38,545 INFO sqlalchemy.engine.Engine ROLLBACK
INFO:     127.0.0.1:60304 - "GET /api/v1/stories/2f846d20-9d22-4e0b-8945-a010a5a48bb8/chapters HTTP/1.1" 200 OK
INFO:     127.0.0.1:60320 - "GET /api/v1/video/preview-video?path=%2Fhome%2Fduoclv%2FDownloads%2Ftemp-20260506T015716Z-3-001%2Ftemp%2Frandom_50min_20260419_210319%2F0107_2022-02-10_3x7inz2kwnjwd96_%E5%85%83%E5%AE%B5%E8%8A%82%E6%89%8B%E6%8A%84%E6%8A%A5%E6%9D%A5%E4%BA%86%EF%BC%8C%E5%B0%BA%E5%AD%90%E7%94%BB%E6%9B%B4%E7%AE%80%E5%8D%95%E5%91%A6%EF%BC%8C%E5%96%9C%E6%AC%A2%E6%94%B6%E8%97%8F%E5%A4%87%E7%94%A8%E5%90%A7%E2%9D%A4%EF%B8%8F%23%E9%9B%86%E7%BB%93%E5%90%A7%E5%85%89%E5%90%88%E5%88%9B%E4%BD%9C%E8%80%85%20%23%E6%89%8B%E6%8A%84%E6%8A%A5%20%23%E5%A4%9A%E5%8A%9F%E8%83%BD%E7%BB%98%E5%9B%BE%E5%B0%BA.mp4 HTTP/1.1" 200 OK
2026-05-06 14:29:38,553 INFO sqlalchemy.engine.Engine BEGIN (implicit)
2026-05-06 14:29:38,553 INFO sqlalchemy.engine.Engine SELECT chapters.id AS chapters_id, chapters.story_id AS chapters_story_id, chapters.chapter_number AS chapters_chapter_number, chapters.title AS chapters_title, chapters.content AS chapters_content, chapters.char_count AS chapters_char_count, chapters.has_censored_words AS chapters_has_censored_words, chapters.censored_count AS chapters_censored_count, chapters.status AS chapters_status, chapters.created_at AS chapters_created_at, chapters.updated_at AS chapters_updated_at 
FROM chapters 
WHERE chapters.story_id = %(story_id_1)s
2026-05-06 14:29:38,553 INFO sqlalchemy.engine.Engine [cached since 14.6s ago] {'story_id_1': '2f846d20-9d22-4e0b-8945-a010a5a48bb8'}
2026-05-06 14:29:38,555 INFO sqlalchemy.engine.Engine ROLLBACK
INFO:     127.0.0.1:60324 - "GET /api/v1/chapters/story/2f846d20-9d22-4e0b-8945-a010a5a48bb8/stats HTTP/1.1" 200 OK
2026-05-06 14:29:38,571 INFO sqlalchemy.engine.Engine BEGIN (implicit)
2026-05-06 14:29:38,571 INFO sqlalchemy.engine.Engine SELECT merged_audio.id AS merged_audio_id, merged_audio.story_id AS merged_audio_story_id, merged_audio.file_path AS merged_audio_file_path, merged_audio.file_size AS merged_audio_file_size, merged_audio.duration AS merged_audio_duration, merged_audio.format AS merged_audio_format, merged_audio.total_chapters AS merged_audio_total_chapters, merged_audio.created_at AS merged_audio_created_at 
FROM merged_audio 
WHERE merged_audio.story_id = %(story_id_1)s ORDER BY merged_audio.created_at DESC 
 LIMIT %(param_1)s
2026-05-06 14:29:38,571 INFO sqlalchemy.engine.Engine [cached since 14.6s ago] {'story_id_1': '2f846d20-9d22-4e0b-8945-a010a5a48bb8', 'param_1': 1}
2026-05-06 14:29:38,574 INFO sqlalchemy.engine.Engine ROLLBACK
INFO:     127.0.0.1:60326 - "GET /api/v1/video/audio-path/2f846d20-9d22-4e0b-8945-a010a5a48bb8 HTTP/1.1" 200 OK
2026-05-06 14:29:38,590 INFO sqlalchemy.engine.Engine BEGIN (implicit)
2026-05-06 14:29:38,590 INFO sqlalchemy.engine.Engine SELECT video_outputs.id AS video_outputs_id, video_outputs.story_id AS video_outputs_story_id, video_outputs.audio_source_path AS video_outputs_audio_source_path, video_outputs.video_source_folder AS video_outputs_video_source_folder, video_outputs.output_path AS video_outputs_output_path, video_outputs.file_size AS video_outputs_file_size, video_outputs.duration AS video_outputs_duration, video_outputs.audio_speed AS video_outputs_audio_speed, video_outputs.transition_effect AS video_outputs_transition_effect, video_outputs.transition_duration AS video_outputs_transition_duration, video_outputs.resolution AS video_outputs_resolution, video_outputs.status AS video_outputs_status, video_outputs.error_message AS video_outputs_error_message, video_outputs.created_at AS video_outputs_created_at, video_outputs.updated_at AS video_outputs_updated_at 
FROM video_outputs 
WHERE video_outputs.story_id = %(story_id_1)s ORDER BY video_outputs.created_at DESC 
 LIMIT %(param_1)s
2026-05-06 14:29:38,590 INFO sqlalchemy.engine.Engine [cached since 14.6s ago] {'story_id_1': '2f846d20-9d22-4e0b-8945-a010a5a48bb8', 'param_1': 1}
2026-05-06 14:29:38,591 INFO sqlalchemy.engine.Engine ROLLBACK
INFO:     127.0.0.1:60338 - "GET /api/v1/video/result/2f846d20-9d22-4e0b-8945-a010a5a48bb8 HTTP/1.1" 404 Not Found
2026-05-06 14:29:38.900 | INFO     | app.services.video_processor:__init__:42 - NVENC GPU encoding available (h264_nvenc)
INFO:     127.0.0.1:60352 - "GET /api/v1/video/audio-duration?path=storage%2Faudio%2FStory_20260421_133734%2Fmerged_audio.mp3 HTTP/1.1" 200 OK
INFO:     127.0.0.1:60364 - "GET /api/v1/video/fonts HTTP/1.1" 200 OK
INFO:     127.0.0.1:60372 - "GET /api/v1/video/sample-clip?folder=%2Fhome%2Fduoclv%2FDownloads%2Ftemp-20260506T015716Z-3-001%2Ftemp%2Frandom_50min_20260419_210319 HTTP/1.1" 200 OK
2026-05-06 14:29:46,133 INFO sqlalchemy.engine.Engine BEGIN (implicit)
2026-05-06 14:29:46,133 INFO sqlalchemy.engine.Engine SELECT voices.id AS voices_id, voices.code AS voices_code, voices.name AS voices_name, voices.gender AS voices_gender, voices.locale AS voices_locale, voices.category AS voices_category, voices.description AS voices_description, voices.demo_url AS voices_demo_url, voices.is_active AS voices_is_active, voices.`rank` AS voices_rank, voices.created_at AS voices_created_at 
FROM voices 
WHERE voices.is_active = true ORDER BY voices.`rank`
2026-05-06 14:29:46,133 INFO sqlalchemy.engine.Engine [cached since 22.26s ago] {}
2026-05-06 14:29:46.135 | INFO     | app.api.tts:list_voices:87 - Retrieved 14 voices from database
2026-05-06 14:29:46,136 INFO sqlalchemy.engine.Engine BEGIN (implicit)
2026-05-06 14:29:46,136 INFO sqlalchemy.engine.Engine SELECT video_presets.id AS video_presets_id, video_presets.name AS video_presets_name, video_presets.cfg AS video_presets_cfg, video_presets.created_at AS video_presets_created_at, video_presets.updated_at AS video_presets_updated_at 
FROM video_presets ORDER BY video_presets.created_at DESC
2026-05-06 14:29:46,136 INFO sqlalchemy.engine.Engine [cached since 22.25s ago] {}
2026-05-06 14:29:46,137 INFO sqlalchemy.engine.Engine BEGIN (implicit)
2026-05-06 14:29:46,137 INFO sqlalchemy.engine.Engine SELECT stories.id AS stories_id, stories.title AS stories_title, stories.url AS stories_url, stories.author AS stories_author, stories.total_chapters AS stories_total_chapters, stories.start_chapter AS stories_start_chapter, stories.end_chapter AS stories_end_chapter, stories.custom_chapter_urls AS stories_custom_chapter_urls, stories.status AS stories_status, stories.current_step AS stories_current_step, stories.is_favorite AS stories_is_favorite, stories.merged_content AS stories_merged_content, stories.created_at AS stories_created_at, stories.updated_at AS stories_updated_at 
FROM stories 
WHERE stories.id = %(id_1)s 
 LIMIT %(param_1)s
2026-05-06 14:29:46,137 INFO sqlalchemy.engine.Engine [cached since 22.28s ago] {'id_1': '2f846d20-9d22-4e0b-8945-a010a5a48bb8', 'param_1': 1}
2026-05-06 14:29:46,139 INFO sqlalchemy.engine.Engine ROLLBACK
2026-05-06 14:29:46,139 INFO sqlalchemy.engine.Engine ROLLBACK
2026-05-06 14:29:46,139 INFO sqlalchemy.engine.Engine ROLLBACK
INFO:     127.0.0.1:60388 - "GET /api/v1/tts/voices HTTP/1.1" 200 OK
INFO:     127.0.0.1:60390 - "GET /api/v1/video-presets/ HTTP/1.1" 200 OK
INFO:     127.0.0.1:60374 - "GET /api/v1/stories/2f846d20-9d22-4e0b-8945-a010a5a48bb8 HTTP/1.1" 200 OK
2026-05-06 14:29:46,159 INFO sqlalchemy.engine.Engine BEGIN (implicit)
2026-05-06 14:29:46,159 INFO sqlalchemy.engine.Engine SELECT chapters.id AS chapters_id, chapters.story_id AS chapters_story_id, chapters.chapter_number AS chapters_chapter_number, chapters.title AS chapters_title, chapters.content AS chapters_content, chapters.char_count AS chapters_char_count, chapters.has_censored_words AS chapters_has_censored_words, chapters.censored_count AS chapters_censored_count, chapters.status AS chapters_status, chapters.created_at AS chapters_created_at, chapters.updated_at AS chapters_updated_at 
FROM chapters 
WHERE chapters.story_id = %(story_id_1)s ORDER BY chapters.chapter_number
2026-05-06 14:29:46,159 INFO sqlalchemy.engine.Engine [cached since 22.23s ago] {'story_id_1': '2f846d20-9d22-4e0b-8945-a010a5a48bb8'}
2026-05-06 14:29:46,166 INFO sqlalchemy.engine.Engine ROLLBACK
INFO:     127.0.0.1:60392 - "GET /api/v1/stories/2f846d20-9d22-4e0b-8945-a010a5a48bb8/chapters HTTP/1.1" 200 OK
INFO:     127.0.0.1:60398 - "GET /api/v1/video/preview-video?path=%2Fhome%2Fduoclv%2FDownloads%2Ftemp-20260506T015716Z-3-001%2Ftemp%2Frandom_50min_20260419_210319%2F0102_2021-10-11_3xufwvuys3h6iym_%23%E7%AE%80%E7%AC%94%E7%94%BB%20%23%E7%AE%80%E7%AC%94%E7%94%BB%E6%95%99%E7%A8%8B%20%23%E5%B9%BC%E5%84%BF%E7%AE%80%E7%AC%94%E7%94%BB.mp4 HTTP/1.1" 200 OK
2026-05-06 14:29:46,193 INFO sqlalchemy.engine.Engine BEGIN (implicit)
2026-05-06 14:29:46,193 INFO sqlalchemy.engine.Engine SELECT chapters.id AS chapters_id, chapters.story_id AS chapters_story_id, chapters.chapter_number AS chapters_chapter_number, chapters.title AS chapters_title, chapters.content AS chapters_content, chapters.char_count AS chapters_char_count, chapters.has_censored_words AS chapters_has_censored_words, chapters.censored_count AS chapters_censored_count, chapters.status AS chapters_status, chapters.created_at AS chapters_created_at, chapters.updated_at AS chapters_updated_at 
FROM chapters 
WHERE chapters.story_id = %(story_id_1)s
2026-05-06 14:29:46,193 INFO sqlalchemy.engine.Engine [cached since 22.24s ago] {'story_id_1': '2f846d20-9d22-4e0b-8945-a010a5a48bb8'}
2026-05-06 14:29:46,197 INFO sqlalchemy.engine.Engine ROLLBACK
INFO:     127.0.0.1:60414 - "GET /api/v1/chapters/story/2f846d20-9d22-4e0b-8945-a010a5a48bb8/stats HTTP/1.1" 200 OK
2026-05-06 14:29:46,212 INFO sqlalchemy.engine.Engine BEGIN (implicit)
2026-05-06 14:29:46,212 INFO sqlalchemy.engine.Engine SELECT merged_audio.id AS merged_audio_id, merged_audio.story_id AS merged_audio_story_id, merged_audio.file_path AS merged_audio_file_path, merged_audio.file_size AS merged_audio_file_size, merged_audio.duration AS merged_audio_duration, merged_audio.format AS merged_audio_format, merged_audio.total_chapters AS merged_audio_total_chapters, merged_audio.created_at AS merged_audio_created_at 
FROM merged_audio 
WHERE merged_audio.story_id = %(story_id_1)s ORDER BY merged_audio.created_at DESC 
 LIMIT %(param_1)s
2026-05-06 14:29:46,213 INFO sqlalchemy.engine.Engine [cached since 22.24s ago] {'story_id_1': '2f846d20-9d22-4e0b-8945-a010a5a48bb8', 'param_1': 1}
2026-05-06 14:29:46,216 INFO sqlalchemy.engine.Engine ROLLBACK
INFO:     127.0.0.1:60426 - "GET /api/v1/video/audio-path/2f846d20-9d22-4e0b-8945-a010a5a48bb8 HTTP/1.1" 200 OK
2026-05-06 14:29:46,236 INFO sqlalchemy.engine.Engine BEGIN (implicit)
2026-05-06 14:29:46,237 INFO sqlalchemy.engine.Engine SELECT video_outputs.id AS video_outputs_id, video_outputs.story_id AS video_outputs_story_id, video_outputs.audio_source_path AS video_outputs_audio_source_path, video_outputs.video_source_folder AS video_outputs_video_source_folder, video_outputs.output_path AS video_outputs_output_path, video_outputs.file_size AS video_outputs_file_size, video_outputs.duration AS video_outputs_duration, video_outputs.audio_speed AS video_outputs_audio_speed, video_outputs.transition_effect AS video_outputs_transition_effect, video_outputs.transition_duration AS video_outputs_transition_duration, video_outputs.resolution AS video_outputs_resolution, video_outputs.status AS video_outputs_status, video_outputs.error_message AS video_outputs_error_message, video_outputs.created_at AS video_outputs_created_at, video_outputs.updated_at AS video_outputs_updated_at 
FROM video_outputs 
WHERE video_outputs.story_id = %(story_id_1)s ORDER BY video_outputs.created_at DESC 
 LIMIT %(param_1)s
2026-05-06 14:29:46,237 INFO sqlalchemy.engine.Engine [cached since 22.25s ago] {'story_id_1': '2f846d20-9d22-4e0b-8945-a010a5a48bb8', 'param_1': 1}
2026-05-06 14:29:46,238 INFO sqlalchemy.engine.Engine ROLLBACK
INFO:     127.0.0.1:60428 - "GET /api/v1/video/result/2f846d20-9d22-4e0b-8945-a010a5a48bb8 HTTP/1.1" 404 Not Found
2026-05-06 14:29:46.503 | INFO     | app.services.video_processor:__init__:42 - NVENC GPU encoding available (h264_nvenc)
INFO:     127.0.0.1:60434 - "GET /api/v1/video/audio-duration?path=storage%2Faudio%2FStory_20260421_133734%2Fmerged_audio.mp3 HTTP/1.1" 200 OK
2026-05-06 14:29:59,471 INFO sqlalchemy.engine.Engine BEGIN (implicit)
2026-05-06 14:29:59,472 INFO sqlalchemy.engine.Engine INSERT INTO video_presets (id, name, cfg) VALUES (%(id)s, %(name)s, %(cfg)s)
2026-05-06 14:29:59,472 INFO sqlalchemy.engine.Engine [generated in 0.00019s] {'id': 'cb098c01-2884-4ed5-b5ff-c1e81bbb4f8b', 'name': 't1', 'cfg': '{"audio_speed": 1.07, "transitions_pool": ["fade", "crossfade", "slideleft", "fadeblack", "fadewhite", "smoothright", "distance", "hblur", "pixelize" ... (383 characters truncated) ... : -23, "watermark_text_x": 0.484670428409964, "watermark_text_y": 0.7355323896595602, "watermark_text_opacity": 0.6, "fade_in": 2.1, "fade_out": 1.6}'}
2026-05-06 14:29:59,473 INFO sqlalchemy.engine.Engine COMMIT
2026-05-06 14:29:59,478 INFO sqlalchemy.engine.Engine BEGIN (implicit)
2026-05-06 14:29:59,479 INFO sqlalchemy.engine.Engine SELECT video_presets.id, video_presets.name, video_presets.cfg, video_presets.created_at, video_presets.updated_at 
FROM video_presets 
WHERE video_presets.id = %(pk_1)s
2026-05-06 14:29:59,479 INFO sqlalchemy.engine.Engine [generated in 0.00011s] {'pk_1': 'cb098c01-2884-4ed5-b5ff-c1e81bbb4f8b'}
2026-05-06 14:29:59.479 | INFO     | app.api.video_presets:create_preset:36 - Created video preset: cb098c01-2884-4ed5-b5ff-c1e81bbb4f8b (t1)
2026-05-06 14:29:59,480 INFO sqlalchemy.engine.Engine ROLLBACK
INFO:     127.0.0.1:58210 - "POST /api/v1/video-presets/ HTTP/1.1" 200 OK
INFO:     127.0.0.1:58212 - "GET /api/v1/video/fonts HTTP/1.1" 200 OK
INFO:     127.0.0.1:58214 - "GET /api/v1/video/sample-clip?folder=%2Fhome%2Fduoclv%2FDownloads%2Ftemp-20260506T015716Z-3-001%2Ftemp%2Frandom_50min_20260419_210319 HTTP/1.1" 200 OK
2026-05-06 14:30:04,815 INFO sqlalchemy.engine.Engine BEGIN (implicit)
2026-05-06 14:30:04,816 INFO sqlalchemy.engine.Engine SELECT stories.id AS stories_id, stories.title AS stories_title, stories.url AS stories_url, stories.author AS stories_author, stories.total_chapters AS stories_total_chapters, stories.start_chapter AS stories_start_chapter, stories.end_chapter AS stories_end_chapter, stories.custom_chapter_urls AS stories_custom_chapter_urls, stories.status AS stories_status, stories.current_step AS stories_current_step, stories.is_favorite AS stories_is_favorite, stories.merged_content AS stories_merged_content, stories.created_at AS stories_created_at, stories.updated_at AS stories_updated_at 
FROM stories 
WHERE stories.id = %(id_1)s 
 LIMIT %(param_1)s
2026-05-06 14:30:04,816 INFO sqlalchemy.engine.Engine [cached since 40.96s ago] {'id_1': '2f846d20-9d22-4e0b-8945-a010a5a48bb8', 'param_1': 1}
2026-05-06 14:30:04,818 INFO sqlalchemy.engine.Engine ROLLBACK
2026-05-06 14:30:04,820 INFO sqlalchemy.engine.Engine BEGIN (implicit)
2026-05-06 14:30:04,820 INFO sqlalchemy.engine.Engine SELECT voices.id AS voices_id, voices.code AS voices_code, voices.name AS voices_name, voices.gender AS voices_gender, voices.locale AS voices_locale, voices.category AS voices_category, voices.description AS voices_description, voices.demo_url AS voices_demo_url, voices.is_active AS voices_is_active, voices.`rank` AS voices_rank, voices.created_at AS voices_created_at 
FROM voices 
WHERE voices.is_active = true ORDER BY voices.`rank`
2026-05-06 14:30:04,820 INFO sqlalchemy.engine.Engine [cached since 40.95s ago] {}
2026-05-06 14:30:04.821 | INFO     | app.api.tts:list_voices:87 - Retrieved 14 voices from database
2026-05-06 14:30:04,822 INFO sqlalchemy.engine.Engine BEGIN (implicit)
2026-05-06 14:30:04,822 INFO sqlalchemy.engine.Engine SELECT video_presets.id AS video_presets_id, video_presets.name AS video_presets_name, video_presets.cfg AS video_presets_cfg, video_presets.created_at AS video_presets_created_at, video_presets.updated_at AS video_presets_updated_at 
FROM video_presets ORDER BY video_presets.created_at DESC
2026-05-06 14:30:04,822 INFO sqlalchemy.engine.Engine [cached since 40.94s ago] {}
INFO:     127.0.0.1:58228 - "GET /api/v1/stories/2f846d20-9d22-4e0b-8945-a010a5a48bb8 HTTP/1.1" 200 OK
2026-05-06 14:30:04,824 INFO sqlalchemy.engine.Engine ROLLBACK
2026-05-06 14:30:04,824 INFO sqlalchemy.engine.Engine ROLLBACK
INFO:     127.0.0.1:58238 - "GET /api/v1/tts/voices HTTP/1.1" 200 OK
INFO:     127.0.0.1:58254 - "GET /api/v1/video-presets/ HTTP/1.1" 200 OK
2026-05-06 14:30:04,840 INFO sqlalchemy.engine.Engine BEGIN (implicit)
2026-05-06 14:30:04,840 INFO sqlalchemy.engine.Engine SELECT chapters.id AS chapters_id, chapters.story_id AS chapters_story_id, chapters.chapter_number AS chapters_chapter_number, chapters.title AS chapters_title, chapters.content AS chapters_content, chapters.char_count AS chapters_char_count, chapters.has_censored_words AS chapters_has_censored_words, chapters.censored_count AS chapters_censored_count, chapters.status AS chapters_status, chapters.created_at AS chapters_created_at, chapters.updated_at AS chapters_updated_at 
FROM chapters 
WHERE chapters.story_id = %(story_id_1)s ORDER BY chapters.chapter_number
2026-05-06 14:30:04,840 INFO sqlalchemy.engine.Engine [cached since 40.91s ago] {'story_id_1': '2f846d20-9d22-4e0b-8945-a010a5a48bb8'}
2026-05-06 14:30:04,845 INFO sqlalchemy.engine.Engine ROLLBACK
INFO:     127.0.0.1:58272 - "GET /api/v1/video/preview-video?path=%2Fhome%2Fduoclv%2FDownloads%2Ftemp-20260506T015716Z-3-001%2Ftemp%2Frandom_50min_20260419_210319%2F0060_2023-07-23_3x6tmrbwhu49bes_%23%E6%96%B0%E7%9F%A5%E5%88%9B%E4%BD%9C%E4%BA%BA%20%20%23%E4%B8%80%E8%B5%B7%E5%AD%A6%E7%94%BB%E7%94%BB%20%23%E9%9B%B6%E5%9F%BA%E7%A1%80%E5%AD%A6%E7%94%BB%E7%94%BB%20%40%E5%BF%AB%E6%89%8B%E7%83%AD%E7%82%B9(O3xddgkd5fav5if9)%20%40%E5%BF%AB%E6%89%8B.mp4 HTTP/1.1" 200 OK
INFO:     127.0.0.1:58256 - "GET /api/v1/stories/2f846d20-9d22-4e0b-8945-a010a5a48bb8/chapters HTTP/1.1" 200 OK
2026-05-06 14:30:04,856 INFO sqlalchemy.engine.Engine BEGIN (implicit)
2026-05-06 14:30:04,857 INFO sqlalchemy.engine.Engine SELECT chapters.id AS chapters_id, chapters.story_id AS chapters_story_id, chapters.chapter_number AS chapters_chapter_number, chapters.title AS chapters_title, chapters.content AS chapters_content, chapters.char_count AS chapters_char_count, chapters.has_censored_words AS chapters_has_censored_words, chapters.censored_count AS chapters_censored_count, chapters.status AS chapters_status, chapters.created_at AS chapters_created_at, chapters.updated_at AS chapters_updated_at 
FROM chapters 
WHERE chapters.story_id = %(story_id_1)s
2026-05-06 14:30:04,857 INFO sqlalchemy.engine.Engine [cached since 40.9s ago] {'story_id_1': '2f846d20-9d22-4e0b-8945-a010a5a48bb8'}
2026-05-06 14:30:04,859 INFO sqlalchemy.engine.Engine ROLLBACK
INFO:     127.0.0.1:58278 - "GET /api/v1/chapters/story/2f846d20-9d22-4e0b-8945-a010a5a48bb8/stats HTTP/1.1" 200 OK
2026-05-06 14:30:04,871 INFO sqlalchemy.engine.Engine BEGIN (implicit)
2026-05-06 14:30:04,871 INFO sqlalchemy.engine.Engine SELECT merged_audio.id AS merged_audio_id, merged_audio.story_id AS merged_audio_story_id, merged_audio.file_path AS merged_audio_file_path, merged_audio.file_size AS merged_audio_file_size, merged_audio.duration AS merged_audio_duration, merged_audio.format AS merged_audio_format, merged_audio.total_chapters AS merged_audio_total_chapters, merged_audio.created_at AS merged_audio_created_at 
FROM merged_audio 
WHERE merged_audio.story_id = %(story_id_1)s ORDER BY merged_audio.created_at DESC 
 LIMIT %(param_1)s
2026-05-06 14:30:04,871 INFO sqlalchemy.engine.Engine [cached since 40.9s ago] {'story_id_1': '2f846d20-9d22-4e0b-8945-a010a5a48bb8', 'param_1': 1}
2026-05-06 14:30:04,872 INFO sqlalchemy.engine.Engine ROLLBACK
INFO:     127.0.0.1:58292 - "GET /api/v1/video/audio-path/2f846d20-9d22-4e0b-8945-a010a5a48bb8 HTTP/1.1" 200 OK
2026-05-06 14:30:04,885 INFO sqlalchemy.engine.Engine BEGIN (implicit)
2026-05-06 14:30:04,885 INFO sqlalchemy.engine.Engine SELECT video_outputs.id AS video_outputs_id, video_outputs.story_id AS video_outputs_story_id, video_outputs.audio_source_path AS video_outputs_audio_source_path, video_outputs.video_source_folder AS video_outputs_video_source_folder, video_outputs.output_path AS video_outputs_output_path, video_outputs.file_size AS video_outputs_file_size, video_outputs.duration AS video_outputs_duration, video_outputs.audio_speed AS video_outputs_audio_speed, video_outputs.transition_effect AS video_outputs_transition_effect, video_outputs.transition_duration AS video_outputs_transition_duration, video_outputs.resolution AS video_outputs_resolution, video_outputs.status AS video_outputs_status, video_outputs.error_message AS video_outputs_error_message, video_outputs.created_at AS video_outputs_created_at, video_outputs.updated_at AS video_outputs_updated_at 
FROM video_outputs 
WHERE video_outputs.story_id = %(story_id_1)s ORDER BY video_outputs.created_at DESC 
 LIMIT %(param_1)s
2026-05-06 14:30:04,886 INFO sqlalchemy.engine.Engine [cached since 40.9s ago] {'story_id_1': '2f846d20-9d22-4e0b-8945-a010a5a48bb8', 'param_1': 1}
2026-05-06 14:30:04,888 INFO sqlalchemy.engine.Engine ROLLBACK
INFO:     127.0.0.1:58300 - "GET /api/v1/video/result/2f846d20-9d22-4e0b-8945-a010a5a48bb8 HTTP/1.1" 404 Not Found
2026-05-06 14:30:05.187 | INFO     | app.services.video_processor:__init__:42 - NVENC GPU encoding available (h264_nvenc)
INFO:     127.0.0.1:58316 - "GET /api/v1/video/audio-duration?path=storage%2Faudio%2FStory_20260421_133734%2Fmerged_audio.mp3 HTTP/1.1" 200 OK
INFO:     127.0.0.1:39274 - "GET /api/v1/video/fonts HTTP/1.1" 200 OK
INFO:     127.0.0.1:39290 - "GET /api/v1/video/sample-clip?folder=%2Fhome%2Fduoclv%2FDownloads%2Ftemp-20260506T015716Z-3-001%2Ftemp%2Frandom_50min_20260419_210319 HTTP/1.1" 200 OK
2026-05-06 14:30:23,207 INFO sqlalchemy.engine.Engine BEGIN (implicit)
2026-05-06 14:30:23,207 INFO sqlalchemy.engine.Engine SELECT stories.id AS stories_id, stories.title AS stories_title, stories.url AS stories_url, stories.author AS stories_author, stories.total_chapters AS stories_total_chapters, stories.start_chapter AS stories_start_chapter, stories.end_chapter AS stories_end_chapter, stories.custom_chapter_urls AS stories_custom_chapter_urls, stories.status AS stories_status, stories.current_step AS stories_current_step, stories.is_favorite AS stories_is_favorite, stories.merged_content AS stories_merged_content, stories.created_at AS stories_created_at, stories.updated_at AS stories_updated_at 
FROM stories 
WHERE stories.id = %(id_1)s 
 LIMIT %(param_1)s
2026-05-06 14:30:23,207 INFO sqlalchemy.engine.Engine [cached since 59.35s ago] {'id_1': '2f846d20-9d22-4e0b-8945-a010a5a48bb8', 'param_1': 1}
2026-05-06 14:30:23,211 INFO sqlalchemy.engine.Engine ROLLBACK
INFO:     127.0.0.1:39294 - "GET /api/v1/stories/2f846d20-9d22-4e0b-8945-a010a5a48bb8 HTTP/1.1" 200 OK
2026-05-06 14:30:23,216 INFO sqlalchemy.engine.Engine BEGIN (implicit)
2026-05-06 14:30:23,216 INFO sqlalchemy.engine.Engine SELECT video_presets.id AS video_presets_id, video_presets.name AS video_presets_name, video_presets.cfg AS video_presets_cfg, video_presets.created_at AS video_presets_created_at, video_presets.updated_at AS video_presets_updated_at 
FROM video_presets ORDER BY video_presets.created_at DESC
2026-05-06 14:30:23,216 INFO sqlalchemy.engine.Engine [cached since 59.33s ago] {}
2026-05-06 14:30:23,221 INFO sqlalchemy.engine.Engine BEGIN (implicit)
2026-05-06 14:30:23,221 INFO sqlalchemy.engine.Engine SELECT voices.id AS voices_id, voices.code AS voices_code, voices.name AS voices_name, voices.gender AS voices_gender, voices.locale AS voices_locale, voices.category AS voices_category, voices.description AS voices_description, voices.demo_url AS voices_demo_url, voices.is_active AS voices_is_active, voices.`rank` AS voices_rank, voices.created_at AS voices_created_at 
FROM voices 
WHERE voices.is_active = true ORDER BY voices.`rank`
2026-05-06 14:30:23,221 INFO sqlalchemy.engine.Engine [cached since 59.35s ago] {}
2026-05-06 14:30:23.223 | INFO     | app.api.tts:list_voices:87 - Retrieved 14 voices from database
2026-05-06 14:30:23,224 INFO sqlalchemy.engine.Engine ROLLBACK
2026-05-06 14:30:23,228 INFO sqlalchemy.engine.Engine ROLLBACK
INFO:     127.0.0.1:39308 - "GET /api/v1/tts/voices HTTP/1.1" 200 OK
INFO:     127.0.0.1:39316 - "GET /api/v1/video-presets/ HTTP/1.1" 200 OK
2026-05-06 14:30:23,237 INFO sqlalchemy.engine.Engine BEGIN (implicit)
2026-05-06 14:30:23,237 INFO sqlalchemy.engine.Engine SELECT chapters.id AS chapters_id, chapters.story_id AS chapters_story_id, chapters.chapter_number AS chapters_chapter_number, chapters.title AS chapters_title, chapters.content AS chapters_content, chapters.char_count AS chapters_char_count, chapters.has_censored_words AS chapters_has_censored_words, chapters.censored_count AS chapters_censored_count, chapters.status AS chapters_status, chapters.created_at AS chapters_created_at, chapters.updated_at AS chapters_updated_at 
FROM chapters 
WHERE chapters.story_id = %(story_id_1)s ORDER BY chapters.chapter_number
2026-05-06 14:30:23,238 INFO sqlalchemy.engine.Engine [cached since 59.31s ago] {'story_id_1': '2f846d20-9d22-4e0b-8945-a010a5a48bb8'}
2026-05-06 14:30:23,242 INFO sqlalchemy.engine.Engine ROLLBACK
INFO:     127.0.0.1:39322 - "GET /api/v1/stories/2f846d20-9d22-4e0b-8945-a010a5a48bb8/chapters HTTP/1.1" 200 OK
2026-05-06 14:30:23,272 INFO sqlalchemy.engine.Engine BEGIN (implicit)
2026-05-06 14:30:23,272 INFO sqlalchemy.engine.Engine SELECT chapters.id AS chapters_id, chapters.story_id AS chapters_story_id, chapters.chapter_number AS chapters_chapter_number, chapters.title AS chapters_title, chapters.content AS chapters_content, chapters.char_count AS chapters_char_count, chapters.has_censored_words AS chapters_has_censored_words, chapters.censored_count AS chapters_censored_count, chapters.status AS chapters_status, chapters.created_at AS chapters_created_at, chapters.updated_at AS chapters_updated_at 
FROM chapters 
WHERE chapters.story_id = %(story_id_1)s
2026-05-06 14:30:23,272 INFO sqlalchemy.engine.Engine [cached since 59.32s ago] {'story_id_1': '2f846d20-9d22-4e0b-8945-a010a5a48bb8'}
2026-05-06 14:30:23,274 INFO sqlalchemy.engine.Engine ROLLBACK
INFO:     127.0.0.1:39334 - "GET /api/v1/chapters/story/2f846d20-9d22-4e0b-8945-a010a5a48bb8/stats HTTP/1.1" 200 OK
2026-05-06 14:30:23,283 INFO sqlalchemy.engine.Engine BEGIN (implicit)
2026-05-06 14:30:23,284 INFO sqlalchemy.engine.Engine SELECT merged_audio.id AS merged_audio_id, merged_audio.story_id AS merged_audio_story_id, merged_audio.file_path AS merged_audio_file_path, merged_audio.file_size AS merged_audio_file_size, merged_audio.duration AS merged_audio_duration, merged_audio.format AS merged_audio_format, merged_audio.total_chapters AS merged_audio_total_chapters, merged_audio.created_at AS merged_audio_created_at 
FROM merged_audio 
WHERE merged_audio.story_id = %(story_id_1)s ORDER BY merged_audio.created_at DESC 
 LIMIT %(param_1)s
2026-05-06 14:30:23,284 INFO sqlalchemy.engine.Engine [cached since 59.31s ago] {'story_id_1': '2f846d20-9d22-4e0b-8945-a010a5a48bb8', 'param_1': 1}
2026-05-06 14:30:23,286 INFO sqlalchemy.engine.Engine ROLLBACK
INFO:     127.0.0.1:39340 - "GET /api/v1/video/audio-path/2f846d20-9d22-4e0b-8945-a010a5a48bb8 HTTP/1.1" 200 OK
2026-05-06 14:30:23,315 INFO sqlalchemy.engine.Engine BEGIN (implicit)
2026-05-06 14:30:23,315 INFO sqlalchemy.engine.Engine SELECT video_outputs.id AS video_outputs_id, video_outputs.story_id AS video_outputs_story_id, video_outputs.audio_source_path AS video_outputs_audio_source_path, video_outputs.video_source_folder AS video_outputs_video_source_folder, video_outputs.output_path AS video_outputs_output_path, video_outputs.file_size AS video_outputs_file_size, video_outputs.duration AS video_outputs_duration, video_outputs.audio_speed AS video_outputs_audio_speed, video_outputs.transition_effect AS video_outputs_transition_effect, video_outputs.transition_duration AS video_outputs_transition_duration, video_outputs.resolution AS video_outputs_resolution, video_outputs.status AS video_outputs_status, video_outputs.error_message AS video_outputs_error_message, video_outputs.created_at AS video_outputs_created_at, video_outputs.updated_at AS video_outputs_updated_at 
FROM video_outputs 
WHERE video_outputs.story_id = %(story_id_1)s ORDER BY video_outputs.created_at DESC 
 LIMIT %(param_1)s
2026-05-06 14:30:23,315 INFO sqlalchemy.engine.Engine [cached since 59.33s ago] {'story_id_1': '2f846d20-9d22-4e0b-8945-a010a5a48bb8', 'param_1': 1}
2026-05-06 14:30:23,317 INFO sqlalchemy.engine.Engine ROLLBACK
INFO:     127.0.0.1:39354 - "GET /api/v1/video/result/2f846d20-9d22-4e0b-8945-a010a5a48bb8 HTTP/1.1" 404 Not Found
2026-05-06 14:30:23.561 | INFO     | app.services.video_processor:__init__:42 - NVENC GPU encoding available (h264_nvenc)
INFO:     127.0.0.1:39368 - "GET /api/v1/video/audio-duration?path=storage%2Faudio%2FStory_20260421_133734%2Fmerged_audio.mp3 HTTP/1.1" 200 OK
INFO:     127.0.0.1:59726 - "GET /api/v1/video/fonts HTTP/1.1" 200 OK
INFO:     127.0.0.1:59734 - "GET /api/v1/video/sample-clip?folder=%2Fhome%2Fduoclv%2FDownloads%2Ftemp-20260506T015716Z-3-001%2Ftemp%2Frandom_50min_20260419_210319 HTTP/1.1" 200 OK
INFO:     127.0.0.1:59770 - "GET /api/v1/video/fonts HTTP/1.1" 200 OK
2026-05-06 14:31:14,368 INFO sqlalchemy.engine.Engine BEGIN (implicit)
2026-05-06 14:31:14,369 INFO sqlalchemy.engine.Engine SELECT stories.id AS stories_id, stories.title AS stories_title, stories.url AS stories_url, stories.author AS stories_author, stories.total_chapters AS stories_total_chapters, stories.start_chapter AS stories_start_chapter, stories.end_chapter AS stories_end_chapter, stories.custom_chapter_urls AS stories_custom_chapter_urls, stories.status AS stories_status, stories.current_step AS stories_current_step, stories.is_favorite AS stories_is_favorite, stories.merged_content AS stories_merged_content, stories.created_at AS stories_created_at, stories.updated_at AS stories_updated_at 
FROM stories 
WHERE stories.id = %(id_1)s 
 LIMIT %(param_1)s
2026-05-06 14:31:14,369 INFO sqlalchemy.engine.Engine [cached since 110.5s ago] {'id_1': '2f846d20-9d22-4e0b-8945-a010a5a48bb8', 'param_1': 1}
2026-05-06 14:31:14,370 INFO sqlalchemy.engine.Engine BEGIN (implicit)
2026-05-06 14:31:14,371 INFO sqlalchemy.engine.Engine SELECT voices.id AS voices_id, voices.code AS voices_code, voices.name AS voices_name, voices.gender AS voices_gender, voices.locale AS voices_locale, voices.category AS voices_category, voices.description AS voices_description, voices.demo_url AS voices_demo_url, voices.is_active AS voices_is_active, voices.`rank` AS voices_rank, voices.created_at AS voices_created_at 
FROM voices 
WHERE voices.is_active = true ORDER BY voices.`rank`
2026-05-06 14:31:14,371 INFO sqlalchemy.engine.Engine [cached since 110.5s ago] {}
2026-05-06 14:31:14.372 | INFO     | app.api.tts:list_voices:87 - Retrieved 14 voices from database
2026-05-06 14:31:14,374 INFO sqlalchemy.engine.Engine BEGIN (implicit)
2026-05-06 14:31:14,374 INFO sqlalchemy.engine.Engine SELECT video_presets.id AS video_presets_id, video_presets.name AS video_presets_name, video_presets.cfg AS video_presets_cfg, video_presets.created_at AS video_presets_created_at, video_presets.updated_at AS video_presets_updated_at 
FROM video_presets ORDER BY video_presets.created_at DESC
2026-05-06 14:31:14,374 INFO sqlalchemy.engine.Engine [cached since 110.5s ago] {}
2026-05-06 14:31:14,375 INFO sqlalchemy.engine.Engine ROLLBACK
2026-05-06 14:31:14,375 INFO sqlalchemy.engine.Engine ROLLBACK
INFO:     127.0.0.1:59778 - "GET /api/v1/video/sample-clip?folder=%2Fhome%2Fduoclv%2FDownloads%2Ftemp-20260506T015716Z-3-001%2Ftemp%2Frandom_50min_20260419_210319 HTTP/1.1" 200 OK
INFO:     127.0.0.1:59750 - "GET /api/v1/stories/2f846d20-9d22-4e0b-8945-a010a5a48bb8 HTTP/1.1" 200 OK
2026-05-06 14:31:14,379 INFO sqlalchemy.engine.Engine ROLLBACK
INFO:     127.0.0.1:59752 - "GET /api/v1/tts/voices HTTP/1.1" 200 OK
INFO:     127.0.0.1:59766 - "GET /api/v1/video-presets/ HTTP/1.1" 200 OK
2026-05-06 14:31:14,392 INFO sqlalchemy.engine.Engine BEGIN (implicit)
2026-05-06 14:31:14,392 INFO sqlalchemy.engine.Engine SELECT voices.id AS voices_id, voices.code AS voices_code, voices.name AS voices_name, voices.gender AS voices_gender, voices.locale AS voices_locale, voices.category AS voices_category, voices.description AS voices_description, voices.demo_url AS voices_demo_url, voices.is_active AS voices_is_active, voices.`rank` AS voices_rank, voices.created_at AS voices_created_at 
FROM voices 
WHERE voices.is_active = true ORDER BY voices.`rank`
2026-05-06 14:31:14,393 INFO sqlalchemy.engine.Engine [cached since 110.5s ago] {}
2026-05-06 14:31:14.394 | INFO     | app.api.tts:list_voices:87 - Retrieved 14 voices from database
2026-05-06 14:31:14,396 INFO sqlalchemy.engine.Engine BEGIN (implicit)
2026-05-06 14:31:14,396 INFO sqlalchemy.engine.Engine SELECT stories.id AS stories_id, stories.title AS stories_title, stories.url AS stories_url, stories.author AS stories_author, stories.total_chapters AS stories_total_chapters, stories.start_chapter AS stories_start_chapter, stories.end_chapter AS stories_end_chapter, stories.custom_chapter_urls AS stories_custom_chapter_urls, stories.status AS stories_status, stories.current_step AS stories_current_step, stories.is_favorite AS stories_is_favorite, stories.merged_content AS stories_merged_content, stories.created_at AS stories_created_at, stories.updated_at AS stories_updated_at 
FROM stories 
WHERE stories.id = %(id_1)s 
 LIMIT %(param_1)s
2026-05-06 14:31:14,396 INFO sqlalchemy.engine.Engine [cached since 110.5s ago] {'id_1': '2f846d20-9d22-4e0b-8945-a010a5a48bb8', 'param_1': 1}
2026-05-06 14:31:14,398 INFO sqlalchemy.engine.Engine BEGIN (implicit)
2026-05-06 14:31:14,399 INFO sqlalchemy.engine.Engine SELECT video_presets.id AS video_presets_id, video_presets.name AS video_presets_name, video_presets.cfg AS video_presets_cfg, video_presets.created_at AS video_presets_created_at, video_presets.updated_at AS video_presets_updated_at 
FROM video_presets ORDER BY video_presets.created_at DESC
2026-05-06 14:31:14,399 INFO sqlalchemy.engine.Engine [cached since 110.5s ago] {}
2026-05-06 14:31:14,400 INFO sqlalchemy.engine.Engine ROLLBACK
2026-05-06 14:31:14,401 INFO sqlalchemy.engine.Engine ROLLBACK
2026-05-06 14:31:14,401 INFO sqlalchemy.engine.Engine ROLLBACK
2026-05-06 14:31:14,404 INFO sqlalchemy.engine.Engine BEGIN (implicit)
2026-05-06 14:31:14,405 INFO sqlalchemy.engine.Engine SELECT chapters.id AS chapters_id, chapters.story_id AS chapters_story_id, chapters.chapter_number AS chapters_chapter_number, chapters.title AS chapters_title, chapters.content AS chapters_content, chapters.char_count AS chapters_char_count, chapters.has_censored_words AS chapters_has_censored_words, chapters.censored_count AS chapters_censored_count, chapters.status AS chapters_status, chapters.created_at AS chapters_created_at, chapters.updated_at AS chapters_updated_at 
FROM chapters 
WHERE chapters.story_id = %(story_id_1)s ORDER BY chapters.chapter_number
2026-05-06 14:31:14,405 INFO sqlalchemy.engine.Engine [cached since 110.5s ago] {'story_id_1': '2f846d20-9d22-4e0b-8945-a010a5a48bb8'}
INFO:     127.0.0.1:59804 - "GET /api/v1/video-presets/ HTTP/1.1" 200 OK
INFO:     127.0.0.1:59788 - "GET /api/v1/stories/2f846d20-9d22-4e0b-8945-a010a5a48bb8 HTTP/1.1" 200 OK
INFO:     127.0.0.1:59798 - "GET /api/v1/tts/voices HTTP/1.1" 200 OK
2026-05-06 14:31:14,408 INFO sqlalchemy.engine.Engine ROLLBACK
INFO:     127.0.0.1:59810 - "GET /api/v1/stories/2f846d20-9d22-4e0b-8945-a010a5a48bb8/chapters HTTP/1.1" 200 OK
2026-05-06 14:31:14,417 INFO sqlalchemy.engine.Engine BEGIN (implicit)
2026-05-06 14:31:14,418 INFO sqlalchemy.engine.Engine SELECT chapters.id AS chapters_id, chapters.story_id AS chapters_story_id, chapters.chapter_number AS chapters_chapter_number, chapters.title AS chapters_title, chapters.content AS chapters_content, chapters.char_count AS chapters_char_count, chapters.has_censored_words AS chapters_has_censored_words, chapters.censored_count AS chapters_censored_count, chapters.status AS chapters_status, chapters.created_at AS chapters_created_at, chapters.updated_at AS chapters_updated_at 
FROM chapters 
WHERE chapters.story_id = %(story_id_1)s ORDER BY chapters.chapter_number
2026-05-06 14:31:14,418 INFO sqlalchemy.engine.Engine [cached since 110.5s ago] {'story_id_1': '2f846d20-9d22-4e0b-8945-a010a5a48bb8'}
2026-05-06 14:31:14,421 INFO sqlalchemy.engine.Engine ROLLBACK
2026-05-06 14:31:14,421 INFO sqlalchemy.engine.Engine BEGIN (implicit)
2026-05-06 14:31:14,422 INFO sqlalchemy.engine.Engine SELECT chapters.id AS chapters_id, chapters.story_id AS chapters_story_id, chapters.chapter_number AS chapters_chapter_number, chapters.title AS chapters_title, chapters.content AS chapters_content, chapters.char_count AS chapters_char_count, chapters.has_censored_words AS chapters_has_censored_words, chapters.censored_count AS chapters_censored_count, chapters.status AS chapters_status, chapters.created_at AS chapters_created_at, chapters.updated_at AS chapters_updated_at 
FROM chapters 
WHERE chapters.story_id = %(story_id_1)s
2026-05-06 14:31:14,422 INFO sqlalchemy.engine.Engine [cached since 110.5s ago] {'story_id_1': '2f846d20-9d22-4e0b-8945-a010a5a48bb8'}
INFO:     127.0.0.1:59824 - "GET /api/v1/stories/2f846d20-9d22-4e0b-8945-a010a5a48bb8/chapters HTTP/1.1" 200 OK
2026-05-06 14:31:14,424 INFO sqlalchemy.engine.Engine ROLLBACK
INFO:     127.0.0.1:59830 - "GET /api/v1/chapters/story/2f846d20-9d22-4e0b-8945-a010a5a48bb8/stats HTTP/1.1" 200 OK
2026-05-06 14:31:14,456 INFO sqlalchemy.engine.Engine BEGIN (implicit)
2026-05-06 14:31:14,457 INFO sqlalchemy.engine.Engine SELECT merged_audio.id AS merged_audio_id, merged_audio.story_id AS merged_audio_story_id, merged_audio.file_path AS merged_audio_file_path, merged_audio.file_size AS merged_audio_file_size, merged_audio.duration AS merged_audio_duration, merged_audio.format AS merged_audio_format, merged_audio.total_chapters AS merged_audio_total_chapters, merged_audio.created_at AS merged_audio_created_at 
FROM merged_audio 
WHERE merged_audio.story_id = %(story_id_1)s ORDER BY merged_audio.created_at DESC 
 LIMIT %(param_1)s
2026-05-06 14:31:14,457 INFO sqlalchemy.engine.Engine [cached since 110.5s ago] {'story_id_1': '2f846d20-9d22-4e0b-8945-a010a5a48bb8', 'param_1': 1}
INFO:     127.0.0.1:59850 - "GET /api/v1/video/preview-video?path=%2Fhome%2Fduoclv%2FDownloads%2Ftemp-20260506T015716Z-3-001%2Ftemp%2Frandom_50min_20260419_210319%2F0095_2024-05-30_3xsa6768skci8wm_%23%E9%9B%B6%E5%9F%BA%E7%A1%80%E5%AD%A6%E7%94%BB%E7%94%BB%20%23%E4%B8%80%E5%AD%A6%E5%B0%B1%E4%BC%9A%20%23%E4%B8%80%E8%B5%B7%E5%AD%A6%E7%94%BB%E7%94%BB.mp4 HTTP/1.1" 200 OK
2026-05-06 14:31:14,458 INFO sqlalchemy.engine.Engine BEGIN (implicit)
2026-05-06 14:31:14,458 INFO sqlalchemy.engine.Engine SELECT chapters.id AS chapters_id, chapters.story_id AS chapters_story_id, chapters.chapter_number AS chapters_chapter_number, chapters.title AS chapters_title, chapters.content AS chapters_content, chapters.char_count AS chapters_char_count, chapters.has_censored_words AS chapters_has_censored_words, chapters.censored_count AS chapters_censored_count, chapters.status AS chapters_status, chapters.created_at AS chapters_created_at, chapters.updated_at AS chapters_updated_at 
FROM chapters 
WHERE chapters.story_id = %(story_id_1)s
2026-05-06 14:31:14,458 INFO sqlalchemy.engine.Engine [cached since 110.5s ago] {'story_id_1': '2f846d20-9d22-4e0b-8945-a010a5a48bb8'}
2026-05-06 14:31:14,460 INFO sqlalchemy.engine.Engine ROLLBACK
2026-05-06 14:31:14,460 INFO sqlalchemy.engine.Engine ROLLBACK
INFO:     127.0.0.1:59842 - "GET /api/v1/video/audio-path/2f846d20-9d22-4e0b-8945-a010a5a48bb8 HTTP/1.1" 200 OK
INFO:     127.0.0.1:59840 - "GET /api/v1/chapters/story/2f846d20-9d22-4e0b-8945-a010a5a48bb8/stats HTTP/1.1" 200 OK
2026-05-06 14:31:14,489 INFO sqlalchemy.engine.Engine BEGIN (implicit)
2026-05-06 14:31:14,490 INFO sqlalchemy.engine.Engine SELECT merged_audio.id AS merged_audio_id, merged_audio.story_id AS merged_audio_story_id, merged_audio.file_path AS merged_audio_file_path, merged_audio.file_size AS merged_audio_file_size, merged_audio.duration AS merged_audio_duration, merged_audio.format AS merged_audio_format, merged_audio.total_chapters AS merged_audio_total_chapters, merged_audio.created_at AS merged_audio_created_at 
FROM merged_audio 
WHERE merged_audio.story_id = %(story_id_1)s ORDER BY merged_audio.created_at DESC 
 LIMIT %(param_1)s
2026-05-06 14:31:14,490 INFO sqlalchemy.engine.Engine [cached since 110.5s ago] {'story_id_1': '2f846d20-9d22-4e0b-8945-a010a5a48bb8', 'param_1': 1}
2026-05-06 14:31:14,493 INFO sqlalchemy.engine.Engine BEGIN (implicit)
2026-05-06 14:31:14,494 INFO sqlalchemy.engine.Engine SELECT video_outputs.id AS video_outputs_id, video_outputs.story_id AS video_outputs_story_id, video_outputs.audio_source_path AS video_outputs_audio_source_path, video_outputs.video_source_folder AS video_outputs_video_source_folder, video_outputs.output_path AS video_outputs_output_path, video_outputs.file_size AS video_outputs_file_size, video_outputs.duration AS video_outputs_duration, video_outputs.audio_speed AS video_outputs_audio_speed, video_outputs.transition_effect AS video_outputs_transition_effect, video_outputs.transition_duration AS video_outputs_transition_duration, video_outputs.resolution AS video_outputs_resolution, video_outputs.status AS video_outputs_status, video_outputs.error_message AS video_outputs_error_message, video_outputs.created_at AS video_outputs_created_at, video_outputs.updated_at AS video_outputs_updated_at 
FROM video_outputs 
WHERE video_outputs.story_id = %(story_id_1)s ORDER BY video_outputs.created_at DESC 
 LIMIT %(param_1)s
2026-05-06 14:31:14,494 INFO sqlalchemy.engine.Engine [cached since 110.5s ago] {'story_id_1': '2f846d20-9d22-4e0b-8945-a010a5a48bb8', 'param_1': 1}
2026-05-06 14:31:14,495 INFO sqlalchemy.engine.Engine ROLLBACK
2026-05-06 14:31:14,495 INFO sqlalchemy.engine.Engine ROLLBACK
INFO:     127.0.0.1:59868 - "GET /api/v1/video/audio-path/2f846d20-9d22-4e0b-8945-a010a5a48bb8 HTTP/1.1" 200 OK
INFO:     127.0.0.1:59858 - "GET /api/v1/video/result/2f846d20-9d22-4e0b-8945-a010a5a48bb8 HTTP/1.1" 404 Not Found
2026-05-06 14:31:14,508 INFO sqlalchemy.engine.Engine BEGIN (implicit)
2026-05-06 14:31:14,509 INFO sqlalchemy.engine.Engine SELECT video_outputs.id AS video_outputs_id, video_outputs.story_id AS video_outputs_story_id, video_outputs.audio_source_path AS video_outputs_audio_source_path, video_outputs.video_source_folder AS video_outputs_video_source_folder, video_outputs.output_path AS video_outputs_output_path, video_outputs.file_size AS video_outputs_file_size, video_outputs.duration AS video_outputs_duration, video_outputs.audio_speed AS video_outputs_audio_speed, video_outputs.transition_effect AS video_outputs_transition_effect, video_outputs.transition_duration AS video_outputs_transition_duration, video_outputs.resolution AS video_outputs_resolution, video_outputs.status AS video_outputs_status, video_outputs.error_message AS video_outputs_error_message, video_outputs.created_at AS video_outputs_created_at, video_outputs.updated_at AS video_outputs_updated_at 
FROM video_outputs 
WHERE video_outputs.story_id = %(story_id_1)s ORDER BY video_outputs.created_at DESC 
 LIMIT %(param_1)s
2026-05-06 14:31:14,509 INFO sqlalchemy.engine.Engine [cached since 110.5s ago] {'story_id_1': '2f846d20-9d22-4e0b-8945-a010a5a48bb8', 'param_1': 1}
2026-05-06 14:31:14,510 INFO sqlalchemy.engine.Engine ROLLBACK
INFO:     127.0.0.1:59870 - "GET /api/v1/video/result/2f846d20-9d22-4e0b-8945-a010a5a48bb8 HTTP/1.1" 404 Not Found
2026-05-06 14:31:14.878 | INFO     | app.services.video_processor:__init__:42 - NVENC GPU encoding available (h264_nvenc)
INFO:     127.0.0.1:59882 - "GET /api/v1/video/audio-duration?path=storage%2Faudio%2FStory_20260421_133734%2Fmerged_audio.mp3 HTTP/1.1" 200 OK
INFO:     127.0.0.1:60356 - "GET /api/v1/video/fonts HTTP/1.1" 200 OK
INFO:     127.0.0.1:60368 - "GET /api/v1/video/sample-clip?folder=%2Fhome%2Fduoclv%2FDownloads%2Ftemp-20260506T015716Z-3-001%2Ftemp%2Frandom_50min_20260419_210319 HTTP/1.1" 200 OK
2026-05-06 14:31:30,813 INFO sqlalchemy.engine.Engine BEGIN (implicit)
2026-05-06 14:31:30,814 INFO sqlalchemy.engine.Engine SELECT stories.id AS stories_id, stories.title AS stories_title, stories.url AS stories_url, stories.author AS stories_author, stories.total_chapters AS stories_total_chapters, stories.start_chapter AS stories_start_chapter, stories.end_chapter AS stories_end_chapter, stories.custom_chapter_urls AS stories_custom_chapter_urls, stories.status AS stories_status, stories.current_step AS stories_current_step, stories.is_favorite AS stories_is_favorite, stories.merged_content AS stories_merged_content, stories.created_at AS stories_created_at, stories.updated_at AS stories_updated_at 
FROM stories 
WHERE stories.id = %(id_1)s 
 LIMIT %(param_1)s
2026-05-06 14:31:30,814 INFO sqlalchemy.engine.Engine [cached since 127s ago] {'id_1': '2f846d20-9d22-4e0b-8945-a010a5a48bb8', 'param_1': 1}
2026-05-06 14:31:30,817 INFO sqlalchemy.engine.Engine BEGIN (implicit)
2026-05-06 14:31:30,817 INFO sqlalchemy.engine.Engine SELECT voices.id AS voices_id, voices.code AS voices_code, voices.name AS voices_name, voices.gender AS voices_gender, voices.locale AS voices_locale, voices.category AS voices_category, voices.description AS voices_description, voices.demo_url AS voices_demo_url, voices.is_active AS voices_is_active, voices.`rank` AS voices_rank, voices.created_at AS voices_created_at 
FROM voices 
WHERE voices.is_active = true ORDER BY voices.`rank`
2026-05-06 14:31:30,817 INFO sqlalchemy.engine.Engine [cached since 126.9s ago] {}
2026-05-06 14:31:30.819 | INFO     | app.api.tts:list_voices:87 - Retrieved 14 voices from database
2026-05-06 14:31:30,820 INFO sqlalchemy.engine.Engine BEGIN (implicit)
2026-05-06 14:31:30,821 INFO sqlalchemy.engine.Engine SELECT video_presets.id AS video_presets_id, video_presets.name AS video_presets_name, video_presets.cfg AS video_presets_cfg, video_presets.created_at AS video_presets_created_at, video_presets.updated_at AS video_presets_updated_at 
FROM video_presets ORDER BY video_presets.created_at DESC
2026-05-06 14:31:30,821 INFO sqlalchemy.engine.Engine [cached since 126.9s ago] {}
2026-05-06 14:31:30,822 INFO sqlalchemy.engine.Engine ROLLBACK
2026-05-06 14:31:30,822 INFO sqlalchemy.engine.Engine ROLLBACK
2026-05-06 14:31:30,822 INFO sqlalchemy.engine.Engine ROLLBACK
INFO:     127.0.0.1:60384 - "GET /api/v1/video-presets/ HTTP/1.1" 200 OK
INFO:     127.0.0.1:60382 - "GET /api/v1/tts/voices HTTP/1.1" 200 OK
INFO:     127.0.0.1:60378 - "GET /api/v1/stories/2f846d20-9d22-4e0b-8945-a010a5a48bb8 HTTP/1.1" 200 OK
2026-05-06 14:31:30,844 INFO sqlalchemy.engine.Engine BEGIN (implicit)
2026-05-06 14:31:30,844 INFO sqlalchemy.engine.Engine SELECT chapters.id AS chapters_id, chapters.story_id AS chapters_story_id, chapters.chapter_number AS chapters_chapter_number, chapters.title AS chapters_title, chapters.content AS chapters_content, chapters.char_count AS chapters_char_count, chapters.has_censored_words AS chapters_has_censored_words, chapters.censored_count AS chapters_censored_count, chapters.status AS chapters_status, chapters.created_at AS chapters_created_at, chapters.updated_at AS chapters_updated_at 
FROM chapters 
WHERE chapters.story_id = %(story_id_1)s ORDER BY chapters.chapter_number
2026-05-06 14:31:30,844 INFO sqlalchemy.engine.Engine [cached since 126.9s ago] {'story_id_1': '2f846d20-9d22-4e0b-8945-a010a5a48bb8'}
INFO:     127.0.0.1:60396 - "GET /api/v1/video/preview-video?path=%2Fhome%2Fduoclv%2FDownloads%2Ftemp-20260506T015716Z-3-001%2Ftemp%2Frandom_50min_20260419_210319%2F0088_2023-05-26_3xjy2jqk3zuqfgk_%23%E6%96%B0%E7%9F%A5%E5%88%9B%E4%BD%9C%E4%BA%BA%20%20%23%E4%B8%80%E8%B5%B7%E5%AD%A6%E7%94%BB%E7%94%BB%20%23%E9%9B%B6%E5%9F%BA%E7%A1%80%E5%AD%A6%E7%94%BB%E7%94%BB%20%40%E5%BF%AB%E6%89%8B%E7%83%AD%E7%82%B9(O3xddgkd5fav5if9)%20%40%E5%BF%AB%E6%89%8B.mp4 HTTP/1.1" 200 OK
2026-05-06 14:31:30,847 INFO sqlalchemy.engine.Engine ROLLBACK
INFO:     127.0.0.1:60390 - "GET /api/v1/stories/2f846d20-9d22-4e0b-8945-a010a5a48bb8/chapters HTTP/1.1" 200 OK
2026-05-06 14:31:30,859 INFO sqlalchemy.engine.Engine BEGIN (implicit)
2026-05-06 14:31:30,859 INFO sqlalchemy.engine.Engine SELECT chapters.id AS chapters_id, chapters.story_id AS chapters_story_id, chapters.chapter_number AS chapters_chapter_number, chapters.title AS chapters_title, chapters.content AS chapters_content, chapters.char_count AS chapters_char_count, chapters.has_censored_words AS chapters_has_censored_words, chapters.censored_count AS chapters_censored_count, chapters.status AS chapters_status, chapters.created_at AS chapters_created_at, chapters.updated_at AS chapters_updated_at 
FROM chapters 
WHERE chapters.story_id = %(story_id_1)s
2026-05-06 14:31:30,859 INFO sqlalchemy.engine.Engine [cached since 126.9s ago] {'story_id_1': '2f846d20-9d22-4e0b-8945-a010a5a48bb8'}
2026-05-06 14:31:30,862 INFO sqlalchemy.engine.Engine ROLLBACK
INFO:     127.0.0.1:60408 - "GET /api/v1/chapters/story/2f846d20-9d22-4e0b-8945-a010a5a48bb8/stats HTTP/1.1" 200 OK
2026-05-06 14:31:30,876 INFO sqlalchemy.engine.Engine BEGIN (implicit)
2026-05-06 14:31:30,876 INFO sqlalchemy.engine.Engine SELECT merged_audio.id AS merged_audio_id, merged_audio.story_id AS merged_audio_story_id, merged_audio.file_path AS merged_audio_file_path, merged_audio.file_size AS merged_audio_file_size, merged_audio.duration AS merged_audio_duration, merged_audio.format AS merged_audio_format, merged_audio.total_chapters AS merged_audio_total_chapters, merged_audio.created_at AS merged_audio_created_at 
FROM merged_audio 
WHERE merged_audio.story_id = %(story_id_1)s ORDER BY merged_audio.created_at DESC 
 LIMIT %(param_1)s
2026-05-06 14:31:30,876 INFO sqlalchemy.engine.Engine [cached since 126.9s ago] {'story_id_1': '2f846d20-9d22-4e0b-8945-a010a5a48bb8', 'param_1': 1}
2026-05-06 14:31:30,878 INFO sqlalchemy.engine.Engine ROLLBACK
INFO:     127.0.0.1:60414 - "GET /api/v1/video/audio-path/2f846d20-9d22-4e0b-8945-a010a5a48bb8 HTTP/1.1" 200 OK
2026-05-06 14:31:30,899 INFO sqlalchemy.engine.Engine BEGIN (implicit)
2026-05-06 14:31:30,899 INFO sqlalchemy.engine.Engine SELECT video_outputs.id AS video_outputs_id, video_outputs.story_id AS video_outputs_story_id, video_outputs.audio_source_path AS video_outputs_audio_source_path, video_outputs.video_source_folder AS video_outputs_video_source_folder, video_outputs.output_path AS video_outputs_output_path, video_outputs.file_size AS video_outputs_file_size, video_outputs.duration AS video_outputs_duration, video_outputs.audio_speed AS video_outputs_audio_speed, video_outputs.transition_effect AS video_outputs_transition_effect, video_outputs.transition_duration AS video_outputs_transition_duration, video_outputs.resolution AS video_outputs_resolution, video_outputs.status AS video_outputs_status, video_outputs.error_message AS video_outputs_error_message, video_outputs.created_at AS video_outputs_created_at, video_outputs.updated_at AS video_outputs_updated_at 
FROM video_outputs 
WHERE video_outputs.story_id = %(story_id_1)s ORDER BY video_outputs.created_at DESC 
 LIMIT %(param_1)s
2026-05-06 14:31:30,899 INFO sqlalchemy.engine.Engine [cached since 126.9s ago] {'story_id_1': '2f846d20-9d22-4e0b-8945-a010a5a48bb8', 'param_1': 1}
2026-05-06 14:31:30,901 INFO sqlalchemy.engine.Engine ROLLBACK
INFO:     127.0.0.1:60416 - "GET /api/v1/video/result/2f846d20-9d22-4e0b-8945-a010a5a48bb8 HTTP/1.1" 404 Not Found
2026-05-06 14:31:31.184 | INFO     | app.services.video_processor:__init__:42 - NVENC GPU encoding available (h264_nvenc)
INFO:     127.0.0.1:60418 - "GET /api/v1/video/audio-duration?path=storage%2Faudio%2FStory_20260421_133734%2Fmerged_audio.mp3 HTTP/1.1" 200 OK
INFO:     127.0.0.1:41180 - "GET /api/v1/video/fonts HTTP/1.1" 200 OK
INFO:     127.0.0.1:41192 - "GET /api/v1/video/sample-clip?folder=%2Fhome%2Fduoclv%2FDownloads%2Ftemp-20260506T015716Z-3-001%2Ftemp%2Frandom_50min_20260419_210319 HTTP/1.1" 200 OK
2026-05-06 14:31:45,093 INFO sqlalchemy.engine.Engine BEGIN (implicit)
2026-05-06 14:31:45,093 INFO sqlalchemy.engine.Engine SELECT stories.id AS stories_id, stories.title AS stories_title, stories.url AS stories_url, stories.author AS stories_author, stories.total_chapters AS stories_total_chapters, stories.start_chapter AS stories_start_chapter, stories.end_chapter AS stories_end_chapter, stories.custom_chapter_urls AS stories_custom_chapter_urls, stories.status AS stories_status, stories.current_step AS stories_current_step, stories.is_favorite AS stories_is_favorite, stories.merged_content AS stories_merged_content, stories.created_at AS stories_created_at, stories.updated_at AS stories_updated_at 
FROM stories 
WHERE stories.id = %(id_1)s 
 LIMIT %(param_1)s
2026-05-06 14:31:45,093 INFO sqlalchemy.engine.Engine [cached since 141.2s ago] {'id_1': '2f846d20-9d22-4e0b-8945-a010a5a48bb8', 'param_1': 1}
2026-05-06 14:31:45,095 INFO sqlalchemy.engine.Engine BEGIN (implicit)
2026-05-06 14:31:45,095 INFO sqlalchemy.engine.Engine SELECT video_presets.id AS video_presets_id, video_presets.name AS video_presets_name, video_presets.cfg AS video_presets_cfg, video_presets.created_at AS video_presets_created_at, video_presets.updated_at AS video_presets_updated_at 
FROM video_presets ORDER BY video_presets.created_at DESC
2026-05-06 14:31:45,095 INFO sqlalchemy.engine.Engine [cached since 141.2s ago] {}
2026-05-06 14:31:45,096 INFO sqlalchemy.engine.Engine BEGIN (implicit)
2026-05-06 14:31:45,097 INFO sqlalchemy.engine.Engine SELECT voices.id AS voices_id, voices.code AS voices_code, voices.name AS voices_name, voices.gender AS voices_gender, voices.locale AS voices_locale, voices.category AS voices_category, voices.description AS voices_description, voices.demo_url AS voices_demo_url, voices.is_active AS voices_is_active, voices.`rank` AS voices_rank, voices.created_at AS voices_created_at 
FROM voices 
WHERE voices.is_active = true ORDER BY voices.`rank`
2026-05-06 14:31:45,097 INFO sqlalchemy.engine.Engine [cached since 141.2s ago] {}
2026-05-06 14:31:45.099 | INFO     | app.api.tts:list_voices:87 - Retrieved 14 voices from database
2026-05-06 14:31:45,100 INFO sqlalchemy.engine.Engine ROLLBACK
2026-05-06 14:31:45,100 INFO sqlalchemy.engine.Engine ROLLBACK
2026-05-06 14:31:45,100 INFO sqlalchemy.engine.Engine ROLLBACK
INFO:     127.0.0.1:41198 - "GET /api/v1/stories/2f846d20-9d22-4e0b-8945-a010a5a48bb8 HTTP/1.1" 200 OK
INFO:     127.0.0.1:41206 - "GET /api/v1/tts/voices HTTP/1.1" 200 OK
INFO:     127.0.0.1:41210 - "GET /api/v1/video-presets/ HTTP/1.1" 200 OK
2026-05-06 14:31:45,113 INFO sqlalchemy.engine.Engine BEGIN (implicit)
2026-05-06 14:31:45,114 INFO sqlalchemy.engine.Engine SELECT chapters.id AS chapters_id, chapters.story_id AS chapters_story_id, chapters.chapter_number AS chapters_chapter_number, chapters.title AS chapters_title, chapters.content AS chapters_content, chapters.char_count AS chapters_char_count, chapters.has_censored_words AS chapters_has_censored_words, chapters.censored_count AS chapters_censored_count, chapters.status AS chapters_status, chapters.created_at AS chapters_created_at, chapters.updated_at AS chapters_updated_at 
FROM chapters 
WHERE chapters.story_id = %(story_id_1)s ORDER BY chapters.chapter_number
2026-05-06 14:31:45,114 INFO sqlalchemy.engine.Engine [cached since 141.2s ago] {'story_id_1': '2f846d20-9d22-4e0b-8945-a010a5a48bb8'}
2026-05-06 14:31:45,118 INFO sqlalchemy.engine.Engine ROLLBACK
INFO:     127.0.0.1:41212 - "GET /api/v1/stories/2f846d20-9d22-4e0b-8945-a010a5a48bb8/chapters HTTP/1.1" 200 OK
INFO:     127.0.0.1:41222 - "GET /api/v1/video/preview-video?path=%2Fhome%2Fduoclv%2FDownloads%2Ftemp-20260506T015716Z-3-001%2Ftemp%2Frandom_50min_20260419_210319%2F0054_2022-06-26_3xq99xksr4a3wsa_%E4%B8%8D%E7%94%A8%E8%B5%B7%E5%BD%A2%EF%BC%8C%E4%B8%8D%E7%94%A8%E4%B8%8A%E8%89%B2%EF%BC%8C%E6%B2%B9%E7%94%BB%E6%A3%92%E7%A7%92%E7%94%BB%E5%A4%A7%E4%BB%99%E6%A1%83%EF%BC%8C%E4%B8%80%E7%9C%8B%E5%B0%B1%E4%BC%9A%20%23%E9%9B%B6%E5%9F%BA%E7%A1%80%E5%AD%A6%E7%94%BB%E7%94%BB%20%23%E6%B2%B9%E7%94%BB%E6%A3%92%20%23%E9%9B%86%E7%BB%93%E5%90%A7%E5%85%89%E5%90%88%E5%88%9B%E4%BD%9C%E8%80%85.mp4 HTTP/1.1" 200 OK
2026-05-06 14:31:45,129 INFO sqlalchemy.engine.Engine BEGIN (implicit)
2026-05-06 14:31:45,129 INFO sqlalchemy.engine.Engine SELECT chapters.id AS chapters_id, chapters.story_id AS chapters_story_id, chapters.chapter_number AS chapters_chapter_number, chapters.title AS chapters_title, chapters.content AS chapters_content, chapters.char_count AS chapters_char_count, chapters.has_censored_words AS chapters_has_censored_words, chapters.censored_count AS chapters_censored_count, chapters.status AS chapters_status, chapters.created_at AS chapters_created_at, chapters.updated_at AS chapters_updated_at 
FROM chapters 
WHERE chapters.story_id = %(story_id_1)s
2026-05-06 14:31:45,129 INFO sqlalchemy.engine.Engine [cached since 141.2s ago] {'story_id_1': '2f846d20-9d22-4e0b-8945-a010a5a48bb8'}
2026-05-06 14:31:45,132 INFO sqlalchemy.engine.Engine ROLLBACK
INFO:     127.0.0.1:41230 - "GET /api/v1/chapters/story/2f846d20-9d22-4e0b-8945-a010a5a48bb8/stats HTTP/1.1" 200 OK
2026-05-06 14:31:45,145 INFO sqlalchemy.engine.Engine BEGIN (implicit)
2026-05-06 14:31:45,146 INFO sqlalchemy.engine.Engine SELECT merged_audio.id AS merged_audio_id, merged_audio.story_id AS merged_audio_story_id, merged_audio.file_path AS merged_audio_file_path, merged_audio.file_size AS merged_audio_file_size, merged_audio.duration AS merged_audio_duration, merged_audio.format AS merged_audio_format, merged_audio.total_chapters AS merged_audio_total_chapters, merged_audio.created_at AS merged_audio_created_at 
FROM merged_audio 
WHERE merged_audio.story_id = %(story_id_1)s ORDER BY merged_audio.created_at DESC 
 LIMIT %(param_1)s
2026-05-06 14:31:45,146 INFO sqlalchemy.engine.Engine [cached since 141.2s ago] {'story_id_1': '2f846d20-9d22-4e0b-8945-a010a5a48bb8', 'param_1': 1}
2026-05-06 14:31:45,149 INFO sqlalchemy.engine.Engine ROLLBACK
INFO:     127.0.0.1:41236 - "GET /api/v1/video/audio-path/2f846d20-9d22-4e0b-8945-a010a5a48bb8 HTTP/1.1" 200 OK
2026-05-06 14:31:45,162 INFO sqlalchemy.engine.Engine BEGIN (implicit)
2026-05-06 14:31:45,162 INFO sqlalchemy.engine.Engine SELECT video_outputs.id AS video_outputs_id, video_outputs.story_id AS video_outputs_story_id, video_outputs.audio_source_path AS video_outputs_audio_source_path, video_outputs.video_source_folder AS video_outputs_video_source_folder, video_outputs.output_path AS video_outputs_output_path, video_outputs.file_size AS video_outputs_file_size, video_outputs.duration AS video_outputs_duration, video_outputs.audio_speed AS video_outputs_audio_speed, video_outputs.transition_effect AS video_outputs_transition_effect, video_outputs.transition_duration AS video_outputs_transition_duration, video_outputs.resolution AS video_outputs_resolution, video_outputs.status AS video_outputs_status, video_outputs.error_message AS video_outputs_error_message, video_outputs.created_at AS video_outputs_created_at, video_outputs.updated_at AS video_outputs_updated_at 
FROM video_outputs 
WHERE video_outputs.story_id = %(story_id_1)s ORDER BY video_outputs.created_at DESC 
 LIMIT %(param_1)s
2026-05-06 14:31:45,162 INFO sqlalchemy.engine.Engine [cached since 141.2s ago] {'story_id_1': '2f846d20-9d22-4e0b-8945-a010a5a48bb8', 'param_1': 1}
2026-05-06 14:31:45,164 INFO sqlalchemy.engine.Engine ROLLBACK
INFO:     127.0.0.1:41248 - "GET /api/v1/video/result/2f846d20-9d22-4e0b-8945-a010a5a48bb8 HTTP/1.1" 404 Not Found
2026-05-06 14:31:45.472 | INFO     | app.services.video_processor:__init__:42 - NVENC GPU encoding available (h264_nvenc)
INFO:     127.0.0.1:41252 - "GET /api/v1/video/audio-duration?path=storage%2Faudio%2FStory_20260421_133734%2Fmerged_audio.mp3 HTTP/1.1" 200 OK
INFO:     127.0.0.1:42182 - "GET /api/v1/video/fonts HTTP/1.1" 200 OK
INFO:     127.0.0.1:42192 - "GET /api/v1/video/sample-clip?folder=%2Fhome%2Fduoclv%2FDownloads%2Ftemp-20260506T015716Z-3-001%2Ftemp%2Frandom_50min_20260419_210319 HTTP/1.1" 200 OK
2026-05-06 14:32:01,160 INFO sqlalchemy.engine.Engine BEGIN (implicit)
2026-05-06 14:32:01,160 INFO sqlalchemy.engine.Engine SELECT voices.id AS voices_id, voices.code AS voices_code, voices.name AS voices_name, voices.gender AS voices_gender, voices.locale AS voices_locale, voices.category AS voices_category, voices.description AS voices_description, voices.demo_url AS voices_demo_url, voices.is_active AS voices_is_active, voices.`rank` AS voices_rank, voices.created_at AS voices_created_at 
FROM voices 
WHERE voices.is_active = true ORDER BY voices.`rank`
2026-05-06 14:32:01,160 INFO sqlalchemy.engine.Engine [cached since 157.3s ago] {}
2026-05-06 14:32:01.162 | INFO     | app.api.tts:list_voices:87 - Retrieved 14 voices from database
2026-05-06 14:32:01,164 INFO sqlalchemy.engine.Engine BEGIN (implicit)
2026-05-06 14:32:01,165 INFO sqlalchemy.engine.Engine SELECT stories.id AS stories_id, stories.title AS stories_title, stories.url AS stories_url, stories.author AS stories_author, stories.total_chapters AS stories_total_chapters, stories.start_chapter AS stories_start_chapter, stories.end_chapter AS stories_end_chapter, stories.custom_chapter_urls AS stories_custom_chapter_urls, stories.status AS stories_status, stories.current_step AS stories_current_step, stories.is_favorite AS stories_is_favorite, stories.merged_content AS stories_merged_content, stories.created_at AS stories_created_at, stories.updated_at AS stories_updated_at 
FROM stories 
WHERE stories.id = %(id_1)s 
 LIMIT %(param_1)s
2026-05-06 14:32:01,165 INFO sqlalchemy.engine.Engine [cached since 157.3s ago] {'id_1': '2f846d20-9d22-4e0b-8945-a010a5a48bb8', 'param_1': 1}
2026-05-06 14:32:01,166 INFO sqlalchemy.engine.Engine ROLLBACK
2026-05-06 14:32:01,167 INFO sqlalchemy.engine.Engine ROLLBACK
2026-05-06 14:32:01,167 INFO sqlalchemy.engine.Engine BEGIN (implicit)
2026-05-06 14:32:01,167 INFO sqlalchemy.engine.Engine SELECT video_presets.id AS video_presets_id, video_presets.name AS video_presets_name, video_presets.cfg AS video_presets_cfg, video_presets.created_at AS video_presets_created_at, video_presets.updated_at AS video_presets_updated_at 
FROM video_presets ORDER BY video_presets.created_at DESC
2026-05-06 14:32:01,167 INFO sqlalchemy.engine.Engine [cached since 157.3s ago] {}
INFO:     127.0.0.1:42212 - "GET /api/v1/tts/voices HTTP/1.1" 200 OK
INFO:     127.0.0.1:42198 - "GET /api/v1/stories/2f846d20-9d22-4e0b-8945-a010a5a48bb8 HTTP/1.1" 200 OK
2026-05-06 14:32:01,169 INFO sqlalchemy.engine.Engine ROLLBACK
INFO:     127.0.0.1:42228 - "GET /api/v1/video-presets/ HTTP/1.1" 200 OK
2026-05-06 14:32:01,187 INFO sqlalchemy.engine.Engine BEGIN (implicit)
2026-05-06 14:32:01,188 INFO sqlalchemy.engine.Engine SELECT chapters.id AS chapters_id, chapters.story_id AS chapters_story_id, chapters.chapter_number AS chapters_chapter_number, chapters.title AS chapters_title, chapters.content AS chapters_content, chapters.char_count AS chapters_char_count, chapters.has_censored_words AS chapters_has_censored_words, chapters.censored_count AS chapters_censored_count, chapters.status AS chapters_status, chapters.created_at AS chapters_created_at, chapters.updated_at AS chapters_updated_at 
FROM chapters 
WHERE chapters.story_id = %(story_id_1)s ORDER BY chapters.chapter_number
2026-05-06 14:32:01,188 INFO sqlalchemy.engine.Engine [cached since 157.3s ago] {'story_id_1': '2f846d20-9d22-4e0b-8945-a010a5a48bb8'}
2026-05-06 14:32:01,191 INFO sqlalchemy.engine.Engine ROLLBACK
INFO:     127.0.0.1:42238 - "GET /api/v1/stories/2f846d20-9d22-4e0b-8945-a010a5a48bb8/chapters HTTP/1.1" 200 OK
INFO:     127.0.0.1:42250 - "GET /api/v1/video/preview-video?path=%2Fhome%2Fduoclv%2FDownloads%2Ftemp-20260506T015716Z-3-001%2Ftemp%2Frandom_50min_20260419_210319%2F0046_2024-01-28_3xfey5ftej73nr6_%23%E4%B8%80%E8%B5%B7%E5%AD%A6%E7%94%BB%E7%94%BB%20%23%E7%82%AD%E7%AC%94%E7%94%BB%20%23%E9%9B%B6%E5%9F%BA%E7%A1%80%E5%AD%A6%E7%94%BB%E7%94%BB.mp4 HTTP/1.1" 200 OK
2026-05-06 14:32:01,204 INFO sqlalchemy.engine.Engine BEGIN (implicit)
2026-05-06 14:32:01,204 INFO sqlalchemy.engine.Engine SELECT chapters.id AS chapters_id, chapters.story_id AS chapters_story_id, chapters.chapter_number AS chapters_chapter_number, chapters.title AS chapters_title, chapters.content AS chapters_content, chapters.char_count AS chapters_char_count, chapters.has_censored_words AS chapters_has_censored_words, chapters.censored_count AS chapters_censored_count, chapters.status AS chapters_status, chapters.created_at AS chapters_created_at, chapters.updated_at AS chapters_updated_at 
FROM chapters 
WHERE chapters.story_id = %(story_id_1)s
2026-05-06 14:32:01,204 INFO sqlalchemy.engine.Engine [cached since 157.3s ago] {'story_id_1': '2f846d20-9d22-4e0b-8945-a010a5a48bb8'}
2026-05-06 14:32:01,206 INFO sqlalchemy.engine.Engine ROLLBACK
INFO:     127.0.0.1:42258 - "GET /api/v1/chapters/story/2f846d20-9d22-4e0b-8945-a010a5a48bb8/stats HTTP/1.1" 200 OK
2026-05-06 14:32:01,224 INFO sqlalchemy.engine.Engine BEGIN (implicit)
2026-05-06 14:32:01,225 INFO sqlalchemy.engine.Engine SELECT merged_audio.id AS merged_audio_id, merged_audio.story_id AS merged_audio_story_id, merged_audio.file_path AS merged_audio_file_path, merged_audio.file_size AS merged_audio_file_size, merged_audio.duration AS merged_audio_duration, merged_audio.format AS merged_audio_format, merged_audio.total_chapters AS merged_audio_total_chapters, merged_audio.created_at AS merged_audio_created_at 
FROM merged_audio 
WHERE merged_audio.story_id = %(story_id_1)s ORDER BY merged_audio.created_at DESC 
 LIMIT %(param_1)s
2026-05-06 14:32:01,225 INFO sqlalchemy.engine.Engine [cached since 157.3s ago] {'story_id_1': '2f846d20-9d22-4e0b-8945-a010a5a48bb8', 'param_1': 1}
2026-05-06 14:32:01,227 INFO sqlalchemy.engine.Engine ROLLBACK
INFO:     127.0.0.1:42272 - "GET /api/v1/video/audio-path/2f846d20-9d22-4e0b-8945-a010a5a48bb8 HTTP/1.1" 200 OK
2026-05-06 14:32:01,269 INFO sqlalchemy.engine.Engine BEGIN (implicit)
2026-05-06 14:32:01,270 INFO sqlalchemy.engine.Engine SELECT video_outputs.id AS video_outputs_id, video_outputs.story_id AS video_outputs_story_id, video_outputs.audio_source_path AS video_outputs_audio_source_path, video_outputs.video_source_folder AS video_outputs_video_source_folder, video_outputs.output_path AS video_outputs_output_path, video_outputs.file_size AS video_outputs_file_size, video_outputs.duration AS video_outputs_duration, video_outputs.audio_speed AS video_outputs_audio_speed, video_outputs.transition_effect AS video_outputs_transition_effect, video_outputs.transition_duration AS video_outputs_transition_duration, video_outputs.resolution AS video_outputs_resolution, video_outputs.status AS video_outputs_status, video_outputs.error_message AS video_outputs_error_message, video_outputs.created_at AS video_outputs_created_at, video_outputs.updated_at AS video_outputs_updated_at 
FROM video_outputs 
WHERE video_outputs.story_id = %(story_id_1)s ORDER BY video_outputs.created_at DESC 
 LIMIT %(param_1)s
2026-05-06 14:32:01,270 INFO sqlalchemy.engine.Engine [cached since 157.3s ago] {'story_id_1': '2f846d20-9d22-4e0b-8945-a010a5a48bb8', 'param_1': 1}
2026-05-06 14:32:01,272 INFO sqlalchemy.engine.Engine ROLLBACK
INFO:     127.0.0.1:42276 - "GET /api/v1/video/result/2f846d20-9d22-4e0b-8945-a010a5a48bb8 HTTP/1.1" 404 Not Found
2026-05-06 14:32:01.539 | INFO     | app.services.video_processor:__init__:42 - NVENC GPU encoding available (h264_nvenc)
INFO:     127.0.0.1:42286 - "GET /api/v1/video/audio-duration?path=storage%2Faudio%2FStory_20260421_133734%2Fmerged_audio.mp3 HTTP/1.1" 200 OK
INFO:     127.0.0.1:56436 - "POST /api/v1/video/browse-files HTTP/1.1" 200 OK
WARNING:  WatchFiles detected changes in 'app/api/video.py'. Reloading...
INFO:     Shutting down
INFO:     Waiting for application shutdown.
2026-05-06 15:07:31.979 | INFO     | app.main:shutdown_event:70 - Shutting down TruyenFull Processor API...
INFO:     Application shutdown complete.
INFO:     Finished server process [471740]
2026-05-06 15:07:32.921 | INFO     | app.database:<module>:10 - Connecting to database: localhost:3307/truyenfull_db
INFO:     Started server process [520870]
INFO:     Waiting for application startup.
2026-05-06 15:07:33.387 | INFO     | app.main:startup_event:54 - Starting TruyenFull Processor API...
2026-05-06 15:07:33.387 | INFO     | app.main:startup_event:55 - Debug mode: True
2026-05-06 15:07:33.387 | INFO     | app.main:startup_event:56 - CORS origins: ['http://localhost:5173', 'http://localhost:3000']
2026-05-06 15:07:33,389 INFO sqlalchemy.engine.Engine SELECT DATABASE()
2026-05-06 15:07:33,389 INFO sqlalchemy.engine.Engine [raw sql] {}
2026-05-06 15:07:33,390 INFO sqlalchemy.engine.Engine SELECT @@sql_mode
2026-05-06 15:07:33,390 INFO sqlalchemy.engine.Engine [raw sql] {}
2026-05-06 15:07:33,390 INFO sqlalchemy.engine.Engine SELECT @@lower_case_table_names
2026-05-06 15:07:33,390 INFO sqlalchemy.engine.Engine [raw sql] {}
2026-05-06 15:07:33,392 INFO sqlalchemy.engine.Engine BEGIN (implicit)
2026-05-06 15:07:33,393 INFO sqlalchemy.engine.Engine SELECT 1
2026-05-06 15:07:33,393 INFO sqlalchemy.engine.Engine [generated in 0.00041s] {}
2026-05-06 15:07:33,394 INFO sqlalchemy.engine.Engine ROLLBACK
2026-05-06 15:07:33.395 | INFO     | app.database:test_connection:49 - Database connection successful
2026-05-06 15:07:33.395 | INFO     | app.main:startup_event:60 - Database connection successful
INFO:     Application startup complete.
WARNING:  WatchFiles detected changes in 'app/services/video_processor.py'. Reloading...
INFO:     Shutting down
INFO:     Waiting for application shutdown.
2026-05-06 15:08:23.799 | INFO     | app.main:shutdown_event:70 - Shutting down TruyenFull Processor API...
INFO:     Application shutdown complete.
INFO:     Finished server process [520870]
2026-05-06 15:08:24.648 | INFO     | app.database:<module>:10 - Connecting to database: localhost:3307/truyenfull_db
INFO:     Started server process [522235]
INFO:     Waiting for application startup.
2026-05-06 15:08:25.092 | INFO     | app.main:startup_event:54 - Starting TruyenFull Processor API...
2026-05-06 15:08:25.092 | INFO     | app.main:startup_event:55 - Debug mode: True
2026-05-06 15:08:25.092 | INFO     | app.main:startup_event:56 - CORS origins: ['http://localhost:5173', 'http://localhost:3000']
2026-05-06 15:08:25,094 INFO sqlalchemy.engine.Engine SELECT DATABASE()
2026-05-06 15:08:25,094 INFO sqlalchemy.engine.Engine [raw sql] {}
2026-05-06 15:08:25,095 INFO sqlalchemy.engine.Engine SELECT @@sql_mode
2026-05-06 15:08:25,095 INFO sqlalchemy.engine.Engine [raw sql] {}
2026-05-06 15:08:25,095 INFO sqlalchemy.engine.Engine SELECT @@lower_case_table_names
2026-05-06 15:08:25,095 INFO sqlalchemy.engine.Engine [raw sql] {}
2026-05-06 15:08:25,096 INFO sqlalchemy.engine.Engine BEGIN (implicit)
2026-05-06 15:08:25,096 INFO sqlalchemy.engine.Engine SELECT 1
2026-05-06 15:08:25,096 INFO sqlalchemy.engine.Engine [generated in 0.00010s] {}
2026-05-06 15:08:25,096 INFO sqlalchemy.engine.Engine ROLLBACK
2026-05-06 15:08:25.097 | INFO     | app.database:test_connection:49 - Database connection successful
2026-05-06 15:08:25.097 | INFO     | app.main:startup_event:60 - Database connection successful
INFO:     Application startup complete.
WARNING:  WatchFiles detected changes in 'app/api/video.py'. Reloading...
INFO:     Shutting down
INFO:     Waiting for application shutdown.
2026-05-06 15:08:41.827 | INFO     | app.main:shutdown_event:70 - Shutting down TruyenFull Processor API...
INFO:     Application shutdown complete.
INFO:     Finished server process [522235]
2026-05-06 15:08:42.725 | INFO     | app.database:<module>:10 - Connecting to database: localhost:3307/truyenfull_db
INFO:     Started server process [522707]
INFO:     Waiting for application startup.
2026-05-06 15:08:43.138 | INFO     | app.main:startup_event:54 - Starting TruyenFull Processor API...
2026-05-06 15:08:43.138 | INFO     | app.main:startup_event:55 - Debug mode: True
2026-05-06 15:08:43.138 | INFO     | app.main:startup_event:56 - CORS origins: ['http://localhost:5173', 'http://localhost:3000']
2026-05-06 15:08:43,140 INFO sqlalchemy.engine.Engine SELECT DATABASE()
2026-05-06 15:08:43,140 INFO sqlalchemy.engine.Engine [raw sql] {}
2026-05-06 15:08:43,141 INFO sqlalchemy.engine.Engine SELECT @@sql_mode
2026-05-06 15:08:43,141 INFO sqlalchemy.engine.Engine [raw sql] {}
2026-05-06 15:08:43,141 INFO sqlalchemy.engine.Engine SELECT @@lower_case_table_names
2026-05-06 15:08:43,141 INFO sqlalchemy.engine.Engine [raw sql] {}
2026-05-06 15:08:43,142 INFO sqlalchemy.engine.Engine BEGIN (implicit)
2026-05-06 15:08:43,142 INFO sqlalchemy.engine.Engine SELECT 1
2026-05-06 15:08:43,142 INFO sqlalchemy.engine.Engine [generated in 0.00008s] {}
2026-05-06 15:08:43,142 INFO sqlalchemy.engine.Engine ROLLBACK
2026-05-06 15:08:43.142 | INFO     | app.database:test_connection:49 - Database connection successful
2026-05-06 15:08:43.143 | INFO     | app.main:startup_event:60 - Database connection successful
INFO:     Application startup complete.
WARNING:  WatchFiles detected changes in 'app/api/video.py'. Reloading...
INFO:     Shutting down
INFO:     Waiting for application shutdown.
2026-05-06 15:09:27.023 | INFO     | app.main:shutdown_event:70 - Shutting down TruyenFull Processor API...
INFO:     Application shutdown complete.
INFO:     Finished server process [522707]
2026-05-06 15:09:27.846 | INFO     | app.database:<module>:10 - Connecting to database: localhost:3307/truyenfull_db
INFO:     Started server process [523295]
INFO:     Waiting for application startup.
2026-05-06 15:09:28.253 | INFO     | app.main:startup_event:54 - Starting TruyenFull Processor API...
2026-05-06 15:09:28.253 | INFO     | app.main:startup_event:55 - Debug mode: True
2026-05-06 15:09:28.254 | INFO     | app.main:startup_event:56 - CORS origins: ['http://localhost:5173', 'http://localhost:3000']
2026-05-06 15:09:28,255 INFO sqlalchemy.engine.Engine SELECT DATABASE()
2026-05-06 15:09:28,256 INFO sqlalchemy.engine.Engine [raw sql] {}
2026-05-06 15:09:28,256 INFO sqlalchemy.engine.Engine SELECT @@sql_mode
2026-05-06 15:09:28,256 INFO sqlalchemy.engine.Engine [raw sql] {}
2026-05-06 15:09:28,256 INFO sqlalchemy.engine.Engine SELECT @@lower_case_table_names
2026-05-06 15:09:28,256 INFO sqlalchemy.engine.Engine [raw sql] {}
2026-05-06 15:09:28,257 INFO sqlalchemy.engine.Engine BEGIN (implicit)
2026-05-06 15:09:28,257 INFO sqlalchemy.engine.Engine SELECT 1
2026-05-06 15:09:28,257 INFO sqlalchemy.engine.Engine [generated in 0.00008s] {}
2026-05-06 15:09:28,257 INFO sqlalchemy.engine.Engine ROLLBACK
2026-05-06 15:09:28.257 | INFO     | app.database:test_connection:49 - Database connection successful
2026-05-06 15:09:28.258 | INFO     | app.main:startup_event:60 - Database connection successful
INFO:     Application startup complete.
INFO:     127.0.0.1:44146 - "GET /api/v1/video/fonts HTTP/1.1" 200 OK
INFO:     127.0.0.1:44154 - "GET /api/v1/video/sample-clip?folder=%2Fhome%2Fduoclv%2FDownloads%2Ftemp-20260506T015716Z-3-001%2Ftemp%2Frandom_50min_20260419_210319 HTTP/1.1" 200 OK
2026-05-06 15:10:59,993 INFO sqlalchemy.engine.Engine BEGIN (implicit)
2026-05-06 15:10:59,996 INFO sqlalchemy.engine.Engine SELECT stories.id AS stories_id, stories.title AS stories_title, stories.url AS stories_url, stories.author AS stories_author, stories.total_chapters AS stories_total_chapters, stories.start_chapter AS stories_start_chapter, stories.end_chapter AS stories_end_chapter, stories.custom_chapter_urls AS stories_custom_chapter_urls, stories.status AS stories_status, stories.current_step AS stories_current_step, stories.is_favorite AS stories_is_favorite, stories.merged_content AS stories_merged_content, stories.created_at AS stories_created_at, stories.updated_at AS stories_updated_at 
FROM stories 
WHERE stories.id = %(id_1)s 
 LIMIT %(param_1)s
2026-05-06 15:10:59,996 INFO sqlalchemy.engine.Engine [generated in 0.00019s] {'id_1': '2f846d20-9d22-4e0b-8945-a010a5a48bb8', 'param_1': 1}
2026-05-06 15:11:00,000 INFO sqlalchemy.engine.Engine BEGIN (implicit)
2026-05-06 15:11:00,001 INFO sqlalchemy.engine.Engine SELECT voices.id AS voices_id, voices.code AS voices_code, voices.name AS voices_name, voices.gender AS voices_gender, voices.locale AS voices_locale, voices.category AS voices_category, voices.description AS voices_description, voices.demo_url AS voices_demo_url, voices.is_active AS voices_is_active, voices.`rank` AS voices_rank, voices.created_at AS voices_created_at 
FROM voices 
WHERE voices.is_active = true ORDER BY voices.`rank`
2026-05-06 15:11:00,001 INFO sqlalchemy.engine.Engine [generated in 0.00014s] {}
2026-05-06 15:11:00.003 | INFO     | app.api.tts:list_voices:87 - Retrieved 14 voices from database
2026-05-06 15:11:00,006 INFO sqlalchemy.engine.Engine BEGIN (implicit)
2026-05-06 15:11:00,007 INFO sqlalchemy.engine.Engine SELECT video_presets.id AS video_presets_id, video_presets.name AS video_presets_name, video_presets.cfg AS video_presets_cfg, video_presets.created_at AS video_presets_created_at, video_presets.updated_at AS video_presets_updated_at 
FROM video_presets ORDER BY video_presets.created_at DESC
2026-05-06 15:11:00,007 INFO sqlalchemy.engine.Engine [generated in 0.00014s] {}
2026-05-06 15:11:00,008 INFO sqlalchemy.engine.Engine ROLLBACK
2026-05-06 15:11:00,009 INFO sqlalchemy.engine.Engine ROLLBACK
2026-05-06 15:11:00,009 INFO sqlalchemy.engine.Engine ROLLBACK
INFO:     127.0.0.1:44176 - "GET /api/v1/tts/voices HTTP/1.1" 200 OK
INFO:     127.0.0.1:44160 - "GET /api/v1/stories/2f846d20-9d22-4e0b-8945-a010a5a48bb8 HTTP/1.1" 200 OK
INFO:     127.0.0.1:44182 - "GET /api/v1/video-presets/ HTTP/1.1" 200 OK
2026-05-06 15:11:00,024 INFO sqlalchemy.engine.Engine BEGIN (implicit)
2026-05-06 15:11:00,026 INFO sqlalchemy.engine.Engine SELECT chapters.id AS chapters_id, chapters.story_id AS chapters_story_id, chapters.chapter_number AS chapters_chapter_number, chapters.title AS chapters_title, chapters.content AS chapters_content, chapters.char_count AS chapters_char_count, chapters.has_censored_words AS chapters_has_censored_words, chapters.censored_count AS chapters_censored_count, chapters.status AS chapters_status, chapters.created_at AS chapters_created_at, chapters.updated_at AS chapters_updated_at 
FROM chapters 
WHERE chapters.story_id = %(story_id_1)s ORDER BY chapters.chapter_number
2026-05-06 15:11:00,026 INFO sqlalchemy.engine.Engine [generated in 0.00021s] {'story_id_1': '2f846d20-9d22-4e0b-8945-a010a5a48bb8'}
2026-05-06 15:11:00,029 INFO sqlalchemy.engine.Engine ROLLBACK
INFO:     127.0.0.1:44198 - "GET /api/v1/stories/2f846d20-9d22-4e0b-8945-a010a5a48bb8/chapters HTTP/1.1" 200 OK
2026-05-06 15:11:00,040 INFO sqlalchemy.engine.Engine BEGIN (implicit)
2026-05-06 15:11:00,040 INFO sqlalchemy.engine.Engine SELECT chapters.id AS chapters_id, chapters.story_id AS chapters_story_id, chapters.chapter_number AS chapters_chapter_number, chapters.title AS chapters_title, chapters.content AS chapters_content, chapters.char_count AS chapters_char_count, chapters.has_censored_words AS chapters_has_censored_words, chapters.censored_count AS chapters_censored_count, chapters.status AS chapters_status, chapters.created_at AS chapters_created_at, chapters.updated_at AS chapters_updated_at 
FROM chapters 
WHERE chapters.story_id = %(story_id_1)s
2026-05-06 15:11:00,040 INFO sqlalchemy.engine.Engine [generated in 0.00020s] {'story_id_1': '2f846d20-9d22-4e0b-8945-a010a5a48bb8'}
2026-05-06 15:11:00,044 INFO sqlalchemy.engine.Engine ROLLBACK
INFO:     127.0.0.1:44200 - "GET /api/v1/chapters/story/2f846d20-9d22-4e0b-8945-a010a5a48bb8/stats HTTP/1.1" 200 OK
2026-05-06 15:11:00,052 INFO sqlalchemy.engine.Engine BEGIN (implicit)
2026-05-06 15:11:00,054 INFO sqlalchemy.engine.Engine SELECT merged_audio.id AS merged_audio_id, merged_audio.story_id AS merged_audio_story_id, merged_audio.file_path AS merged_audio_file_path, merged_audio.file_size AS merged_audio_file_size, merged_audio.duration AS merged_audio_duration, merged_audio.format AS merged_audio_format, merged_audio.total_chapters AS merged_audio_total_chapters, merged_audio.created_at AS merged_audio_created_at 
FROM merged_audio 
WHERE merged_audio.story_id = %(story_id_1)s ORDER BY merged_audio.created_at DESC 
 LIMIT %(param_1)s
2026-05-06 15:11:00,054 INFO sqlalchemy.engine.Engine [generated in 0.00017s] {'story_id_1': '2f846d20-9d22-4e0b-8945-a010a5a48bb8', 'param_1': 1}
2026-05-06 15:11:00,056 INFO sqlalchemy.engine.Engine ROLLBACK
INFO:     127.0.0.1:44214 - "GET /api/v1/video/audio-path/2f846d20-9d22-4e0b-8945-a010a5a48bb8 HTTP/1.1" 200 OK
2026-05-06 15:11:00,063 INFO sqlalchemy.engine.Engine BEGIN (implicit)
2026-05-06 15:11:00,064 INFO sqlalchemy.engine.Engine SELECT video_outputs.id AS video_outputs_id, video_outputs.story_id AS video_outputs_story_id, video_outputs.audio_source_path AS video_outputs_audio_source_path, video_outputs.video_source_folder AS video_outputs_video_source_folder, video_outputs.output_path AS video_outputs_output_path, video_outputs.file_size AS video_outputs_file_size, video_outputs.duration AS video_outputs_duration, video_outputs.audio_speed AS video_outputs_audio_speed, video_outputs.transition_effect AS video_outputs_transition_effect, video_outputs.transition_duration AS video_outputs_transition_duration, video_outputs.resolution AS video_outputs_resolution, video_outputs.status AS video_outputs_status, video_outputs.error_message AS video_outputs_error_message, video_outputs.created_at AS video_outputs_created_at, video_outputs.updated_at AS video_outputs_updated_at 
FROM video_outputs 
WHERE video_outputs.story_id = %(story_id_1)s ORDER BY video_outputs.created_at DESC 
 LIMIT %(param_1)s
2026-05-06 15:11:00,064 INFO sqlalchemy.engine.Engine [generated in 0.00016s] {'story_id_1': '2f846d20-9d22-4e0b-8945-a010a5a48bb8', 'param_1': 1}
2026-05-06 15:11:00,065 INFO sqlalchemy.engine.Engine ROLLBACK
INFO:     127.0.0.1:44220 - "GET /api/v1/video/result/2f846d20-9d22-4e0b-8945-a010a5a48bb8 HTTP/1.1" 404 Not Found
2026-05-06 15:11:01.090 | INFO     | app.services.video_processor:__init__:42 - NVENC GPU encoding available (h264_nvenc)
INFO:     127.0.0.1:44230 - "GET /api/v1/video/audio-duration?path=storage%2Faudio%2FStory_20260421_133734%2Fmerged_audio.mp3 HTTP/1.1" 200 OK
INFO:     127.0.0.1:37108 - "GET /api/v1/video/fonts HTTP/1.1" 200 OK
INFO:     127.0.0.1:37120 - "GET /api/v1/video/fonts HTTP/1.1" 200 OK
INFO:     127.0.0.1:50168 - "GET /api/v1/video/fonts HTTP/1.1" 200 OK
2026-05-06 15:11:40.044 | INFO     | app.services.video_processor:__init__:42 - NVENC GPU encoding available (h264_nvenc)
INFO:     127.0.0.1:50178 - "GET /api/v1/video/folder-clips?folder=%2Fhome%2Fduoclv%2FDownloads%2Ftemp-20260506T015716Z-3-001%2Ftemp%2Frandom_50min_20260419_210319&limit=200 HTTP/1.1" 200 OK
INFO:     127.0.0.1:50212 - "GET /api/v1/video/fonts HTTP/1.1" 200 OK
2026-05-06 15:11:45,352 INFO sqlalchemy.engine.Engine BEGIN (implicit)
2026-05-06 15:11:45,352 INFO sqlalchemy.engine.Engine SELECT stories.id AS stories_id, stories.title AS stories_title, stories.url AS stories_url, stories.author AS stories_author, stories.total_chapters AS stories_total_chapters, stories.start_chapter AS stories_start_chapter, stories.end_chapter AS stories_end_chapter, stories.custom_chapter_urls AS stories_custom_chapter_urls, stories.status AS stories_status, stories.current_step AS stories_current_step, stories.is_favorite AS stories_is_favorite, stories.merged_content AS stories_merged_content, stories.created_at AS stories_created_at, stories.updated_at AS stories_updated_at 
FROM stories 
WHERE stories.id = %(id_1)s 
 LIMIT %(param_1)s
2026-05-06 15:11:45,352 INFO sqlalchemy.engine.Engine [cached since 45.36s ago] {'id_1': '2f846d20-9d22-4e0b-8945-a010a5a48bb8', 'param_1': 1}
2026-05-06 15:11:45,354 INFO sqlalchemy.engine.Engine BEGIN (implicit)
2026-05-06 15:11:45,355 INFO sqlalchemy.engine.Engine SELECT voices.id AS voices_id, voices.code AS voices_code, voices.name AS voices_name, voices.gender AS voices_gender, voices.locale AS voices_locale, voices.category AS voices_category, voices.description AS voices_description, voices.demo_url AS voices_demo_url, voices.is_active AS voices_is_active, voices.`rank` AS voices_rank, voices.created_at AS voices_created_at 
FROM voices 
WHERE voices.is_active = true ORDER BY voices.`rank`
2026-05-06 15:11:45,355 INFO sqlalchemy.engine.Engine [cached since 45.35s ago] {}
2026-05-06 15:11:45.356 | INFO     | app.api.tts:list_voices:87 - Retrieved 14 voices from database
2026-05-06 15:11:45.434 | INFO     | app.services.video_processor:__init__:42 - NVENC GPU encoding available (h264_nvenc)
INFO:     127.0.0.1:50226 - "GET /api/v1/video/folder-clips?folder=%2Fhome%2Fduoclv%2FDownloads%2Ftemp-20260506T015716Z-3-001%2Ftemp%2Frandom_50min_20260419_210319&limit=200 HTTP/1.1" 200 OK
2026-05-06 15:11:50,655 INFO sqlalchemy.engine.Engine BEGIN (implicit)
2026-05-06 15:11:50,656 INFO sqlalchemy.engine.Engine SELECT video_presets.id AS video_presets_id, video_presets.name AS video_presets_name, video_presets.cfg AS video_presets_cfg, video_presets.created_at AS video_presets_created_at, video_presets.updated_at AS video_presets_updated_at 
FROM video_presets ORDER BY video_presets.created_at DESC
2026-05-06 15:11:50,656 INFO sqlalchemy.engine.Engine [cached since 50.65s ago] {}
2026-05-06 15:11:50,657 INFO sqlalchemy.engine.Engine ROLLBACK
2026-05-06 15:11:50,657 INFO sqlalchemy.engine.Engine ROLLBACK
2026-05-06 15:11:50,658 INFO sqlalchemy.engine.Engine ROLLBACK
INFO:     127.0.0.1:50184 - "GET /api/v1/stories/2f846d20-9d22-4e0b-8945-a010a5a48bb8 HTTP/1.1" 200 OK
INFO:     127.0.0.1:50196 - "GET /api/v1/tts/voices HTTP/1.1" 200 OK
INFO:     127.0.0.1:50210 - "GET /api/v1/video-presets/ HTTP/1.1" 200 OK
2026-05-06 15:11:50,664 INFO sqlalchemy.engine.Engine BEGIN (implicit)
2026-05-06 15:11:50,664 INFO sqlalchemy.engine.Engine SELECT voices.id AS voices_id, voices.code AS voices_code, voices.name AS voices_name, voices.gender AS voices_gender, voices.locale AS voices_locale, voices.category AS voices_category, voices.description AS voices_description, voices.demo_url AS voices_demo_url, voices.is_active AS voices_is_active, voices.`rank` AS voices_rank, voices.created_at AS voices_created_at 
FROM voices 
WHERE voices.is_active = true ORDER BY voices.`rank`
2026-05-06 15:11:50,664 INFO sqlalchemy.engine.Engine [cached since 50.66s ago] {}
2026-05-06 15:11:50.665 | INFO     | app.api.tts:list_voices:87 - Retrieved 14 voices from database
2026-05-06 15:11:50,666 INFO sqlalchemy.engine.Engine ROLLBACK
2026-05-06 15:11:50,668 INFO sqlalchemy.engine.Engine BEGIN (implicit)
2026-05-06 15:11:50,668 INFO sqlalchemy.engine.Engine SELECT stories.id AS stories_id, stories.title AS stories_title, stories.url AS stories_url, stories.author AS stories_author, stories.total_chapters AS stories_total_chapters, stories.start_chapter AS stories_start_chapter, stories.end_chapter AS stories_end_chapter, stories.custom_chapter_urls AS stories_custom_chapter_urls, stories.status AS stories_status, stories.current_step AS stories_current_step, stories.is_favorite AS stories_is_favorite, stories.merged_content AS stories_merged_content, stories.created_at AS stories_created_at, stories.updated_at AS stories_updated_at 
FROM stories 
WHERE stories.id = %(id_1)s 
 LIMIT %(param_1)s
2026-05-06 15:11:50,668 INFO sqlalchemy.engine.Engine [cached since 50.67s ago] {'id_1': '2f846d20-9d22-4e0b-8945-a010a5a48bb8', 'param_1': 1}
2026-05-06 15:11:50,669 INFO sqlalchemy.engine.Engine BEGIN (implicit)
2026-05-06 15:11:50,669 INFO sqlalchemy.engine.Engine SELECT video_presets.id AS video_presets_id, video_presets.name AS video_presets_name, video_presets.cfg AS video_presets_cfg, video_presets.created_at AS video_presets_created_at, video_presets.updated_at AS video_presets_updated_at 
FROM video_presets ORDER BY video_presets.created_at DESC
2026-05-06 15:11:50,669 INFO sqlalchemy.engine.Engine [cached since 50.66s ago] {}
INFO:     127.0.0.1:39024 - "GET /api/v1/tts/voices HTTP/1.1" 200 OK
2026-05-06 15:11:50,671 INFO sqlalchemy.engine.Engine BEGIN (implicit)
2026-05-06 15:11:50,671 INFO sqlalchemy.engine.Engine SELECT chapters.id AS chapters_id, chapters.story_id AS chapters_story_id, chapters.chapter_number AS chapters_chapter_number, chapters.title AS chapters_title, chapters.content AS chapters_content, chapters.char_count AS chapters_char_count, chapters.has_censored_words AS chapters_has_censored_words, chapters.censored_count AS chapters_censored_count, chapters.status AS chapters_status, chapters.created_at AS chapters_created_at, chapters.updated_at AS chapters_updated_at 
FROM chapters 
WHERE chapters.story_id = %(story_id_1)s ORDER BY chapters.chapter_number
2026-05-06 15:11:50,671 INFO sqlalchemy.engine.Engine [cached since 50.65s ago] {'story_id_1': '2f846d20-9d22-4e0b-8945-a010a5a48bb8'}
2026-05-06 15:11:50,673 INFO sqlalchemy.engine.Engine ROLLBACK
2026-05-06 15:11:50,673 INFO sqlalchemy.engine.Engine ROLLBACK
2026-05-06 15:11:50,673 INFO sqlalchemy.engine.Engine ROLLBACK
INFO:     127.0.0.1:39044 - "GET /api/v1/stories/2f846d20-9d22-4e0b-8945-a010a5a48bb8/chapters HTTP/1.1" 200 OK
INFO:     127.0.0.1:39040 - "GET /api/v1/video-presets/ HTTP/1.1" 200 OK
INFO:     127.0.0.1:39036 - "GET /api/v1/stories/2f846d20-9d22-4e0b-8945-a010a5a48bb8 HTTP/1.1" 200 OK
2026-05-06 15:11:50,680 INFO sqlalchemy.engine.Engine BEGIN (implicit)
2026-05-06 15:11:50,681 INFO sqlalchemy.engine.Engine SELECT chapters.id AS chapters_id, chapters.story_id AS chapters_story_id, chapters.chapter_number AS chapters_chapter_number, chapters.title AS chapters_title, chapters.content AS chapters_content, chapters.char_count AS chapters_char_count, chapters.has_censored_words AS chapters_has_censored_words, chapters.censored_count AS chapters_censored_count, chapters.status AS chapters_status, chapters.created_at AS chapters_created_at, chapters.updated_at AS chapters_updated_at 
FROM chapters 
WHERE chapters.story_id = %(story_id_1)s ORDER BY chapters.chapter_number
2026-05-06 15:11:50,681 INFO sqlalchemy.engine.Engine [cached since 50.66s ago] {'story_id_1': '2f846d20-9d22-4e0b-8945-a010a5a48bb8'}
2026-05-06 15:11:50,683 INFO sqlalchemy.engine.Engine ROLLBACK
2026-05-06 15:11:50,684 INFO sqlalchemy.engine.Engine BEGIN (implicit)
2026-05-06 15:11:50,684 INFO sqlalchemy.engine.Engine SELECT chapters.id AS chapters_id, chapters.story_id AS chapters_story_id, chapters.chapter_number AS chapters_chapter_number, chapters.title AS chapters_title, chapters.content AS chapters_content, chapters.char_count AS chapters_char_count, chapters.has_censored_words AS chapters_has_censored_words, chapters.censored_count AS chapters_censored_count, chapters.status AS chapters_status, chapters.created_at AS chapters_created_at, chapters.updated_at AS chapters_updated_at 
FROM chapters 
WHERE chapters.story_id = %(story_id_1)s
2026-05-06 15:11:50,684 INFO sqlalchemy.engine.Engine [cached since 50.64s ago] {'story_id_1': '2f846d20-9d22-4e0b-8945-a010a5a48bb8'}
INFO:     127.0.0.1:39054 - "GET /api/v1/stories/2f846d20-9d22-4e0b-8945-a010a5a48bb8/chapters HTTP/1.1" 200 OK
2026-05-06 15:11:50,687 INFO sqlalchemy.engine.Engine ROLLBACK
INFO:     127.0.0.1:39058 - "GET /api/v1/chapters/story/2f846d20-9d22-4e0b-8945-a010a5a48bb8/stats HTTP/1.1" 200 OK
2026-05-06 15:11:50,694 INFO sqlalchemy.engine.Engine BEGIN (implicit)
2026-05-06 15:11:50,694 INFO sqlalchemy.engine.Engine SELECT chapters.id AS chapters_id, chapters.story_id AS chapters_story_id, chapters.chapter_number AS chapters_chapter_number, chapters.title AS chapters_title, chapters.content AS chapters_content, chapters.char_count AS chapters_char_count, chapters.has_censored_words AS chapters_has_censored_words, chapters.censored_count AS chapters_censored_count, chapters.status AS chapters_status, chapters.created_at AS chapters_created_at, chapters.updated_at AS chapters_updated_at 
FROM chapters 
WHERE chapters.story_id = %(story_id_1)s
2026-05-06 15:11:50,694 INFO sqlalchemy.engine.Engine [cached since 50.65s ago] {'story_id_1': '2f846d20-9d22-4e0b-8945-a010a5a48bb8'}
2026-05-06 15:11:50,697 INFO sqlalchemy.engine.Engine ROLLBACK
2026-05-06 15:11:50,697 INFO sqlalchemy.engine.Engine BEGIN (implicit)
2026-05-06 15:11:50,698 INFO sqlalchemy.engine.Engine SELECT merged_audio.id AS merged_audio_id, merged_audio.story_id AS merged_audio_story_id, merged_audio.file_path AS merged_audio_file_path, merged_audio.file_size AS merged_audio_file_size, merged_audio.duration AS merged_audio_duration, merged_audio.format AS merged_audio_format, merged_audio.total_chapters AS merged_audio_total_chapters, merged_audio.created_at AS merged_audio_created_at 
FROM merged_audio 
WHERE merged_audio.story_id = %(story_id_1)s ORDER BY merged_audio.created_at DESC 
 LIMIT %(param_1)s
2026-05-06 15:11:50,698 INFO sqlalchemy.engine.Engine [cached since 50.64s ago] {'story_id_1': '2f846d20-9d22-4e0b-8945-a010a5a48bb8', 'param_1': 1}
INFO:     127.0.0.1:39062 - "GET /api/v1/chapters/story/2f846d20-9d22-4e0b-8945-a010a5a48bb8/stats HTTP/1.1" 200 OK
2026-05-06 15:11:50,699 INFO sqlalchemy.engine.Engine ROLLBACK
INFO:     127.0.0.1:39068 - "GET /api/v1/video/audio-path/2f846d20-9d22-4e0b-8945-a010a5a48bb8 HTTP/1.1" 200 OK
2026-05-06 15:11:50,704 INFO sqlalchemy.engine.Engine BEGIN (implicit)
2026-05-06 15:11:50,704 INFO sqlalchemy.engine.Engine SELECT merged_audio.id AS merged_audio_id, merged_audio.story_id AS merged_audio_story_id, merged_audio.file_path AS merged_audio_file_path, merged_audio.file_size AS merged_audio_file_size, merged_audio.duration AS merged_audio_duration, merged_audio.format AS merged_audio_format, merged_audio.total_chapters AS merged_audio_total_chapters, merged_audio.created_at AS merged_audio_created_at 
FROM merged_audio 
WHERE merged_audio.story_id = %(story_id_1)s ORDER BY merged_audio.created_at DESC 
 LIMIT %(param_1)s
2026-05-06 15:11:50,704 INFO sqlalchemy.engine.Engine [cached since 50.65s ago] {'story_id_1': '2f846d20-9d22-4e0b-8945-a010a5a48bb8', 'param_1': 1}
2026-05-06 15:11:50,705 INFO sqlalchemy.engine.Engine ROLLBACK
2026-05-06 15:11:50,706 INFO sqlalchemy.engine.Engine BEGIN (implicit)
2026-05-06 15:11:50,706 INFO sqlalchemy.engine.Engine SELECT video_outputs.id AS video_outputs_id, video_outputs.story_id AS video_outputs_story_id, video_outputs.audio_source_path AS video_outputs_audio_source_path, video_outputs.video_source_folder AS video_outputs_video_source_folder, video_outputs.output_path AS video_outputs_output_path, video_outputs.file_size AS video_outputs_file_size, video_outputs.duration AS video_outputs_duration, video_outputs.audio_speed AS video_outputs_audio_speed, video_outputs.transition_effect AS video_outputs_transition_effect, video_outputs.transition_duration AS video_outputs_transition_duration, video_outputs.resolution AS video_outputs_resolution, video_outputs.status AS video_outputs_status, video_outputs.error_message AS video_outputs_error_message, video_outputs.created_at AS video_outputs_created_at, video_outputs.updated_at AS video_outputs_updated_at 
FROM video_outputs 
WHERE video_outputs.story_id = %(story_id_1)s ORDER BY video_outputs.created_at DESC 
 LIMIT %(param_1)s
2026-05-06 15:11:50,706 INFO sqlalchemy.engine.Engine [cached since 50.64s ago] {'story_id_1': '2f846d20-9d22-4e0b-8945-a010a5a48bb8', 'param_1': 1}
INFO:     127.0.0.1:39076 - "GET /api/v1/video/audio-path/2f846d20-9d22-4e0b-8945-a010a5a48bb8 HTTP/1.1" 200 OK
2026-05-06 15:11:50,707 INFO sqlalchemy.engine.Engine ROLLBACK
INFO:     127.0.0.1:39078 - "GET /api/v1/video/result/2f846d20-9d22-4e0b-8945-a010a5a48bb8 HTTP/1.1" 404 Not Found
2026-05-06 15:11:50,711 INFO sqlalchemy.engine.Engine BEGIN (implicit)
2026-05-06 15:11:50,711 INFO sqlalchemy.engine.Engine SELECT video_outputs.id AS video_outputs_id, video_outputs.story_id AS video_outputs_story_id, video_outputs.audio_source_path AS video_outputs_audio_source_path, video_outputs.video_source_folder AS video_outputs_video_source_folder, video_outputs.output_path AS video_outputs_output_path, video_outputs.file_size AS video_outputs_file_size, video_outputs.duration AS video_outputs_duration, video_outputs.audio_speed AS video_outputs_audio_speed, video_outputs.transition_effect AS video_outputs_transition_effect, video_outputs.transition_duration AS video_outputs_transition_duration, video_outputs.resolution AS video_outputs_resolution, video_outputs.status AS video_outputs_status, video_outputs.error_message AS video_outputs_error_message, video_outputs.created_at AS video_outputs_created_at, video_outputs.updated_at AS video_outputs_updated_at 
FROM video_outputs 
WHERE video_outputs.story_id = %(story_id_1)s ORDER BY video_outputs.created_at DESC 
 LIMIT %(param_1)s
2026-05-06 15:11:50,711 INFO sqlalchemy.engine.Engine [cached since 50.65s ago] {'story_id_1': '2f846d20-9d22-4e0b-8945-a010a5a48bb8', 'param_1': 1}
2026-05-06 15:11:50,712 INFO sqlalchemy.engine.Engine ROLLBACK
INFO:     127.0.0.1:39088 - "GET /api/v1/video/result/2f846d20-9d22-4e0b-8945-a010a5a48bb8 HTTP/1.1" 404 Not Found
INFO:     127.0.0.1:52446 - "GET /api/v1/video/fonts HTTP/1.1" 200 OK
2026-05-06 15:11:58.037 | INFO     | app.services.video_processor:__init__:42 - NVENC GPU encoding available (h264_nvenc)
INFO:     127.0.0.1:52458 - "GET /api/v1/video/folder-clips?folder=%2Fhome%2Fduoclv%2FDownloads%2Ftemp-20260506T015716Z-3-001%2Ftemp%2Frandom_50min_20260419_210319&limit=200 HTTP/1.1" 200 OK
INFO:     127.0.0.1:52492 - "GET /api/v1/video/fonts HTTP/1.1" 200 OK
2026-05-06 15:12:03,221 INFO sqlalchemy.engine.Engine BEGIN (implicit)
2026-05-06 15:12:03,221 INFO sqlalchemy.engine.Engine SELECT stories.id AS stories_id, stories.title AS stories_title, stories.url AS stories_url, stories.author AS stories_author, stories.total_chapters AS stories_total_chapters, stories.start_chapter AS stories_start_chapter, stories.end_chapter AS stories_end_chapter, stories.custom_chapter_urls AS stories_custom_chapter_urls, stories.status AS stories_status, stories.current_step AS stories_current_step, stories.is_favorite AS stories_is_favorite, stories.merged_content AS stories_merged_content, stories.created_at AS stories_created_at, stories.updated_at AS stories_updated_at 
FROM stories 
WHERE stories.id = %(id_1)s 
 LIMIT %(param_1)s
2026-05-06 15:12:03,221 INFO sqlalchemy.engine.Engine [cached since 63.23s ago] {'id_1': '2f846d20-9d22-4e0b-8945-a010a5a48bb8', 'param_1': 1}
2026-05-06 15:12:03,223 INFO sqlalchemy.engine.Engine BEGIN (implicit)
2026-05-06 15:12:03,223 INFO sqlalchemy.engine.Engine SELECT voices.id AS voices_id, voices.code AS voices_code, voices.name AS voices_name, voices.gender AS voices_gender, voices.locale AS voices_locale, voices.category AS voices_category, voices.description AS voices_description, voices.demo_url AS voices_demo_url, voices.is_active AS voices_is_active, voices.`rank` AS voices_rank, voices.created_at AS voices_created_at 
FROM voices 
WHERE voices.is_active = true ORDER BY voices.`rank`
2026-05-06 15:12:03,223 INFO sqlalchemy.engine.Engine [cached since 63.22s ago] {}
2026-05-06 15:12:03.224 | INFO     | app.api.tts:list_voices:87 - Retrieved 14 voices from database
2026-05-06 15:12:03.305 | INFO     | app.services.video_processor:__init__:42 - NVENC GPU encoding available (h264_nvenc)
INFO:     127.0.0.1:52506 - "GET /api/v1/video/folder-clips?folder=%2Fhome%2Fduoclv%2FDownloads%2Ftemp-20260506T015716Z-3-001%2Ftemp%2Frandom_50min_20260419_210319&limit=200 HTTP/1.1" 200 OK
2026-05-06 15:12:08,660 INFO sqlalchemy.engine.Engine BEGIN (implicit)
2026-05-06 15:12:08,660 INFO sqlalchemy.engine.Engine SELECT video_presets.id AS video_presets_id, video_presets.name AS video_presets_name, video_presets.cfg AS video_presets_cfg, video_presets.created_at AS video_presets_created_at, video_presets.updated_at AS video_presets_updated_at 
FROM video_presets ORDER BY video_presets.created_at DESC
2026-05-06 15:12:08,660 INFO sqlalchemy.engine.Engine [cached since 68.65s ago] {}
2026-05-06 15:12:08,662 INFO sqlalchemy.engine.Engine ROLLBACK
2026-05-06 15:12:08,662 INFO sqlalchemy.engine.Engine ROLLBACK
INFO:     127.0.0.1:52460 - "GET /api/v1/stories/2f846d20-9d22-4e0b-8945-a010a5a48bb8 HTTP/1.1" 200 OK
2026-05-06 15:12:08,662 INFO sqlalchemy.engine.Engine ROLLBACK
INFO:     127.0.0.1:52476 - "GET /api/v1/video-presets/ HTTP/1.1" 200 OK
INFO:     127.0.0.1:52470 - "GET /api/v1/tts/voices HTTP/1.1" 200 OK
2026-05-06 15:12:08,668 INFO sqlalchemy.engine.Engine BEGIN (implicit)
2026-05-06 15:12:08,668 INFO sqlalchemy.engine.Engine SELECT stories.id AS stories_id, stories.title AS stories_title, stories.url AS stories_url, stories.author AS stories_author, stories.total_chapters AS stories_total_chapters, stories.start_chapter AS stories_start_chapter, stories.end_chapter AS stories_end_chapter, stories.custom_chapter_urls AS stories_custom_chapter_urls, stories.status AS stories_status, stories.current_step AS stories_current_step, stories.is_favorite AS stories_is_favorite, stories.merged_content AS stories_merged_content, stories.created_at AS stories_created_at, stories.updated_at AS stories_updated_at 
FROM stories 
WHERE stories.id = %(id_1)s 
 LIMIT %(param_1)s
2026-05-06 15:12:08,668 INFO sqlalchemy.engine.Engine [cached since 68.67s ago] {'id_1': '2f846d20-9d22-4e0b-8945-a010a5a48bb8', 'param_1': 1}
2026-05-06 15:12:08,670 INFO sqlalchemy.engine.Engine ROLLBACK
INFO:     127.0.0.1:41884 - "GET /api/v1/stories/2f846d20-9d22-4e0b-8945-a010a5a48bb8 HTTP/1.1" 200 OK
2026-05-06 15:12:08,673 INFO sqlalchemy.engine.Engine BEGIN (implicit)
2026-05-06 15:12:08,673 INFO sqlalchemy.engine.Engine SELECT voices.id AS voices_id, voices.code AS voices_code, voices.name AS voices_name, voices.gender AS voices_gender, voices.locale AS voices_locale, voices.category AS voices_category, voices.description AS voices_description, voices.demo_url AS voices_demo_url, voices.is_active AS voices_is_active, voices.`rank` AS voices_rank, voices.created_at AS voices_created_at 
FROM voices 
WHERE voices.is_active = true ORDER BY voices.`rank`
2026-05-06 15:12:08,673 INFO sqlalchemy.engine.Engine [cached since 68.67s ago] {}
2026-05-06 15:12:08.674 | INFO     | app.api.tts:list_voices:87 - Retrieved 14 voices from database
2026-05-06 15:12:08,675 INFO sqlalchemy.engine.Engine BEGIN (implicit)
2026-05-06 15:12:08,676 INFO sqlalchemy.engine.Engine SELECT chapters.id AS chapters_id, chapters.story_id AS chapters_story_id, chapters.chapter_number AS chapters_chapter_number, chapters.title AS chapters_title, chapters.content AS chapters_content, chapters.char_count AS chapters_char_count, chapters.has_censored_words AS chapters_has_censored_words, chapters.censored_count AS chapters_censored_count, chapters.status AS chapters_status, chapters.created_at AS chapters_created_at, chapters.updated_at AS chapters_updated_at 
FROM chapters 
WHERE chapters.story_id = %(story_id_1)s ORDER BY chapters.chapter_number
2026-05-06 15:12:08,676 INFO sqlalchemy.engine.Engine [cached since 68.65s ago] {'story_id_1': '2f846d20-9d22-4e0b-8945-a010a5a48bb8'}
2026-05-06 15:12:08,678 INFO sqlalchemy.engine.Engine BEGIN (implicit)
2026-05-06 15:12:08,678 INFO sqlalchemy.engine.Engine SELECT video_presets.id AS video_presets_id, video_presets.name AS video_presets_name, video_presets.cfg AS video_presets_cfg, video_presets.created_at AS video_presets_created_at, video_presets.updated_at AS video_presets_updated_at 
FROM video_presets ORDER BY video_presets.created_at DESC
2026-05-06 15:12:08,678 INFO sqlalchemy.engine.Engine [cached since 68.67s ago] {}
2026-05-06 15:12:08,679 INFO sqlalchemy.engine.Engine ROLLBACK
2026-05-06 15:12:08,679 INFO sqlalchemy.engine.Engine ROLLBACK
2026-05-06 15:12:08,679 INFO sqlalchemy.engine.Engine ROLLBACK
INFO:     127.0.0.1:41886 - "GET /api/v1/video-presets/ HTTP/1.1" 200 OK
INFO:     127.0.0.1:41892 - "GET /api/v1/stories/2f846d20-9d22-4e0b-8945-a010a5a48bb8/chapters HTTP/1.1" 200 OK
INFO:     127.0.0.1:41906 - "GET /api/v1/tts/voices HTTP/1.1" 200 OK
2026-05-06 15:12:08,685 INFO sqlalchemy.engine.Engine BEGIN (implicit)
2026-05-06 15:12:08,685 INFO sqlalchemy.engine.Engine SELECT chapters.id AS chapters_id, chapters.story_id AS chapters_story_id, chapters.chapter_number AS chapters_chapter_number, chapters.title AS chapters_title, chapters.content AS chapters_content, chapters.char_count AS chapters_char_count, chapters.has_censored_words AS chapters_has_censored_words, chapters.censored_count AS chapters_censored_count, chapters.status AS chapters_status, chapters.created_at AS chapters_created_at, chapters.updated_at AS chapters_updated_at 
FROM chapters 
WHERE chapters.story_id = %(story_id_1)s ORDER BY chapters.chapter_number
2026-05-06 15:12:08,685 INFO sqlalchemy.engine.Engine [cached since 68.66s ago] {'story_id_1': '2f846d20-9d22-4e0b-8945-a010a5a48bb8'}
2026-05-06 15:12:08,688 INFO sqlalchemy.engine.Engine ROLLBACK
2026-05-06 15:12:08,689 INFO sqlalchemy.engine.Engine BEGIN (implicit)
2026-05-06 15:12:08,689 INFO sqlalchemy.engine.Engine SELECT chapters.id AS chapters_id, chapters.story_id AS chapters_story_id, chapters.chapter_number AS chapters_chapter_number, chapters.title AS chapters_title, chapters.content AS chapters_content, chapters.char_count AS chapters_char_count, chapters.has_censored_words AS chapters_has_censored_words, chapters.censored_count AS chapters_censored_count, chapters.status AS chapters_status, chapters.created_at AS chapters_created_at, chapters.updated_at AS chapters_updated_at 
FROM chapters 
WHERE chapters.story_id = %(story_id_1)s
2026-05-06 15:12:08,689 INFO sqlalchemy.engine.Engine [cached since 68.65s ago] {'story_id_1': '2f846d20-9d22-4e0b-8945-a010a5a48bb8'}
INFO:     127.0.0.1:41914 - "GET /api/v1/stories/2f846d20-9d22-4e0b-8945-a010a5a48bb8/chapters HTTP/1.1" 200 OK
2026-05-06 15:12:08,692 INFO sqlalchemy.engine.Engine ROLLBACK
INFO:     127.0.0.1:41918 - "GET /api/v1/chapters/story/2f846d20-9d22-4e0b-8945-a010a5a48bb8/stats HTTP/1.1" 200 OK
2026-05-06 15:12:08,701 INFO sqlalchemy.engine.Engine BEGIN (implicit)
2026-05-06 15:12:08,702 INFO sqlalchemy.engine.Engine SELECT chapters.id AS chapters_id, chapters.story_id AS chapters_story_id, chapters.chapter_number AS chapters_chapter_number, chapters.title AS chapters_title, chapters.content AS chapters_content, chapters.char_count AS chapters_char_count, chapters.has_censored_words AS chapters_has_censored_words, chapters.censored_count AS chapters_censored_count, chapters.status AS chapters_status, chapters.created_at AS chapters_created_at, chapters.updated_at AS chapters_updated_at 
FROM chapters 
WHERE chapters.story_id = %(story_id_1)s
2026-05-06 15:12:08,702 INFO sqlalchemy.engine.Engine [cached since 68.66s ago] {'story_id_1': '2f846d20-9d22-4e0b-8945-a010a5a48bb8'}
2026-05-06 15:12:08,704 INFO sqlalchemy.engine.Engine ROLLBACK
2026-05-06 15:12:08,704 INFO sqlalchemy.engine.Engine BEGIN (implicit)
2026-05-06 15:12:08,705 INFO sqlalchemy.engine.Engine SELECT merged_audio.id AS merged_audio_id, merged_audio.story_id AS merged_audio_story_id, merged_audio.file_path AS merged_audio_file_path, merged_audio.file_size AS merged_audio_file_size, merged_audio.duration AS merged_audio_duration, merged_audio.format AS merged_audio_format, merged_audio.total_chapters AS merged_audio_total_chapters, merged_audio.created_at AS merged_audio_created_at 
FROM merged_audio 
WHERE merged_audio.story_id = %(story_id_1)s ORDER BY merged_audio.created_at DESC 
 LIMIT %(param_1)s
2026-05-06 15:12:08,705 INFO sqlalchemy.engine.Engine [cached since 68.65s ago] {'story_id_1': '2f846d20-9d22-4e0b-8945-a010a5a48bb8', 'param_1': 1}
INFO:     127.0.0.1:41922 - "GET /api/v1/chapters/story/2f846d20-9d22-4e0b-8945-a010a5a48bb8/stats HTTP/1.1" 200 OK
2026-05-06 15:12:08,706 INFO sqlalchemy.engine.Engine ROLLBACK
INFO:     127.0.0.1:41938 - "GET /api/v1/video/audio-path/2f846d20-9d22-4e0b-8945-a010a5a48bb8 HTTP/1.1" 200 OK
2026-05-06 15:12:08,712 INFO sqlalchemy.engine.Engine BEGIN (implicit)
2026-05-06 15:12:08,712 INFO sqlalchemy.engine.Engine SELECT merged_audio.id AS merged_audio_id, merged_audio.story_id AS merged_audio_story_id, merged_audio.file_path AS merged_audio_file_path, merged_audio.file_size AS merged_audio_file_size, merged_audio.duration AS merged_audio_duration, merged_audio.format AS merged_audio_format, merged_audio.total_chapters AS merged_audio_total_chapters, merged_audio.created_at AS merged_audio_created_at 
FROM merged_audio 
WHERE merged_audio.story_id = %(story_id_1)s ORDER BY merged_audio.created_at DESC 
 LIMIT %(param_1)s
2026-05-06 15:12:08,712 INFO sqlalchemy.engine.Engine [cached since 68.66s ago] {'story_id_1': '2f846d20-9d22-4e0b-8945-a010a5a48bb8', 'param_1': 1}
2026-05-06 15:12:08,714 INFO sqlalchemy.engine.Engine ROLLBACK
2026-05-06 15:12:08,714 INFO sqlalchemy.engine.Engine BEGIN (implicit)
2026-05-06 15:12:08,714 INFO sqlalchemy.engine.Engine SELECT video_outputs.id AS video_outputs_id, video_outputs.story_id AS video_outputs_story_id, video_outputs.audio_source_path AS video_outputs_audio_source_path, video_outputs.video_source_folder AS video_outputs_video_source_folder, video_outputs.output_path AS video_outputs_output_path, video_outputs.file_size AS video_outputs_file_size, video_outputs.duration AS video_outputs_duration, video_outputs.audio_speed AS video_outputs_audio_speed, video_outputs.transition_effect AS video_outputs_transition_effect, video_outputs.transition_duration AS video_outputs_transition_duration, video_outputs.resolution AS video_outputs_resolution, video_outputs.status AS video_outputs_status, video_outputs.error_message AS video_outputs_error_message, video_outputs.created_at AS video_outputs_created_at, video_outputs.updated_at AS video_outputs_updated_at 
FROM video_outputs 
WHERE video_outputs.story_id = %(story_id_1)s ORDER BY video_outputs.created_at DESC 
 LIMIT %(param_1)s
2026-05-06 15:12:08,714 INFO sqlalchemy.engine.Engine [cached since 68.65s ago] {'story_id_1': '2f846d20-9d22-4e0b-8945-a010a5a48bb8', 'param_1': 1}
INFO:     127.0.0.1:41944 - "GET /api/v1/video/audio-path/2f846d20-9d22-4e0b-8945-a010a5a48bb8 HTTP/1.1" 200 OK
2026-05-06 15:12:08,715 INFO sqlalchemy.engine.Engine ROLLBACK
INFO:     127.0.0.1:41958 - "GET /api/v1/video/result/2f846d20-9d22-4e0b-8945-a010a5a48bb8 HTTP/1.1" 404 Not Found
2026-05-06 15:12:08,720 INFO sqlalchemy.engine.Engine BEGIN (implicit)
2026-05-06 15:12:08,721 INFO sqlalchemy.engine.Engine SELECT video_outputs.id AS video_outputs_id, video_outputs.story_id AS video_outputs_story_id, video_outputs.audio_source_path AS video_outputs_audio_source_path, video_outputs.video_source_folder AS video_outputs_video_source_folder, video_outputs.output_path AS video_outputs_output_path, video_outputs.file_size AS video_outputs_file_size, video_outputs.duration AS video_outputs_duration, video_outputs.audio_speed AS video_outputs_audio_speed, video_outputs.transition_effect AS video_outputs_transition_effect, video_outputs.transition_duration AS video_outputs_transition_duration, video_outputs.resolution AS video_outputs_resolution, video_outputs.status AS video_outputs_status, video_outputs.error_message AS video_outputs_error_message, video_outputs.created_at AS video_outputs_created_at, video_outputs.updated_at AS video_outputs_updated_at 
FROM video_outputs 
WHERE video_outputs.story_id = %(story_id_1)s ORDER BY video_outputs.created_at DESC 
 LIMIT %(param_1)s
2026-05-06 15:12:08,721 INFO sqlalchemy.engine.Engine [cached since 68.66s ago] {'story_id_1': '2f846d20-9d22-4e0b-8945-a010a5a48bb8', 'param_1': 1}
2026-05-06 15:12:08,721 INFO sqlalchemy.engine.Engine ROLLBACK
INFO:     127.0.0.1:41972 - "GET /api/v1/video/result/2f846d20-9d22-4e0b-8945-a010a5a48bb8 HTTP/1.1" 404 Not Found
INFO:     127.0.0.1:56416 - "GET /api/v1/video/fonts HTTP/1.1" 200 OK
2026-05-06 15:12:17.039 | INFO     | app.services.video_processor:__init__:42 - NVENC GPU encoding available (h264_nvenc)
INFO:     127.0.0.1:56418 - "GET /api/v1/video/folder-clips?folder=%2Fhome%2Fduoclv%2FDownloads%2Ftemp-20260506T015716Z-3-001%2Ftemp%2Frandom_50min_20260419_210319&limit=200 HTTP/1.1" 200 OK
INFO:     127.0.0.1:56442 - "GET /api/v1/video/fonts HTTP/1.1" 200 OK
2026-05-06 15:12:22,315 INFO sqlalchemy.engine.Engine BEGIN (implicit)
2026-05-06 15:12:22,315 INFO sqlalchemy.engine.Engine SELECT stories.id AS stories_id, stories.title AS stories_title, stories.url AS stories_url, stories.author AS stories_author, stories.total_chapters AS stories_total_chapters, stories.start_chapter AS stories_start_chapter, stories.end_chapter AS stories_end_chapter, stories.custom_chapter_urls AS stories_custom_chapter_urls, stories.status AS stories_status, stories.current_step AS stories_current_step, stories.is_favorite AS stories_is_favorite, stories.merged_content AS stories_merged_content, stories.created_at AS stories_created_at, stories.updated_at AS stories_updated_at 
FROM stories 
WHERE stories.id = %(id_1)s 
 LIMIT %(param_1)s
2026-05-06 15:12:22,315 INFO sqlalchemy.engine.Engine [cached since 82.32s ago] {'id_1': '2f846d20-9d22-4e0b-8945-a010a5a48bb8', 'param_1': 1}
2026-05-06 15:12:22,317 INFO sqlalchemy.engine.Engine BEGIN (implicit)
2026-05-06 15:12:22,317 INFO sqlalchemy.engine.Engine SELECT voices.id AS voices_id, voices.code AS voices_code, voices.name AS voices_name, voices.gender AS voices_gender, voices.locale AS voices_locale, voices.category AS voices_category, voices.description AS voices_description, voices.demo_url AS voices_demo_url, voices.is_active AS voices_is_active, voices.`rank` AS voices_rank, voices.created_at AS voices_created_at 
FROM voices 
WHERE voices.is_active = true ORDER BY voices.`rank`
2026-05-06 15:12:22,317 INFO sqlalchemy.engine.Engine [cached since 82.32s ago] {}
2026-05-06 15:12:22.318 | INFO     | app.api.tts:list_voices:87 - Retrieved 14 voices from database
2026-05-06 15:12:22,319 INFO sqlalchemy.engine.Engine BEGIN (implicit)
2026-05-06 15:12:22,319 INFO sqlalchemy.engine.Engine SELECT video_presets.id AS video_presets_id, video_presets.name AS video_presets_name, video_presets.cfg AS video_presets_cfg, video_presets.created_at AS video_presets_created_at, video_presets.updated_at AS video_presets_updated_at 
FROM video_presets ORDER BY video_presets.created_at DESC
2026-05-06 15:12:22,319 INFO sqlalchemy.engine.Engine [cached since 82.31s ago] {}
2026-05-06 15:12:22.400 | INFO     | app.services.video_processor:__init__:42 - NVENC GPU encoding available (h264_nvenc)
INFO:     127.0.0.1:56446 - "GET /api/v1/video/folder-clips?folder=%2Fhome%2Fduoclv%2FDownloads%2Ftemp-20260506T015716Z-3-001%2Ftemp%2Frandom_50min_20260419_210319&limit=200 HTTP/1.1" 200 OK
2026-05-06 15:12:27,540 INFO sqlalchemy.engine.Engine ROLLBACK
2026-05-06 15:12:27,540 INFO sqlalchemy.engine.Engine ROLLBACK
2026-05-06 15:12:27,541 INFO sqlalchemy.engine.Engine ROLLBACK
INFO:     127.0.0.1:56420 - "GET /api/v1/stories/2f846d20-9d22-4e0b-8945-a010a5a48bb8 HTTP/1.1" 200 OK
INFO:     127.0.0.1:56436 - "GET /api/v1/tts/voices HTTP/1.1" 200 OK
INFO:     127.0.0.1:56438 - "GET /api/v1/video-presets/ HTTP/1.1" 200 OK
2026-05-06 15:12:27,545 INFO sqlalchemy.engine.Engine BEGIN (implicit)
2026-05-06 15:12:27,545 INFO sqlalchemy.engine.Engine SELECT stories.id AS stories_id, stories.title AS stories_title, stories.url AS stories_url, stories.author AS stories_author, stories.total_chapters AS stories_total_chapters, stories.start_chapter AS stories_start_chapter, stories.end_chapter AS stories_end_chapter, stories.custom_chapter_urls AS stories_custom_chapter_urls, stories.status AS stories_status, stories.current_step AS stories_current_step, stories.is_favorite AS stories_is_favorite, stories.merged_content AS stories_merged_content, stories.created_at AS stories_created_at, stories.updated_at AS stories_updated_at 
FROM stories 
WHERE stories.id = %(id_1)s 
 LIMIT %(param_1)s
2026-05-06 15:12:27,545 INFO sqlalchemy.engine.Engine [cached since 87.55s ago] {'id_1': '2f846d20-9d22-4e0b-8945-a010a5a48bb8', 'param_1': 1}
2026-05-06 15:12:27,548 INFO sqlalchemy.engine.Engine ROLLBACK
2026-05-06 15:12:27,550 INFO sqlalchemy.engine.Engine BEGIN (implicit)
2026-05-06 15:12:27,550 INFO sqlalchemy.engine.Engine SELECT video_presets.id AS video_presets_id, video_presets.name AS video_presets_name, video_presets.cfg AS video_presets_cfg, video_presets.created_at AS video_presets_created_at, video_presets.updated_at AS video_presets_updated_at 
FROM video_presets ORDER BY video_presets.created_at DESC
2026-05-06 15:12:27,550 INFO sqlalchemy.engine.Engine [cached since 87.54s ago] {}
INFO:     127.0.0.1:55350 - "GET /api/v1/stories/2f846d20-9d22-4e0b-8945-a010a5a48bb8 HTTP/1.1" 200 OK
2026-05-06 15:12:27,551 INFO sqlalchemy.engine.Engine BEGIN (implicit)
2026-05-06 15:12:27,551 INFO sqlalchemy.engine.Engine SELECT voices.id AS voices_id, voices.code AS voices_code, voices.name AS voices_name, voices.gender AS voices_gender, voices.locale AS voices_locale, voices.category AS voices_category, voices.description AS voices_description, voices.demo_url AS voices_demo_url, voices.is_active AS voices_is_active, voices.`rank` AS voices_rank, voices.created_at AS voices_created_at 
FROM voices 
WHERE voices.is_active = true ORDER BY voices.`rank`
2026-05-06 15:12:27,551 INFO sqlalchemy.engine.Engine [cached since 87.55s ago] {}
2026-05-06 15:12:27.552 | INFO     | app.api.tts:list_voices:87 - Retrieved 14 voices from database
2026-05-06 15:12:27,554 INFO sqlalchemy.engine.Engine ROLLBACK
2026-05-06 15:12:27,554 INFO sqlalchemy.engine.Engine BEGIN (implicit)
2026-05-06 15:12:27,554 INFO sqlalchemy.engine.Engine SELECT chapters.id AS chapters_id, chapters.story_id AS chapters_story_id, chapters.chapter_number AS chapters_chapter_number, chapters.title AS chapters_title, chapters.content AS chapters_content, chapters.char_count AS chapters_char_count, chapters.has_censored_words AS chapters_has_censored_words, chapters.censored_count AS chapters_censored_count, chapters.status AS chapters_status, chapters.created_at AS chapters_created_at, chapters.updated_at AS chapters_updated_at 
FROM chapters 
WHERE chapters.story_id = %(story_id_1)s ORDER BY chapters.chapter_number
2026-05-06 15:12:27,554 INFO sqlalchemy.engine.Engine [cached since 87.53s ago] {'story_id_1': '2f846d20-9d22-4e0b-8945-a010a5a48bb8'}
INFO:     127.0.0.1:55356 - "GET /api/v1/video-presets/ HTTP/1.1" 200 OK
2026-05-06 15:12:27,556 INFO sqlalchemy.engine.Engine ROLLBACK
2026-05-06 15:12:27,557 INFO sqlalchemy.engine.Engine ROLLBACK
INFO:     127.0.0.1:55366 - "GET /api/v1/tts/voices HTTP/1.1" 200 OK
INFO:     127.0.0.1:55376 - "GET /api/v1/stories/2f846d20-9d22-4e0b-8945-a010a5a48bb8/chapters HTTP/1.1" 200 OK
2026-05-06 15:12:27,562 INFO sqlalchemy.engine.Engine BEGIN (implicit)
2026-05-06 15:12:27,562 INFO sqlalchemy.engine.Engine SELECT chapters.id AS chapters_id, chapters.story_id AS chapters_story_id, chapters.chapter_number AS chapters_chapter_number, chapters.title AS chapters_title, chapters.content AS chapters_content, chapters.char_count AS chapters_char_count, chapters.has_censored_words AS chapters_has_censored_words, chapters.censored_count AS chapters_censored_count, chapters.status AS chapters_status, chapters.created_at AS chapters_created_at, chapters.updated_at AS chapters_updated_at 
FROM chapters 
WHERE chapters.story_id = %(story_id_1)s ORDER BY chapters.chapter_number
2026-05-06 15:12:27,563 INFO sqlalchemy.engine.Engine [cached since 87.54s ago] {'story_id_1': '2f846d20-9d22-4e0b-8945-a010a5a48bb8'}
2026-05-06 15:12:27,565 INFO sqlalchemy.engine.Engine ROLLBACK
2026-05-06 15:12:27,566 INFO sqlalchemy.engine.Engine BEGIN (implicit)
2026-05-06 15:12:27,566 INFO sqlalchemy.engine.Engine SELECT chapters.id AS chapters_id, chapters.story_id AS chapters_story_id, chapters.chapter_number AS chapters_chapter_number, chapters.title AS chapters_title, chapters.content AS chapters_content, chapters.char_count AS chapters_char_count, chapters.has_censored_words AS chapters_has_censored_words, chapters.censored_count AS chapters_censored_count, chapters.status AS chapters_status, chapters.created_at AS chapters_created_at, chapters.updated_at AS chapters_updated_at 
FROM chapters 
WHERE chapters.story_id = %(story_id_1)s
2026-05-06 15:12:27,566 INFO sqlalchemy.engine.Engine [cached since 87.53s ago] {'story_id_1': '2f846d20-9d22-4e0b-8945-a010a5a48bb8'}
INFO:     127.0.0.1:55382 - "GET /api/v1/stories/2f846d20-9d22-4e0b-8945-a010a5a48bb8/chapters HTTP/1.1" 200 OK
2026-05-06 15:12:27,568 INFO sqlalchemy.engine.Engine ROLLBACK
INFO:     127.0.0.1:55396 - "GET /api/v1/chapters/story/2f846d20-9d22-4e0b-8945-a010a5a48bb8/stats HTTP/1.1" 200 OK
2026-05-06 15:12:27,580 INFO sqlalchemy.engine.Engine BEGIN (implicit)
2026-05-06 15:12:27,580 INFO sqlalchemy.engine.Engine SELECT chapters.id AS chapters_id, chapters.story_id AS chapters_story_id, chapters.chapter_number AS chapters_chapter_number, chapters.title AS chapters_title, chapters.content AS chapters_content, chapters.char_count AS chapters_char_count, chapters.has_censored_words AS chapters_has_censored_words, chapters.censored_count AS chapters_censored_count, chapters.status AS chapters_status, chapters.created_at AS chapters_created_at, chapters.updated_at AS chapters_updated_at 
FROM chapters 
WHERE chapters.story_id = %(story_id_1)s
2026-05-06 15:12:27,580 INFO sqlalchemy.engine.Engine [cached since 87.54s ago] {'story_id_1': '2f846d20-9d22-4e0b-8945-a010a5a48bb8'}
2026-05-06 15:12:27,582 INFO sqlalchemy.engine.Engine ROLLBACK
2026-05-06 15:12:27,583 INFO sqlalchemy.engine.Engine BEGIN (implicit)
2026-05-06 15:12:27,583 INFO sqlalchemy.engine.Engine SELECT merged_audio.id AS merged_audio_id, merged_audio.story_id AS merged_audio_story_id, merged_audio.file_path AS merged_audio_file_path, merged_audio.file_size AS merged_audio_file_size, merged_audio.duration AS merged_audio_duration, merged_audio.format AS merged_audio_format, merged_audio.total_chapters AS merged_audio_total_chapters, merged_audio.created_at AS merged_audio_created_at 
FROM merged_audio 
WHERE merged_audio.story_id = %(story_id_1)s ORDER BY merged_audio.created_at DESC 
 LIMIT %(param_1)s
2026-05-06 15:12:27,583 INFO sqlalchemy.engine.Engine [cached since 87.53s ago] {'story_id_1': '2f846d20-9d22-4e0b-8945-a010a5a48bb8', 'param_1': 1}
INFO:     127.0.0.1:55408 - "GET /api/v1/chapters/story/2f846d20-9d22-4e0b-8945-a010a5a48bb8/stats HTTP/1.1" 200 OK
2026-05-06 15:12:27,584 INFO sqlalchemy.engine.Engine ROLLBACK
INFO:     127.0.0.1:55412 - "GET /api/v1/video/audio-path/2f846d20-9d22-4e0b-8945-a010a5a48bb8 HTTP/1.1" 200 OK
2026-05-06 15:12:27,590 INFO sqlalchemy.engine.Engine BEGIN (implicit)
2026-05-06 15:12:27,590 INFO sqlalchemy.engine.Engine SELECT merged_audio.id AS merged_audio_id, merged_audio.story_id AS merged_audio_story_id, merged_audio.file_path AS merged_audio_file_path, merged_audio.file_size AS merged_audio_file_size, merged_audio.duration AS merged_audio_duration, merged_audio.format AS merged_audio_format, merged_audio.total_chapters AS merged_audio_total_chapters, merged_audio.created_at AS merged_audio_created_at 
FROM merged_audio 
WHERE merged_audio.story_id = %(story_id_1)s ORDER BY merged_audio.created_at DESC 
 LIMIT %(param_1)s
2026-05-06 15:12:27,590 INFO sqlalchemy.engine.Engine [cached since 87.54s ago] {'story_id_1': '2f846d20-9d22-4e0b-8945-a010a5a48bb8', 'param_1': 1}
2026-05-06 15:12:27,591 INFO sqlalchemy.engine.Engine BEGIN (implicit)
2026-05-06 15:12:27,591 INFO sqlalchemy.engine.Engine SELECT video_outputs.id AS video_outputs_id, video_outputs.story_id AS video_outputs_story_id, video_outputs.audio_source_path AS video_outputs_audio_source_path, video_outputs.video_source_folder AS video_outputs_video_source_folder, video_outputs.output_path AS video_outputs_output_path, video_outputs.file_size AS video_outputs_file_size, video_outputs.duration AS video_outputs_duration, video_outputs.audio_speed AS video_outputs_audio_speed, video_outputs.transition_effect AS video_outputs_transition_effect, video_outputs.transition_duration AS video_outputs_transition_duration, video_outputs.resolution AS video_outputs_resolution, video_outputs.status AS video_outputs_status, video_outputs.error_message AS video_outputs_error_message, video_outputs.created_at AS video_outputs_created_at, video_outputs.updated_at AS video_outputs_updated_at 
FROM video_outputs 
WHERE video_outputs.story_id = %(story_id_1)s ORDER BY video_outputs.created_at DESC 
 LIMIT %(param_1)s
2026-05-06 15:12:27,591 INFO sqlalchemy.engine.Engine [cached since 87.53s ago] {'story_id_1': '2f846d20-9d22-4e0b-8945-a010a5a48bb8', 'param_1': 1}
2026-05-06 15:12:27,592 INFO sqlalchemy.engine.Engine ROLLBACK
2026-05-06 15:12:27,592 INFO sqlalchemy.engine.Engine ROLLBACK
INFO:     127.0.0.1:55418 - "GET /api/v1/video/result/2f846d20-9d22-4e0b-8945-a010a5a48bb8 HTTP/1.1" 404 Not Found
INFO:     127.0.0.1:55414 - "GET /api/v1/video/audio-path/2f846d20-9d22-4e0b-8945-a010a5a48bb8 HTTP/1.1" 200 OK
2026-05-06 15:12:27,598 INFO sqlalchemy.engine.Engine BEGIN (implicit)
2026-05-06 15:12:27,598 INFO sqlalchemy.engine.Engine SELECT video_outputs.id AS video_outputs_id, video_outputs.story_id AS video_outputs_story_id, video_outputs.audio_source_path AS video_outputs_audio_source_path, video_outputs.video_source_folder AS video_outputs_video_source_folder, video_outputs.output_path AS video_outputs_output_path, video_outputs.file_size AS video_outputs_file_size, video_outputs.duration AS video_outputs_duration, video_outputs.audio_speed AS video_outputs_audio_speed, video_outputs.transition_effect AS video_outputs_transition_effect, video_outputs.transition_duration AS video_outputs_transition_duration, video_outputs.resolution AS video_outputs_resolution, video_outputs.status AS video_outputs_status, video_outputs.error_message AS video_outputs_error_message, video_outputs.created_at AS video_outputs_created_at, video_outputs.updated_at AS video_outputs_updated_at 
FROM video_outputs 
WHERE video_outputs.story_id = %(story_id_1)s ORDER BY video_outputs.created_at DESC 
 LIMIT %(param_1)s
2026-05-06 15:12:27,598 INFO sqlalchemy.engine.Engine [cached since 87.53s ago] {'story_id_1': '2f846d20-9d22-4e0b-8945-a010a5a48bb8', 'param_1': 1}
2026-05-06 15:12:27,599 INFO sqlalchemy.engine.Engine ROLLBACK
INFO:     127.0.0.1:55434 - "GET /api/v1/video/result/2f846d20-9d22-4e0b-8945-a010a5a48bb8 HTTP/1.1" 404 Not Found
INFO:     127.0.0.1:55444 - "GET /api/v1/video/fonts HTTP/1.1" 200 OK
2026-05-06 15:12:34.040 | INFO     | app.services.video_processor:__init__:42 - NVENC GPU encoding available (h264_nvenc)
INFO:     127.0.0.1:55450 - "GET /api/v1/video/folder-clips?folder=%2Fhome%2Fduoclv%2FDownloads%2Ftemp-20260506T015716Z-3-001%2Ftemp%2Frandom_50min_20260419_210319&limit=200 HTTP/1.1" 200 OK
2026-05-06 15:12:39,427 INFO sqlalchemy.engine.Engine BEGIN (implicit)
2026-05-06 15:12:39,428 INFO sqlalchemy.engine.Engine SELECT stories.id AS stories_id, stories.title AS stories_title, stories.url AS stories_url, stories.author AS stories_author, stories.total_chapters AS stories_total_chapters, stories.start_chapter AS stories_start_chapter, stories.end_chapter AS stories_end_chapter, stories.custom_chapter_urls AS stories_custom_chapter_urls, stories.status AS stories_status, stories.current_step AS stories_current_step, stories.is_favorite AS stories_is_favorite, stories.merged_content AS stories_merged_content, stories.created_at AS stories_created_at, stories.updated_at AS stories_updated_at 
FROM stories 
WHERE stories.id = %(id_1)s 
 LIMIT %(param_1)s
2026-05-06 15:12:39,428 INFO sqlalchemy.engine.Engine [cached since 99.43s ago] {'id_1': '2f846d20-9d22-4e0b-8945-a010a5a48bb8', 'param_1': 1}
2026-05-06 15:12:39,430 INFO sqlalchemy.engine.Engine BEGIN (implicit)
2026-05-06 15:12:39,430 INFO sqlalchemy.engine.Engine SELECT voices.id AS voices_id, voices.code AS voices_code, voices.name AS voices_name, voices.gender AS voices_gender, voices.locale AS voices_locale, voices.category AS voices_category, voices.description AS voices_description, voices.demo_url AS voices_demo_url, voices.is_active AS voices_is_active, voices.`rank` AS voices_rank, voices.created_at AS voices_created_at 
FROM voices 
WHERE voices.is_active = true ORDER BY voices.`rank`
2026-05-06 15:12:39,430 INFO sqlalchemy.engine.Engine [cached since 99.43s ago] {}
2026-05-06 15:12:39.431 | INFO     | app.api.tts:list_voices:87 - Retrieved 14 voices from database
2026-05-06 15:12:39,432 INFO sqlalchemy.engine.Engine BEGIN (implicit)
2026-05-06 15:12:39,432 INFO sqlalchemy.engine.Engine SELECT video_presets.id AS video_presets_id, video_presets.name AS video_presets_name, video_presets.cfg AS video_presets_cfg, video_presets.created_at AS video_presets_created_at, video_presets.updated_at AS video_presets_updated_at 
FROM video_presets ORDER BY video_presets.created_at DESC
2026-05-06 15:12:39,432 INFO sqlalchemy.engine.Engine [cached since 99.43s ago] {}
2026-05-06 15:12:39,434 INFO sqlalchemy.engine.Engine ROLLBACK
2026-05-06 15:12:39,434 INFO sqlalchemy.engine.Engine ROLLBACK
2026-05-06 15:12:39.514 | INFO     | app.services.video_processor:__init__:42 - NVENC GPU encoding available (h264_nvenc)
INFO:     127.0.0.1:34492 - "GET /api/v1/video/folder-clips?folder=%2Fhome%2Fduoclv%2FDownloads%2Ftemp-20260506T015716Z-3-001%2Ftemp%2Frandom_50min_20260419_210319&limit=200 HTTP/1.1" 200 OK
INFO:     127.0.0.1:34502 - "GET /api/v1/video/fonts HTTP/1.1" 200 OK
2026-05-06 15:12:44,852 INFO sqlalchemy.engine.Engine ROLLBACK
INFO:     127.0.0.1:55456 - "GET /api/v1/stories/2f846d20-9d22-4e0b-8945-a010a5a48bb8 HTTP/1.1" 200 OK
INFO:     127.0.0.1:55472 - "GET /api/v1/tts/voices HTTP/1.1" 200 OK
INFO:     127.0.0.1:55484 - "GET /api/v1/video-presets/ HTTP/1.1" 200 OK
2026-05-06 15:12:44,861 INFO sqlalchemy.engine.Engine BEGIN (implicit)
2026-05-06 15:12:44,861 INFO sqlalchemy.engine.Engine SELECT stories.id AS stories_id, stories.title AS stories_title, stories.url AS stories_url, stories.author AS stories_author, stories.total_chapters AS stories_total_chapters, stories.start_chapter AS stories_start_chapter, stories.end_chapter AS stories_end_chapter, stories.custom_chapter_urls AS stories_custom_chapter_urls, stories.status AS stories_status, stories.current_step AS stories_current_step, stories.is_favorite AS stories_is_favorite, stories.merged_content AS stories_merged_content, stories.created_at AS stories_created_at, stories.updated_at AS stories_updated_at 
FROM stories 
WHERE stories.id = %(id_1)s 
 LIMIT %(param_1)s
2026-05-06 15:12:44,861 INFO sqlalchemy.engine.Engine [cached since 104.9s ago] {'id_1': '2f846d20-9d22-4e0b-8945-a010a5a48bb8', 'param_1': 1}
2026-05-06 15:12:44,862 INFO sqlalchemy.engine.Engine BEGIN (implicit)
2026-05-06 15:12:44,863 INFO sqlalchemy.engine.Engine SELECT voices.id AS voices_id, voices.code AS voices_code, voices.name AS voices_name, voices.gender AS voices_gender, voices.locale AS voices_locale, voices.category AS voices_category, voices.description AS voices_description, voices.demo_url AS voices_demo_url, voices.is_active AS voices_is_active, voices.`rank` AS voices_rank, voices.created_at AS voices_created_at 
FROM voices 
WHERE voices.is_active = true ORDER BY voices.`rank`
2026-05-06 15:12:44,863 INFO sqlalchemy.engine.Engine [cached since 104.9s ago] {}
2026-05-06 15:12:44.863 | INFO     | app.api.tts:list_voices:87 - Retrieved 14 voices from database
2026-05-06 15:12:44,864 INFO sqlalchemy.engine.Engine BEGIN (implicit)
2026-05-06 15:12:44,865 INFO sqlalchemy.engine.Engine SELECT video_presets.id AS video_presets_id, video_presets.name AS video_presets_name, video_presets.cfg AS video_presets_cfg, video_presets.created_at AS video_presets_created_at, video_presets.updated_at AS video_presets_updated_at 
FROM video_presets ORDER BY video_presets.created_at DESC
2026-05-06 15:12:44,865 INFO sqlalchemy.engine.Engine [cached since 104.9s ago] {}
2026-05-06 15:12:44,865 INFO sqlalchemy.engine.Engine ROLLBACK
2026-05-06 15:12:44,866 INFO sqlalchemy.engine.Engine ROLLBACK
2026-05-06 15:12:44,867 INFO sqlalchemy.engine.Engine BEGIN (implicit)
2026-05-06 15:12:44,867 INFO sqlalchemy.engine.Engine SELECT chapters.id AS chapters_id, chapters.story_id AS chapters_story_id, chapters.chapter_number AS chapters_chapter_number, chapters.title AS chapters_title, chapters.content AS chapters_content, chapters.char_count AS chapters_char_count, chapters.has_censored_words AS chapters_has_censored_words, chapters.censored_count AS chapters_censored_count, chapters.status AS chapters_status, chapters.created_at AS chapters_created_at, chapters.updated_at AS chapters_updated_at 
FROM chapters 
WHERE chapters.story_id = %(story_id_1)s ORDER BY chapters.chapter_number
2026-05-06 15:12:44,867 INFO sqlalchemy.engine.Engine [cached since 104.8s ago] {'story_id_1': '2f846d20-9d22-4e0b-8945-a010a5a48bb8'}
2026-05-06 15:12:44,869 INFO sqlalchemy.engine.Engine ROLLBACK
INFO:     127.0.0.1:34520 - "GET /api/v1/tts/voices HTTP/1.1" 200 OK
INFO:     127.0.0.1:34518 - "GET /api/v1/stories/2f846d20-9d22-4e0b-8945-a010a5a48bb8 HTTP/1.1" 200 OK
2026-05-06 15:12:44,869 INFO sqlalchemy.engine.Engine ROLLBACK
INFO:     127.0.0.1:34532 - "GET /api/v1/video-presets/ HTTP/1.1" 200 OK
INFO:     127.0.0.1:34534 - "GET /api/v1/stories/2f846d20-9d22-4e0b-8945-a010a5a48bb8/chapters HTTP/1.1" 200 OK
2026-05-06 15:12:44,876 INFO sqlalchemy.engine.Engine BEGIN (implicit)
2026-05-06 15:12:44,876 INFO sqlalchemy.engine.Engine SELECT chapters.id AS chapters_id, chapters.story_id AS chapters_story_id, chapters.chapter_number AS chapters_chapter_number, chapters.title AS chapters_title, chapters.content AS chapters_content, chapters.char_count AS chapters_char_count, chapters.has_censored_words AS chapters_has_censored_words, chapters.censored_count AS chapters_censored_count, chapters.status AS chapters_status, chapters.created_at AS chapters_created_at, chapters.updated_at AS chapters_updated_at 
FROM chapters 
WHERE chapters.story_id = %(story_id_1)s ORDER BY chapters.chapter_number
2026-05-06 15:12:44,876 INFO sqlalchemy.engine.Engine [cached since 104.9s ago] {'story_id_1': '2f846d20-9d22-4e0b-8945-a010a5a48bb8'}
2026-05-06 15:12:44,879 INFO sqlalchemy.engine.Engine ROLLBACK
2026-05-06 15:12:44,881 INFO sqlalchemy.engine.Engine BEGIN (implicit)
2026-05-06 15:12:44,881 INFO sqlalchemy.engine.Engine SELECT chapters.id AS chapters_id, chapters.story_id AS chapters_story_id, chapters.chapter_number AS chapters_chapter_number, chapters.title AS chapters_title, chapters.content AS chapters_content, chapters.char_count AS chapters_char_count, chapters.has_censored_words AS chapters_has_censored_words, chapters.censored_count AS chapters_censored_count, chapters.status AS chapters_status, chapters.created_at AS chapters_created_at, chapters.updated_at AS chapters_updated_at 
FROM chapters 
WHERE chapters.story_id = %(story_id_1)s
2026-05-06 15:12:44,881 INFO sqlalchemy.engine.Engine [cached since 104.8s ago] {'story_id_1': '2f846d20-9d22-4e0b-8945-a010a5a48bb8'}
INFO:     127.0.0.1:34544 - "GET /api/v1/stories/2f846d20-9d22-4e0b-8945-a010a5a48bb8/chapters HTTP/1.1" 200 OK
2026-05-06 15:12:44,883 INFO sqlalchemy.engine.Engine ROLLBACK
INFO:     127.0.0.1:34552 - "GET /api/v1/chapters/story/2f846d20-9d22-4e0b-8945-a010a5a48bb8/stats HTTP/1.1" 200 OK
2026-05-06 15:12:44,895 INFO sqlalchemy.engine.Engine BEGIN (implicit)
2026-05-06 15:12:44,896 INFO sqlalchemy.engine.Engine SELECT chapters.id AS chapters_id, chapters.story_id AS chapters_story_id, chapters.chapter_number AS chapters_chapter_number, chapters.title AS chapters_title, chapters.content AS chapters_content, chapters.char_count AS chapters_char_count, chapters.has_censored_words AS chapters_has_censored_words, chapters.censored_count AS chapters_censored_count, chapters.status AS chapters_status, chapters.created_at AS chapters_created_at, chapters.updated_at AS chapters_updated_at 
FROM chapters 
WHERE chapters.story_id = %(story_id_1)s
2026-05-06 15:12:44,896 INFO sqlalchemy.engine.Engine [cached since 104.9s ago] {'story_id_1': '2f846d20-9d22-4e0b-8945-a010a5a48bb8'}
2026-05-06 15:12:44,898 INFO sqlalchemy.engine.Engine BEGIN (implicit)
2026-05-06 15:12:44,898 INFO sqlalchemy.engine.Engine SELECT merged_audio.id AS merged_audio_id, merged_audio.story_id AS merged_audio_story_id, merged_audio.file_path AS merged_audio_file_path, merged_audio.file_size AS merged_audio_file_size, merged_audio.duration AS merged_audio_duration, merged_audio.format AS merged_audio_format, merged_audio.total_chapters AS merged_audio_total_chapters, merged_audio.created_at AS merged_audio_created_at 
FROM merged_audio 
WHERE merged_audio.story_id = %(story_id_1)s ORDER BY merged_audio.created_at DESC 
 LIMIT %(param_1)s
2026-05-06 15:12:44,898 INFO sqlalchemy.engine.Engine [cached since 104.8s ago] {'story_id_1': '2f846d20-9d22-4e0b-8945-a010a5a48bb8', 'param_1': 1}
2026-05-06 15:12:44,899 INFO sqlalchemy.engine.Engine ROLLBACK
2026-05-06 15:12:44,899 INFO sqlalchemy.engine.Engine ROLLBACK
INFO:     127.0.0.1:34560 - "GET /api/v1/chapters/story/2f846d20-9d22-4e0b-8945-a010a5a48bb8/stats HTTP/1.1" 200 OK
INFO:     127.0.0.1:34564 - "GET /api/v1/video/audio-path/2f846d20-9d22-4e0b-8945-a010a5a48bb8 HTTP/1.1" 200 OK
2026-05-06 15:12:44,905 INFO sqlalchemy.engine.Engine BEGIN (implicit)
2026-05-06 15:12:44,905 INFO sqlalchemy.engine.Engine SELECT merged_audio.id AS merged_audio_id, merged_audio.story_id AS merged_audio_story_id, merged_audio.file_path AS merged_audio_file_path, merged_audio.file_size AS merged_audio_file_size, merged_audio.duration AS merged_audio_duration, merged_audio.format AS merged_audio_format, merged_audio.total_chapters AS merged_audio_total_chapters, merged_audio.created_at AS merged_audio_created_at 
FROM merged_audio 
WHERE merged_audio.story_id = %(story_id_1)s ORDER BY merged_audio.created_at DESC 
 LIMIT %(param_1)s
2026-05-06 15:12:44,905 INFO sqlalchemy.engine.Engine [cached since 104.9s ago] {'story_id_1': '2f846d20-9d22-4e0b-8945-a010a5a48bb8', 'param_1': 1}
2026-05-06 15:12:44,907 INFO sqlalchemy.engine.Engine ROLLBACK
2026-05-06 15:12:44,907 INFO sqlalchemy.engine.Engine BEGIN (implicit)
2026-05-06 15:12:44,907 INFO sqlalchemy.engine.Engine SELECT video_outputs.id AS video_outputs_id, video_outputs.story_id AS video_outputs_story_id, video_outputs.audio_source_path AS video_outputs_audio_source_path, video_outputs.video_source_folder AS video_outputs_video_source_folder, video_outputs.output_path AS video_outputs_output_path, video_outputs.file_size AS video_outputs_file_size, video_outputs.duration AS video_outputs_duration, video_outputs.audio_speed AS video_outputs_audio_speed, video_outputs.transition_effect AS video_outputs_transition_effect, video_outputs.transition_duration AS video_outputs_transition_duration, video_outputs.resolution AS video_outputs_resolution, video_outputs.status AS video_outputs_status, video_outputs.error_message AS video_outputs_error_message, video_outputs.created_at AS video_outputs_created_at, video_outputs.updated_at AS video_outputs_updated_at 
FROM video_outputs 
WHERE video_outputs.story_id = %(story_id_1)s ORDER BY video_outputs.created_at DESC 
 LIMIT %(param_1)s
2026-05-06 15:12:44,907 INFO sqlalchemy.engine.Engine [cached since 104.8s ago] {'story_id_1': '2f846d20-9d22-4e0b-8945-a010a5a48bb8', 'param_1': 1}
INFO:     127.0.0.1:34574 - "GET /api/v1/video/audio-path/2f846d20-9d22-4e0b-8945-a010a5a48bb8 HTTP/1.1" 200 OK
2026-05-06 15:12:44,908 INFO sqlalchemy.engine.Engine ROLLBACK
INFO:     127.0.0.1:34586 - "GET /api/v1/video/result/2f846d20-9d22-4e0b-8945-a010a5a48bb8 HTTP/1.1" 404 Not Found
2026-05-06 15:12:44,914 INFO sqlalchemy.engine.Engine BEGIN (implicit)
2026-05-06 15:12:44,914 INFO sqlalchemy.engine.Engine SELECT video_outputs.id AS video_outputs_id, video_outputs.story_id AS video_outputs_story_id, video_outputs.audio_source_path AS video_outputs_audio_source_path, video_outputs.video_source_folder AS video_outputs_video_source_folder, video_outputs.output_path AS video_outputs_output_path, video_outputs.file_size AS video_outputs_file_size, video_outputs.duration AS video_outputs_duration, video_outputs.audio_speed AS video_outputs_audio_speed, video_outputs.transition_effect AS video_outputs_transition_effect, video_outputs.transition_duration AS video_outputs_transition_duration, video_outputs.resolution AS video_outputs_resolution, video_outputs.status AS video_outputs_status, video_outputs.error_message AS video_outputs_error_message, video_outputs.created_at AS video_outputs_created_at, video_outputs.updated_at AS video_outputs_updated_at 
FROM video_outputs 
WHERE video_outputs.story_id = %(story_id_1)s ORDER BY video_outputs.created_at DESC 
 LIMIT %(param_1)s
2026-05-06 15:12:44,914 INFO sqlalchemy.engine.Engine [cached since 104.8s ago] {'story_id_1': '2f846d20-9d22-4e0b-8945-a010a5a48bb8', 'param_1': 1}
2026-05-06 15:12:44,914 INFO sqlalchemy.engine.Engine ROLLBACK
INFO:     127.0.0.1:34598 - "GET /api/v1/video/result/2f846d20-9d22-4e0b-8945-a010a5a48bb8 HTTP/1.1" 404 Not Found
INFO:     127.0.0.1:45744 - "GET /api/v1/video/fonts HTTP/1.1" 200 OK
2026-05-06 15:13:02.042 | INFO     | app.services.video_processor:__init__:42 - NVENC GPU encoding available (h264_nvenc)
INFO:     127.0.0.1:45750 - "GET /api/v1/video/folder-clips?folder=%2Fhome%2Fduoclv%2FDownloads%2Ftemp-20260506T015716Z-3-001%2Ftemp%2Frandom_50min_20260419_210319&limit=200 HTTP/1.1" 200 OK
INFO:     127.0.0.1:45782 - "GET /api/v1/video/fonts HTTP/1.1" 200 OK
2026-05-06 15:13:07,270 INFO sqlalchemy.engine.Engine BEGIN (implicit)
2026-05-06 15:13:07,270 INFO sqlalchemy.engine.Engine SELECT stories.id AS stories_id, stories.title AS stories_title, stories.url AS stories_url, stories.author AS stories_author, stories.total_chapters AS stories_total_chapters, stories.start_chapter AS stories_start_chapter, stories.end_chapter AS stories_end_chapter, stories.custom_chapter_urls AS stories_custom_chapter_urls, stories.status AS stories_status, stories.current_step AS stories_current_step, stories.is_favorite AS stories_is_favorite, stories.merged_content AS stories_merged_content, stories.created_at AS stories_created_at, stories.updated_at AS stories_updated_at 
FROM stories 
WHERE stories.id = %(id_1)s 
 LIMIT %(param_1)s
2026-05-06 15:13:07,271 INFO sqlalchemy.engine.Engine [cached since 127.3s ago] {'id_1': '2f846d20-9d22-4e0b-8945-a010a5a48bb8', 'param_1': 1}
2026-05-06 15:13:07,272 INFO sqlalchemy.engine.Engine BEGIN (implicit)
2026-05-06 15:13:07,273 INFO sqlalchemy.engine.Engine SELECT voices.id AS voices_id, voices.code AS voices_code, voices.name AS voices_name, voices.gender AS voices_gender, voices.locale AS voices_locale, voices.category AS voices_category, voices.description AS voices_description, voices.demo_url AS voices_demo_url, voices.is_active AS voices_is_active, voices.`rank` AS voices_rank, voices.created_at AS voices_created_at 
FROM voices 
WHERE voices.is_active = true ORDER BY voices.`rank`
2026-05-06 15:13:07,273 INFO sqlalchemy.engine.Engine [cached since 127.3s ago] {}
2026-05-06 15:13:07.274 | INFO     | app.api.tts:list_voices:87 - Retrieved 14 voices from database
2026-05-06 15:13:07.353 | INFO     | app.services.video_processor:__init__:42 - NVENC GPU encoding available (h264_nvenc)
INFO:     127.0.0.1:57480 - "GET /api/v1/video/folder-clips?folder=%2Fhome%2Fduoclv%2FDownloads%2Ftemp-20260506T015716Z-3-001%2Ftemp%2Frandom_50min_20260419_210319&limit=200 HTTP/1.1" 200 OK
2026-05-06 15:13:12,645 INFO sqlalchemy.engine.Engine BEGIN (implicit)
2026-05-06 15:13:12,645 INFO sqlalchemy.engine.Engine SELECT video_presets.id AS video_presets_id, video_presets.name AS video_presets_name, video_presets.cfg AS video_presets_cfg, video_presets.created_at AS video_presets_created_at, video_presets.updated_at AS video_presets_updated_at 
FROM video_presets ORDER BY video_presets.created_at DESC
2026-05-06 15:13:12,645 INFO sqlalchemy.engine.Engine [cached since 132.6s ago] {}
2026-05-06 15:13:12,646 INFO sqlalchemy.engine.Engine ROLLBACK
2026-05-06 15:13:12,646 INFO sqlalchemy.engine.Engine ROLLBACK
2026-05-06 15:13:12,647 INFO sqlalchemy.engine.Engine ROLLBACK
INFO:     127.0.0.1:45754 - "GET /api/v1/stories/2f846d20-9d22-4e0b-8945-a010a5a48bb8 HTTP/1.1" 200 OK
INFO:     127.0.0.1:45766 - "GET /api/v1/tts/voices HTTP/1.1" 200 OK
INFO:     127.0.0.1:45778 - "GET /api/v1/video-presets/ HTTP/1.1" 200 OK
2026-05-06 15:13:12,653 INFO sqlalchemy.engine.Engine BEGIN (implicit)
2026-05-06 15:13:12,653 INFO sqlalchemy.engine.Engine SELECT voices.id AS voices_id, voices.code AS voices_code, voices.name AS voices_name, voices.gender AS voices_gender, voices.locale AS voices_locale, voices.category AS voices_category, voices.description AS voices_description, voices.demo_url AS voices_demo_url, voices.is_active AS voices_is_active, voices.`rank` AS voices_rank, voices.created_at AS voices_created_at 
FROM voices 
WHERE voices.is_active = true ORDER BY voices.`rank`
2026-05-06 15:13:12,653 INFO sqlalchemy.engine.Engine [cached since 132.7s ago] {}
2026-05-06 15:13:12.655 | INFO     | app.api.tts:list_voices:87 - Retrieved 14 voices from database
2026-05-06 15:13:12,656 INFO sqlalchemy.engine.Engine ROLLBACK
2026-05-06 15:13:12,657 INFO sqlalchemy.engine.Engine BEGIN (implicit)
2026-05-06 15:13:12,657 INFO sqlalchemy.engine.Engine SELECT video_presets.id AS video_presets_id, video_presets.name AS video_presets_name, video_presets.cfg AS video_presets_cfg, video_presets.created_at AS video_presets_created_at, video_presets.updated_at AS video_presets_updated_at 
FROM video_presets ORDER BY video_presets.created_at DESC
2026-05-06 15:13:12,658 INFO sqlalchemy.engine.Engine [cached since 132.7s ago] {}
2026-05-06 15:13:12,658 INFO sqlalchemy.engine.Engine BEGIN (implicit)
2026-05-06 15:13:12,659 INFO sqlalchemy.engine.Engine SELECT stories.id AS stories_id, stories.title AS stories_title, stories.url AS stories_url, stories.author AS stories_author, stories.total_chapters AS stories_total_chapters, stories.start_chapter AS stories_start_chapter, stories.end_chapter AS stories_end_chapter, stories.custom_chapter_urls AS stories_custom_chapter_urls, stories.status AS stories_status, stories.current_step AS stories_current_step, stories.is_favorite AS stories_is_favorite, stories.merged_content AS stories_merged_content, stories.created_at AS stories_created_at, stories.updated_at AS stories_updated_at 
FROM stories 
WHERE stories.id = %(id_1)s 
 LIMIT %(param_1)s
2026-05-06 15:13:12,659 INFO sqlalchemy.engine.Engine [cached since 132.7s ago] {'id_1': '2f846d20-9d22-4e0b-8945-a010a5a48bb8', 'param_1': 1}
2026-05-06 15:13:12,660 INFO sqlalchemy.engine.Engine BEGIN (implicit)
2026-05-06 15:13:12,660 INFO sqlalchemy.engine.Engine SELECT chapters.id AS chapters_id, chapters.story_id AS chapters_story_id, chapters.chapter_number AS chapters_chapter_number, chapters.title AS chapters_title, chapters.content AS chapters_content, chapters.char_count AS chapters_char_count, chapters.has_censored_words AS chapters_has_censored_words, chapters.censored_count AS chapters_censored_count, chapters.status AS chapters_status, chapters.created_at AS chapters_created_at, chapters.updated_at AS chapters_updated_at 
FROM chapters 
WHERE chapters.story_id = %(story_id_1)s ORDER BY chapters.chapter_number
2026-05-06 15:13:12,660 INFO sqlalchemy.engine.Engine [cached since 132.6s ago] {'story_id_1': '2f846d20-9d22-4e0b-8945-a010a5a48bb8'}
INFO:     127.0.0.1:57482 - "GET /api/v1/tts/voices HTTP/1.1" 200 OK
2026-05-06 15:13:12,663 INFO sqlalchemy.engine.Engine ROLLBACK
2026-05-06 15:13:12,663 INFO sqlalchemy.engine.Engine ROLLBACK
2026-05-06 15:13:12,663 INFO sqlalchemy.engine.Engine ROLLBACK
INFO:     127.0.0.1:57514 - "GET /api/v1/stories/2f846d20-9d22-4e0b-8945-a010a5a48bb8/chapters HTTP/1.1" 200 OK
INFO:     127.0.0.1:57510 - "GET /api/v1/video-presets/ HTTP/1.1" 200 OK
INFO:     127.0.0.1:57496 - "GET /api/v1/stories/2f846d20-9d22-4e0b-8945-a010a5a48bb8 HTTP/1.1" 200 OK
2026-05-06 15:13:12,671 INFO sqlalchemy.engine.Engine BEGIN (implicit)
2026-05-06 15:13:12,672 INFO sqlalchemy.engine.Engine SELECT chapters.id AS chapters_id, chapters.story_id AS chapters_story_id, chapters.chapter_number AS chapters_chapter_number, chapters.title AS chapters_title, chapters.content AS chapters_content, chapters.char_count AS chapters_char_count, chapters.has_censored_words AS chapters_has_censored_words, chapters.censored_count AS chapters_censored_count, chapters.status AS chapters_status, chapters.created_at AS chapters_created_at, chapters.updated_at AS chapters_updated_at 
FROM chapters 
WHERE chapters.story_id = %(story_id_1)s ORDER BY chapters.chapter_number
2026-05-06 15:13:12,672 INFO sqlalchemy.engine.Engine [cached since 132.6s ago] {'story_id_1': '2f846d20-9d22-4e0b-8945-a010a5a48bb8'}
2026-05-06 15:13:12,675 INFO sqlalchemy.engine.Engine ROLLBACK
2026-05-06 15:13:12,675 INFO sqlalchemy.engine.Engine BEGIN (implicit)
2026-05-06 15:13:12,675 INFO sqlalchemy.engine.Engine SELECT chapters.id AS chapters_id, chapters.story_id AS chapters_story_id, chapters.chapter_number AS chapters_chapter_number, chapters.title AS chapters_title, chapters.content AS chapters_content, chapters.char_count AS chapters_char_count, chapters.has_censored_words AS chapters_has_censored_words, chapters.censored_count AS chapters_censored_count, chapters.status AS chapters_status, chapters.created_at AS chapters_created_at, chapters.updated_at AS chapters_updated_at 
FROM chapters 
WHERE chapters.story_id = %(story_id_1)s
2026-05-06 15:13:12,675 INFO sqlalchemy.engine.Engine [cached since 132.6s ago] {'story_id_1': '2f846d20-9d22-4e0b-8945-a010a5a48bb8'}
INFO:     127.0.0.1:57520 - "GET /api/v1/stories/2f846d20-9d22-4e0b-8945-a010a5a48bb8/chapters HTTP/1.1" 200 OK
2026-05-06 15:13:12,677 INFO sqlalchemy.engine.Engine ROLLBACK
INFO:     127.0.0.1:57534 - "GET /api/v1/chapters/story/2f846d20-9d22-4e0b-8945-a010a5a48bb8/stats HTTP/1.1" 200 OK
2026-05-06 15:13:12,689 INFO sqlalchemy.engine.Engine BEGIN (implicit)
2026-05-06 15:13:12,689 INFO sqlalchemy.engine.Engine SELECT chapters.id AS chapters_id, chapters.story_id AS chapters_story_id, chapters.chapter_number AS chapters_chapter_number, chapters.title AS chapters_title, chapters.content AS chapters_content, chapters.char_count AS chapters_char_count, chapters.has_censored_words AS chapters_has_censored_words, chapters.censored_count AS chapters_censored_count, chapters.status AS chapters_status, chapters.created_at AS chapters_created_at, chapters.updated_at AS chapters_updated_at 
FROM chapters 
WHERE chapters.story_id = %(story_id_1)s
2026-05-06 15:13:12,689 INFO sqlalchemy.engine.Engine [cached since 132.6s ago] {'story_id_1': '2f846d20-9d22-4e0b-8945-a010a5a48bb8'}
2026-05-06 15:13:12,691 INFO sqlalchemy.engine.Engine ROLLBACK
2026-05-06 15:13:12,692 INFO sqlalchemy.engine.Engine BEGIN (implicit)
2026-05-06 15:13:12,692 INFO sqlalchemy.engine.Engine SELECT merged_audio.id AS merged_audio_id, merged_audio.story_id AS merged_audio_story_id, merged_audio.file_path AS merged_audio_file_path, merged_audio.file_size AS merged_audio_file_size, merged_audio.duration AS merged_audio_duration, merged_audio.format AS merged_audio_format, merged_audio.total_chapters AS merged_audio_total_chapters, merged_audio.created_at AS merged_audio_created_at 
FROM merged_audio 
WHERE merged_audio.story_id = %(story_id_1)s ORDER BY merged_audio.created_at DESC 
 LIMIT %(param_1)s
2026-05-06 15:13:12,692 INFO sqlalchemy.engine.Engine [cached since 132.6s ago] {'story_id_1': '2f846d20-9d22-4e0b-8945-a010a5a48bb8', 'param_1': 1}
INFO:     127.0.0.1:57538 - "GET /api/v1/chapters/story/2f846d20-9d22-4e0b-8945-a010a5a48bb8/stats HTTP/1.1" 200 OK
2026-05-06 15:13:12,693 INFO sqlalchemy.engine.Engine ROLLBACK
INFO:     127.0.0.1:57548 - "GET /api/v1/video/audio-path/2f846d20-9d22-4e0b-8945-a010a5a48bb8 HTTP/1.1" 200 OK
2026-05-06 15:13:12,699 INFO sqlalchemy.engine.Engine BEGIN (implicit)
2026-05-06 15:13:12,700 INFO sqlalchemy.engine.Engine SELECT video_outputs.id AS video_outputs_id, video_outputs.story_id AS video_outputs_story_id, video_outputs.audio_source_path AS video_outputs_audio_source_path, video_outputs.video_source_folder AS video_outputs_video_source_folder, video_outputs.output_path AS video_outputs_output_path, video_outputs.file_size AS video_outputs_file_size, video_outputs.duration AS video_outputs_duration, video_outputs.audio_speed AS video_outputs_audio_speed, video_outputs.transition_effect AS video_outputs_transition_effect, video_outputs.transition_duration AS video_outputs_transition_duration, video_outputs.resolution AS video_outputs_resolution, video_outputs.status AS video_outputs_status, video_outputs.error_message AS video_outputs_error_message, video_outputs.created_at AS video_outputs_created_at, video_outputs.updated_at AS video_outputs_updated_at 
FROM video_outputs 
WHERE video_outputs.story_id = %(story_id_1)s ORDER BY video_outputs.created_at DESC 
 LIMIT %(param_1)s
2026-05-06 15:13:12,700 INFO sqlalchemy.engine.Engine [cached since 132.6s ago] {'story_id_1': '2f846d20-9d22-4e0b-8945-a010a5a48bb8', 'param_1': 1}
2026-05-06 15:13:12,701 INFO sqlalchemy.engine.Engine BEGIN (implicit)
2026-05-06 15:13:12,701 INFO sqlalchemy.engine.Engine SELECT merged_audio.id AS merged_audio_id, merged_audio.story_id AS merged_audio_story_id, merged_audio.file_path AS merged_audio_file_path, merged_audio.file_size AS merged_audio_file_size, merged_audio.duration AS merged_audio_duration, merged_audio.format AS merged_audio_format, merged_audio.total_chapters AS merged_audio_total_chapters, merged_audio.created_at AS merged_audio_created_at 
FROM merged_audio 
WHERE merged_audio.story_id = %(story_id_1)s ORDER BY merged_audio.created_at DESC 
 LIMIT %(param_1)s
2026-05-06 15:13:12,701 INFO sqlalchemy.engine.Engine [cached since 132.6s ago] {'story_id_1': '2f846d20-9d22-4e0b-8945-a010a5a48bb8', 'param_1': 1}
2026-05-06 15:13:12,702 INFO sqlalchemy.engine.Engine ROLLBACK
2026-05-06 15:13:12,702 INFO sqlalchemy.engine.Engine ROLLBACK
INFO:     127.0.0.1:57578 - "GET /api/v1/video/result/2f846d20-9d22-4e0b-8945-a010a5a48bb8 HTTP/1.1" 404 Not Found
INFO:     127.0.0.1:57564 - "GET /api/v1/video/audio-path/2f846d20-9d22-4e0b-8945-a010a5a48bb8 HTTP/1.1" 200 OK
2026-05-06 15:13:12,708 INFO sqlalchemy.engine.Engine BEGIN (implicit)
2026-05-06 15:13:12,709 INFO sqlalchemy.engine.Engine SELECT video_outputs.id AS video_outputs_id, video_outputs.story_id AS video_outputs_story_id, video_outputs.audio_source_path AS video_outputs_audio_source_path, video_outputs.video_source_folder AS video_outputs_video_source_folder, video_outputs.output_path AS video_outputs_output_path, video_outputs.file_size AS video_outputs_file_size, video_outputs.duration AS video_outputs_duration, video_outputs.audio_speed AS video_outputs_audio_speed, video_outputs.transition_effect AS video_outputs_transition_effect, video_outputs.transition_duration AS video_outputs_transition_duration, video_outputs.resolution AS video_outputs_resolution, video_outputs.status AS video_outputs_status, video_outputs.error_message AS video_outputs_error_message, video_outputs.created_at AS video_outputs_created_at, video_outputs.updated_at AS video_outputs_updated_at 
FROM video_outputs 
WHERE video_outputs.story_id = %(story_id_1)s ORDER BY video_outputs.created_at DESC 
 LIMIT %(param_1)s
2026-05-06 15:13:12,709 INFO sqlalchemy.engine.Engine [cached since 132.6s ago] {'story_id_1': '2f846d20-9d22-4e0b-8945-a010a5a48bb8', 'param_1': 1}
2026-05-06 15:13:12,709 INFO sqlalchemy.engine.Engine ROLLBACK
INFO:     127.0.0.1:57588 - "GET /api/v1/video/result/2f846d20-9d22-4e0b-8945-a010a5a48bb8 HTTP/1.1" 404 Not Found
INFO:     127.0.0.1:35686 - "GET /api/v1/video/fonts HTTP/1.1" 200 OK
2026-05-06 15:13:20.064 | INFO     | app.services.video_processor:__init__:42 - NVENC GPU encoding available (h264_nvenc)
INFO:     127.0.0.1:35698 - "GET /api/v1/video/folder-clips?folder=%2Fhome%2Fduoclv%2FDownloads%2Ftemp-20260506T015716Z-3-001%2Ftemp%2Frandom_50min_20260419_210319&limit=200 HTTP/1.1" 200 OK
INFO:     127.0.0.1:35736 - "GET /api/v1/video/fonts HTTP/1.1" 200 OK
2026-05-06 15:13:25,519 INFO sqlalchemy.engine.Engine BEGIN (implicit)
2026-05-06 15:13:25,520 INFO sqlalchemy.engine.Engine SELECT stories.id AS stories_id, stories.title AS stories_title, stories.url AS stories_url, stories.author AS stories_author, stories.total_chapters AS stories_total_chapters, stories.start_chapter AS stories_start_chapter, stories.end_chapter AS stories_end_chapter, stories.custom_chapter_urls AS stories_custom_chapter_urls, stories.status AS stories_status, stories.current_step AS stories_current_step, stories.is_favorite AS stories_is_favorite, stories.merged_content AS stories_merged_content, stories.created_at AS stories_created_at, stories.updated_at AS stories_updated_at 
FROM stories 
WHERE stories.id = %(id_1)s 
 LIMIT %(param_1)s
2026-05-06 15:13:25,520 INFO sqlalchemy.engine.Engine [cached since 145.5s ago] {'id_1': '2f846d20-9d22-4e0b-8945-a010a5a48bb8', 'param_1': 1}
2026-05-06 15:13:25,522 INFO sqlalchemy.engine.Engine BEGIN (implicit)
2026-05-06 15:13:25,522 INFO sqlalchemy.engine.Engine SELECT voices.id AS voices_id, voices.code AS voices_code, voices.name AS voices_name, voices.gender AS voices_gender, voices.locale AS voices_locale, voices.category AS voices_category, voices.description AS voices_description, voices.demo_url AS voices_demo_url, voices.is_active AS voices_is_active, voices.`rank` AS voices_rank, voices.created_at AS voices_created_at 
FROM voices 
WHERE voices.is_active = true ORDER BY voices.`rank`
2026-05-06 15:13:25,522 INFO sqlalchemy.engine.Engine [cached since 145.5s ago] {}
2026-05-06 15:13:25.523 | INFO     | app.api.tts:list_voices:87 - Retrieved 14 voices from database
2026-05-06 15:13:25.603 | INFO     | app.services.video_processor:__init__:42 - NVENC GPU encoding available (h264_nvenc)
INFO:     127.0.0.1:35748 - "GET /api/v1/video/folder-clips?folder=%2Fhome%2Fduoclv%2FDownloads%2Ftemp-20260506T015716Z-3-001%2Ftemp%2Frandom_50min_20260419_210319&limit=200 HTTP/1.1" 200 OK
2026-05-06 15:13:30,839 INFO sqlalchemy.engine.Engine BEGIN (implicit)
2026-05-06 15:13:30,839 INFO sqlalchemy.engine.Engine SELECT video_presets.id AS video_presets_id, video_presets.name AS video_presets_name, video_presets.cfg AS video_presets_cfg, video_presets.created_at AS video_presets_created_at, video_presets.updated_at AS video_presets_updated_at 
FROM video_presets ORDER BY video_presets.created_at DESC
2026-05-06 15:13:30,839 INFO sqlalchemy.engine.Engine [cached since 150.8s ago] {}
2026-05-06 15:13:30,840 INFO sqlalchemy.engine.Engine ROLLBACK
2026-05-06 15:13:30,841 INFO sqlalchemy.engine.Engine ROLLBACK
2026-05-06 15:13:30,841 INFO sqlalchemy.engine.Engine ROLLBACK
INFO:     127.0.0.1:35714 - "GET /api/v1/tts/voices HTTP/1.1" 200 OK
INFO:     127.0.0.1:35720 - "GET /api/v1/video-presets/ HTTP/1.1" 200 OK
INFO:     127.0.0.1:35708 - "GET /api/v1/stories/2f846d20-9d22-4e0b-8945-a010a5a48bb8 HTTP/1.1" 200 OK
2026-05-06 15:13:30,850 INFO sqlalchemy.engine.Engine BEGIN (implicit)
2026-05-06 15:13:30,850 INFO sqlalchemy.engine.Engine SELECT voices.id AS voices_id, voices.code AS voices_code, voices.name AS voices_name, voices.gender AS voices_gender, voices.locale AS voices_locale, voices.category AS voices_category, voices.description AS voices_description, voices.demo_url AS voices_demo_url, voices.is_active AS voices_is_active, voices.`rank` AS voices_rank, voices.created_at AS voices_created_at 
FROM voices 
WHERE voices.is_active = true ORDER BY voices.`rank`
2026-05-06 15:13:30,850 INFO sqlalchemy.engine.Engine [cached since 150.8s ago] {}
2026-05-06 15:13:30.851 | INFO     | app.api.tts:list_voices:87 - Retrieved 14 voices from database
2026-05-06 15:13:30,852 INFO sqlalchemy.engine.Engine BEGIN (implicit)
2026-05-06 15:13:30,853 INFO sqlalchemy.engine.Engine SELECT video_presets.id AS video_presets_id, video_presets.name AS video_presets_name, video_presets.cfg AS video_presets_cfg, video_presets.created_at AS video_presets_created_at, video_presets.updated_at AS video_presets_updated_at 
FROM video_presets ORDER BY video_presets.created_at DESC
2026-05-06 15:13:30,853 INFO sqlalchemy.engine.Engine [cached since 150.8s ago] {}
2026-05-06 15:13:30,854 INFO sqlalchemy.engine.Engine BEGIN (implicit)
2026-05-06 15:13:30,854 INFO sqlalchemy.engine.Engine SELECT stories.id AS stories_id, stories.title AS stories_title, stories.url AS stories_url, stories.author AS stories_author, stories.total_chapters AS stories_total_chapters, stories.start_chapter AS stories_start_chapter, stories.end_chapter AS stories_end_chapter, stories.custom_chapter_urls AS stories_custom_chapter_urls, stories.status AS stories_status, stories.current_step AS stories_current_step, stories.is_favorite AS stories_is_favorite, stories.merged_content AS stories_merged_content, stories.created_at AS stories_created_at, stories.updated_at AS stories_updated_at 
FROM stories 
WHERE stories.id = %(id_1)s 
 LIMIT %(param_1)s
2026-05-06 15:13:30,854 INFO sqlalchemy.engine.Engine [cached since 150.9s ago] {'id_1': '2f846d20-9d22-4e0b-8945-a010a5a48bb8', 'param_1': 1}
2026-05-06 15:13:30,855 INFO sqlalchemy.engine.Engine ROLLBACK
2026-05-06 15:13:30,856 INFO sqlalchemy.engine.Engine BEGIN (implicit)
2026-05-06 15:13:30,856 INFO sqlalchemy.engine.Engine SELECT chapters.id AS chapters_id, chapters.story_id AS chapters_story_id, chapters.chapter_number AS chapters_chapter_number, chapters.title AS chapters_title, chapters.content AS chapters_content, chapters.char_count AS chapters_char_count, chapters.has_censored_words AS chapters_has_censored_words, chapters.censored_count AS chapters_censored_count, chapters.status AS chapters_status, chapters.created_at AS chapters_created_at, chapters.updated_at AS chapters_updated_at 
FROM chapters 
WHERE chapters.story_id = %(story_id_1)s ORDER BY chapters.chapter_number
2026-05-06 15:13:30,857 INFO sqlalchemy.engine.Engine [cached since 150.8s ago] {'story_id_1': '2f846d20-9d22-4e0b-8945-a010a5a48bb8'}
2026-05-06 15:13:30,859 INFO sqlalchemy.engine.Engine ROLLBACK
INFO:     127.0.0.1:34292 - "GET /api/v1/tts/voices HTTP/1.1" 200 OK
2026-05-06 15:13:30,859 INFO sqlalchemy.engine.Engine ROLLBACK
2026-05-06 15:13:30,859 INFO sqlalchemy.engine.Engine ROLLBACK
INFO:     127.0.0.1:34296 - "GET /api/v1/video-presets/ HTTP/1.1" 200 OK
INFO:     127.0.0.1:34300 - "GET /api/v1/stories/2f846d20-9d22-4e0b-8945-a010a5a48bb8 HTTP/1.1" 200 OK
INFO:     127.0.0.1:34310 - "GET /api/v1/stories/2f846d20-9d22-4e0b-8945-a010a5a48bb8/chapters HTTP/1.1" 200 OK
2026-05-06 15:13:30,870 INFO sqlalchemy.engine.Engine BEGIN (implicit)
2026-05-06 15:13:30,870 INFO sqlalchemy.engine.Engine SELECT chapters.id AS chapters_id, chapters.story_id AS chapters_story_id, chapters.chapter_number AS chapters_chapter_number, chapters.title AS chapters_title, chapters.content AS chapters_content, chapters.char_count AS chapters_char_count, chapters.has_censored_words AS chapters_has_censored_words, chapters.censored_count AS chapters_censored_count, chapters.status AS chapters_status, chapters.created_at AS chapters_created_at, chapters.updated_at AS chapters_updated_at 
FROM chapters 
WHERE chapters.story_id = %(story_id_1)s
2026-05-06 15:13:30,870 INFO sqlalchemy.engine.Engine [cached since 150.8s ago] {'story_id_1': '2f846d20-9d22-4e0b-8945-a010a5a48bb8'}
2026-05-06 15:13:30,872 INFO sqlalchemy.engine.Engine ROLLBACK
2026-05-06 15:13:30,872 INFO sqlalchemy.engine.Engine BEGIN (implicit)
2026-05-06 15:13:30,873 INFO sqlalchemy.engine.Engine SELECT chapters.id AS chapters_id, chapters.story_id AS chapters_story_id, chapters.chapter_number AS chapters_chapter_number, chapters.title AS chapters_title, chapters.content AS chapters_content, chapters.char_count AS chapters_char_count, chapters.has_censored_words AS chapters_has_censored_words, chapters.censored_count AS chapters_censored_count, chapters.status AS chapters_status, chapters.created_at AS chapters_created_at, chapters.updated_at AS chapters_updated_at 
FROM chapters 
WHERE chapters.story_id = %(story_id_1)s ORDER BY chapters.chapter_number
2026-05-06 15:13:30,873 INFO sqlalchemy.engine.Engine [cached since 150.8s ago] {'story_id_1': '2f846d20-9d22-4e0b-8945-a010a5a48bb8'}
INFO:     127.0.0.1:34318 - "GET /api/v1/chapters/story/2f846d20-9d22-4e0b-8945-a010a5a48bb8/stats HTTP/1.1" 200 OK
2026-05-06 15:13:30,876 INFO sqlalchemy.engine.Engine ROLLBACK
INFO:     127.0.0.1:34324 - "GET /api/v1/stories/2f846d20-9d22-4e0b-8945-a010a5a48bb8/chapters HTTP/1.1" 200 OK
2026-05-06 15:13:30,886 INFO sqlalchemy.engine.Engine BEGIN (implicit)
2026-05-06 15:13:30,886 INFO sqlalchemy.engine.Engine SELECT merged_audio.id AS merged_audio_id, merged_audio.story_id AS merged_audio_story_id, merged_audio.file_path AS merged_audio_file_path, merged_audio.file_size AS merged_audio_file_size, merged_audio.duration AS merged_audio_duration, merged_audio.format AS merged_audio_format, merged_audio.total_chapters AS merged_audio_total_chapters, merged_audio.created_at AS merged_audio_created_at 
FROM merged_audio 
WHERE merged_audio.story_id = %(story_id_1)s ORDER BY merged_audio.created_at DESC 
 LIMIT %(param_1)s
2026-05-06 15:13:30,886 INFO sqlalchemy.engine.Engine [cached since 150.8s ago] {'story_id_1': '2f846d20-9d22-4e0b-8945-a010a5a48bb8', 'param_1': 1}
2026-05-06 15:13:30,887 INFO sqlalchemy.engine.Engine ROLLBACK
2026-05-06 15:13:30,888 INFO sqlalchemy.engine.Engine BEGIN (implicit)
2026-05-06 15:13:30,888 INFO sqlalchemy.engine.Engine SELECT chapters.id AS chapters_id, chapters.story_id AS chapters_story_id, chapters.chapter_number AS chapters_chapter_number, chapters.title AS chapters_title, chapters.content AS chapters_content, chapters.char_count AS chapters_char_count, chapters.has_censored_words AS chapters_has_censored_words, chapters.censored_count AS chapters_censored_count, chapters.status AS chapters_status, chapters.created_at AS chapters_created_at, chapters.updated_at AS chapters_updated_at 
FROM chapters 
WHERE chapters.story_id = %(story_id_1)s
2026-05-06 15:13:30,888 INFO sqlalchemy.engine.Engine [cached since 150.8s ago] {'story_id_1': '2f846d20-9d22-4e0b-8945-a010a5a48bb8'}
INFO:     127.0.0.1:34332 - "GET /api/v1/video/audio-path/2f846d20-9d22-4e0b-8945-a010a5a48bb8 HTTP/1.1" 200 OK
2026-05-06 15:13:30,890 INFO sqlalchemy.engine.Engine ROLLBACK
INFO:     127.0.0.1:34336 - "GET /api/v1/chapters/story/2f846d20-9d22-4e0b-8945-a010a5a48bb8/stats HTTP/1.1" 200 OK
2026-05-06 15:13:30,896 INFO sqlalchemy.engine.Engine BEGIN (implicit)
2026-05-06 15:13:30,896 INFO sqlalchemy.engine.Engine SELECT video_outputs.id AS video_outputs_id, video_outputs.story_id AS video_outputs_story_id, video_outputs.audio_source_path AS video_outputs_audio_source_path, video_outputs.video_source_folder AS video_outputs_video_source_folder, video_outputs.output_path AS video_outputs_output_path, video_outputs.file_size AS video_outputs_file_size, video_outputs.duration AS video_outputs_duration, video_outputs.audio_speed AS video_outputs_audio_speed, video_outputs.transition_effect AS video_outputs_transition_effect, video_outputs.transition_duration AS video_outputs_transition_duration, video_outputs.resolution AS video_outputs_resolution, video_outputs.status AS video_outputs_status, video_outputs.error_message AS video_outputs_error_message, video_outputs.created_at AS video_outputs_created_at, video_outputs.updated_at AS video_outputs_updated_at 
FROM video_outputs 
WHERE video_outputs.story_id = %(story_id_1)s ORDER BY video_outputs.created_at DESC 
 LIMIT %(param_1)s
2026-05-06 15:13:30,897 INFO sqlalchemy.engine.Engine [cached since 150.8s ago] {'story_id_1': '2f846d20-9d22-4e0b-8945-a010a5a48bb8', 'param_1': 1}
2026-05-06 15:13:30,898 INFO sqlalchemy.engine.Engine ROLLBACK
2026-05-06 15:13:30,898 INFO sqlalchemy.engine.Engine BEGIN (implicit)
2026-05-06 15:13:30,899 INFO sqlalchemy.engine.Engine SELECT merged_audio.id AS merged_audio_id, merged_audio.story_id AS merged_audio_story_id, merged_audio.file_path AS merged_audio_file_path, merged_audio.file_size AS merged_audio_file_size, merged_audio.duration AS merged_audio_duration, merged_audio.format AS merged_audio_format, merged_audio.total_chapters AS merged_audio_total_chapters, merged_audio.created_at AS merged_audio_created_at 
FROM merged_audio 
WHERE merged_audio.story_id = %(story_id_1)s ORDER BY merged_audio.created_at DESC 
 LIMIT %(param_1)s
2026-05-06 15:13:30,899 INFO sqlalchemy.engine.Engine [cached since 150.8s ago] {'story_id_1': '2f846d20-9d22-4e0b-8945-a010a5a48bb8', 'param_1': 1}
INFO:     127.0.0.1:34346 - "GET /api/v1/video/result/2f846d20-9d22-4e0b-8945-a010a5a48bb8 HTTP/1.1" 404 Not Found
2026-05-06 15:13:30,900 INFO sqlalchemy.engine.Engine ROLLBACK
INFO:     127.0.0.1:34362 - "GET /api/v1/video/audio-path/2f846d20-9d22-4e0b-8945-a010a5a48bb8 HTTP/1.1" 200 OK
2026-05-06 15:13:30,907 INFO sqlalchemy.engine.Engine BEGIN (implicit)
2026-05-06 15:13:30,907 INFO sqlalchemy.engine.Engine SELECT video_outputs.id AS video_outputs_id, video_outputs.story_id AS video_outputs_story_id, video_outputs.audio_source_path AS video_outputs_audio_source_path, video_outputs.video_source_folder AS video_outputs_video_source_folder, video_outputs.output_path AS video_outputs_output_path, video_outputs.file_size AS video_outputs_file_size, video_outputs.duration AS video_outputs_duration, video_outputs.audio_speed AS video_outputs_audio_speed, video_outputs.transition_effect AS video_outputs_transition_effect, video_outputs.transition_duration AS video_outputs_transition_duration, video_outputs.resolution AS video_outputs_resolution, video_outputs.status AS video_outputs_status, video_outputs.error_message AS video_outputs_error_message, video_outputs.created_at AS video_outputs_created_at, video_outputs.updated_at AS video_outputs_updated_at 
FROM video_outputs 
WHERE video_outputs.story_id = %(story_id_1)s ORDER BY video_outputs.created_at DESC 
 LIMIT %(param_1)s
2026-05-06 15:13:30,907 INFO sqlalchemy.engine.Engine [cached since 150.8s ago] {'story_id_1': '2f846d20-9d22-4e0b-8945-a010a5a48bb8', 'param_1': 1}
2026-05-06 15:13:30,908 INFO sqlalchemy.engine.Engine ROLLBACK
INFO:     127.0.0.1:34366 - "GET /api/v1/video/result/2f846d20-9d22-4e0b-8945-a010a5a48bb8 HTTP/1.1" 404 Not Found
INFO:     127.0.0.1:34376 - "GET /api/v1/video/fonts HTTP/1.1" 200 OK
2026-05-06 15:13:34.042 | INFO     | app.services.video_processor:__init__:42 - NVENC GPU encoding available (h264_nvenc)
INFO:     127.0.0.1:34388 - "GET /api/v1/video/folder-clips?folder=%2Fhome%2Fduoclv%2FDownloads%2Ftemp-20260506T015716Z-3-001%2Ftemp%2Frandom_50min_20260419_210319&limit=200 HTTP/1.1" 200 OK
INFO:     127.0.0.1:34426 - "GET /api/v1/video/fonts HTTP/1.1" 200 OK
2026-05-06 15:13:39,310 INFO sqlalchemy.engine.Engine BEGIN (implicit)
2026-05-06 15:13:39,310 INFO sqlalchemy.engine.Engine SELECT stories.id AS stories_id, stories.title AS stories_title, stories.url AS stories_url, stories.author AS stories_author, stories.total_chapters AS stories_total_chapters, stories.start_chapter AS stories_start_chapter, stories.end_chapter AS stories_end_chapter, stories.custom_chapter_urls AS stories_custom_chapter_urls, stories.status AS stories_status, stories.current_step AS stories_current_step, stories.is_favorite AS stories_is_favorite, stories.merged_content AS stories_merged_content, stories.created_at AS stories_created_at, stories.updated_at AS stories_updated_at 
FROM stories 
WHERE stories.id = %(id_1)s 
 LIMIT %(param_1)s
2026-05-06 15:13:39,311 INFO sqlalchemy.engine.Engine [cached since 159.3s ago] {'id_1': '2f846d20-9d22-4e0b-8945-a010a5a48bb8', 'param_1': 1}
2026-05-06 15:13:39,312 INFO sqlalchemy.engine.Engine BEGIN (implicit)
2026-05-06 15:13:39,313 INFO sqlalchemy.engine.Engine SELECT voices.id AS voices_id, voices.code AS voices_code, voices.name AS voices_name, voices.gender AS voices_gender, voices.locale AS voices_locale, voices.category AS voices_category, voices.description AS voices_description, voices.demo_url AS voices_demo_url, voices.is_active AS voices_is_active, voices.`rank` AS voices_rank, voices.created_at AS voices_created_at 
FROM voices 
WHERE voices.is_active = true ORDER BY voices.`rank`
2026-05-06 15:13:39,313 INFO sqlalchemy.engine.Engine [cached since 159.3s ago] {}
2026-05-06 15:13:39.314 | INFO     | app.api.tts:list_voices:87 - Retrieved 14 voices from database
2026-05-06 15:13:39.393 | INFO     | app.services.video_processor:__init__:42 - NVENC GPU encoding available (h264_nvenc)
INFO:     127.0.0.1:33204 - "GET /api/v1/video/folder-clips?folder=%2Fhome%2Fduoclv%2FDownloads%2Ftemp-20260506T015716Z-3-001%2Ftemp%2Frandom_50min_20260419_210319&limit=200 HTTP/1.1" 200 OK
2026-05-06 15:13:44,807 INFO sqlalchemy.engine.Engine BEGIN (implicit)
2026-05-06 15:13:44,807 INFO sqlalchemy.engine.Engine SELECT video_presets.id AS video_presets_id, video_presets.name AS video_presets_name, video_presets.cfg AS video_presets_cfg, video_presets.created_at AS video_presets_created_at, video_presets.updated_at AS video_presets_updated_at 
FROM video_presets ORDER BY video_presets.created_at DESC
2026-05-06 15:13:44,807 INFO sqlalchemy.engine.Engine [cached since 164.8s ago] {}
2026-05-06 15:13:44,808 INFO sqlalchemy.engine.Engine ROLLBACK
2026-05-06 15:13:44,809 INFO sqlalchemy.engine.Engine ROLLBACK
2026-05-06 15:13:44,809 INFO sqlalchemy.engine.Engine ROLLBACK
INFO:     127.0.0.1:34394 - "GET /api/v1/stories/2f846d20-9d22-4e0b-8945-a010a5a48bb8 HTTP/1.1" 200 OK
INFO:     127.0.0.1:34402 - "GET /api/v1/tts/voices HTTP/1.1" 200 OK
INFO:     127.0.0.1:34410 - "GET /api/v1/video-presets/ HTTP/1.1" 200 OK
2026-05-06 15:13:44,816 INFO sqlalchemy.engine.Engine BEGIN (implicit)
2026-05-06 15:13:44,816 INFO sqlalchemy.engine.Engine SELECT stories.id AS stories_id, stories.title AS stories_title, stories.url AS stories_url, stories.author AS stories_author, stories.total_chapters AS stories_total_chapters, stories.start_chapter AS stories_start_chapter, stories.end_chapter AS stories_end_chapter, stories.custom_chapter_urls AS stories_custom_chapter_urls, stories.status AS stories_status, stories.current_step AS stories_current_step, stories.is_favorite AS stories_is_favorite, stories.merged_content AS stories_merged_content, stories.created_at AS stories_created_at, stories.updated_at AS stories_updated_at 
FROM stories 
WHERE stories.id = %(id_1)s 
 LIMIT %(param_1)s
2026-05-06 15:13:44,816 INFO sqlalchemy.engine.Engine [cached since 164.8s ago] {'id_1': '2f846d20-9d22-4e0b-8945-a010a5a48bb8', 'param_1': 1}
2026-05-06 15:13:44,819 INFO sqlalchemy.engine.Engine ROLLBACK
2026-05-06 15:13:44,819 INFO sqlalchemy.engine.Engine BEGIN (implicit)
2026-05-06 15:13:44,819 INFO sqlalchemy.engine.Engine SELECT video_presets.id AS video_presets_id, video_presets.name AS video_presets_name, video_presets.cfg AS video_presets_cfg, video_presets.created_at AS video_presets_created_at, video_presets.updated_at AS video_presets_updated_at 
FROM video_presets ORDER BY video_presets.created_at DESC
2026-05-06 15:13:44,820 INFO sqlalchemy.engine.Engine [cached since 164.8s ago] {}
2026-05-06 15:13:44,821 INFO sqlalchemy.engine.Engine BEGIN (implicit)
2026-05-06 15:13:44,821 INFO sqlalchemy.engine.Engine SELECT voices.id AS voices_id, voices.code AS voices_code, voices.name AS voices_name, voices.gender AS voices_gender, voices.locale AS voices_locale, voices.category AS voices_category, voices.description AS voices_description, voices.demo_url AS voices_demo_url, voices.is_active AS voices_is_active, voices.`rank` AS voices_rank, voices.created_at AS voices_created_at 
FROM voices 
WHERE voices.is_active = true ORDER BY voices.`rank`
2026-05-06 15:13:44,821 INFO sqlalchemy.engine.Engine [cached since 164.8s ago] {}
2026-05-06 15:13:44.822 | INFO     | app.api.tts:list_voices:87 - Retrieved 14 voices from database
2026-05-06 15:13:44,823 INFO sqlalchemy.engine.Engine BEGIN (implicit)
2026-05-06 15:13:44,823 INFO sqlalchemy.engine.Engine SELECT chapters.id AS chapters_id, chapters.story_id AS chapters_story_id, chapters.chapter_number AS chapters_chapter_number, chapters.title AS chapters_title, chapters.content AS chapters_content, chapters.char_count AS chapters_char_count, chapters.has_censored_words AS chapters_has_censored_words, chapters.censored_count AS chapters_censored_count, chapters.status AS chapters_status, chapters.created_at AS chapters_created_at, chapters.updated_at AS chapters_updated_at 
FROM chapters 
WHERE chapters.story_id = %(story_id_1)s ORDER BY chapters.chapter_number
2026-05-06 15:13:44,823 INFO sqlalchemy.engine.Engine [cached since 164.8s ago] {'story_id_1': '2f846d20-9d22-4e0b-8945-a010a5a48bb8'}
INFO:     127.0.0.1:33218 - "GET /api/v1/stories/2f846d20-9d22-4e0b-8945-a010a5a48bb8 HTTP/1.1" 200 OK
2026-05-06 15:13:44,826 INFO sqlalchemy.engine.Engine ROLLBACK
2026-05-06 15:13:44,826 INFO sqlalchemy.engine.Engine ROLLBACK
2026-05-06 15:13:44,826 INFO sqlalchemy.engine.Engine ROLLBACK
INFO:     127.0.0.1:33258 - "GET /api/v1/stories/2f846d20-9d22-4e0b-8945-a010a5a48bb8/chapters HTTP/1.1" 200 OK
INFO:     127.0.0.1:33232 - "GET /api/v1/tts/voices HTTP/1.1" 200 OK
INFO:     127.0.0.1:33248 - "GET /api/v1/video-presets/ HTTP/1.1" 200 OK
2026-05-06 15:13:44,833 INFO sqlalchemy.engine.Engine BEGIN (implicit)
2026-05-06 15:13:44,833 INFO sqlalchemy.engine.Engine SELECT chapters.id AS chapters_id, chapters.story_id AS chapters_story_id, chapters.chapter_number AS chapters_chapter_number, chapters.title AS chapters_title, chapters.content AS chapters_content, chapters.char_count AS chapters_char_count, chapters.has_censored_words AS chapters_has_censored_words, chapters.censored_count AS chapters_censored_count, chapters.status AS chapters_status, chapters.created_at AS chapters_created_at, chapters.updated_at AS chapters_updated_at 
FROM chapters 
WHERE chapters.story_id = %(story_id_1)s ORDER BY chapters.chapter_number
2026-05-06 15:13:44,833 INFO sqlalchemy.engine.Engine [cached since 164.8s ago] {'story_id_1': '2f846d20-9d22-4e0b-8945-a010a5a48bb8'}
2026-05-06 15:13:44,837 INFO sqlalchemy.engine.Engine ROLLBACK
2026-05-06 15:13:44,838 INFO sqlalchemy.engine.Engine BEGIN (implicit)
2026-05-06 15:13:44,838 INFO sqlalchemy.engine.Engine SELECT chapters.id AS chapters_id, chapters.story_id AS chapters_story_id, chapters.chapter_number AS chapters_chapter_number, chapters.title AS chapters_title, chapters.content AS chapters_content, chapters.char_count AS chapters_char_count, chapters.has_censored_words AS chapters_has_censored_words, chapters.censored_count AS chapters_censored_count, chapters.status AS chapters_status, chapters.created_at AS chapters_created_at, chapters.updated_at AS chapters_updated_at 
FROM chapters 
WHERE chapters.story_id = %(story_id_1)s
2026-05-06 15:13:44,838 INFO sqlalchemy.engine.Engine [cached since 164.8s ago] {'story_id_1': '2f846d20-9d22-4e0b-8945-a010a5a48bb8'}
INFO:     127.0.0.1:33268 - "GET /api/v1/stories/2f846d20-9d22-4e0b-8945-a010a5a48bb8/chapters HTTP/1.1" 200 OK
2026-05-06 15:13:44,840 INFO sqlalchemy.engine.Engine ROLLBACK
INFO:     127.0.0.1:33280 - "GET /api/v1/chapters/story/2f846d20-9d22-4e0b-8945-a010a5a48bb8/stats HTTP/1.1" 200 OK
2026-05-06 15:13:44,849 INFO sqlalchemy.engine.Engine BEGIN (implicit)
2026-05-06 15:13:44,849 INFO sqlalchemy.engine.Engine SELECT merged_audio.id AS merged_audio_id, merged_audio.story_id AS merged_audio_story_id, merged_audio.file_path AS merged_audio_file_path, merged_audio.file_size AS merged_audio_file_size, merged_audio.duration AS merged_audio_duration, merged_audio.format AS merged_audio_format, merged_audio.total_chapters AS merged_audio_total_chapters, merged_audio.created_at AS merged_audio_created_at 
FROM merged_audio 
WHERE merged_audio.story_id = %(story_id_1)s ORDER BY merged_audio.created_at DESC 
 LIMIT %(param_1)s
2026-05-06 15:13:44,849 INFO sqlalchemy.engine.Engine [cached since 164.8s ago] {'story_id_1': '2f846d20-9d22-4e0b-8945-a010a5a48bb8', 'param_1': 1}
2026-05-06 15:13:44,850 INFO sqlalchemy.engine.Engine BEGIN (implicit)
2026-05-06 15:13:44,850 INFO sqlalchemy.engine.Engine SELECT chapters.id AS chapters_id, chapters.story_id AS chapters_story_id, chapters.chapter_number AS chapters_chapter_number, chapters.title AS chapters_title, chapters.content AS chapters_content, chapters.char_count AS chapters_char_count, chapters.has_censored_words AS chapters_has_censored_words, chapters.censored_count AS chapters_censored_count, chapters.status AS chapters_status, chapters.created_at AS chapters_created_at, chapters.updated_at AS chapters_updated_at 
FROM chapters 
WHERE chapters.story_id = %(story_id_1)s
2026-05-06 15:13:44,850 INFO sqlalchemy.engine.Engine [cached since 164.8s ago] {'story_id_1': '2f846d20-9d22-4e0b-8945-a010a5a48bb8'}
2026-05-06 15:13:44,852 INFO sqlalchemy.engine.Engine ROLLBACK
2026-05-06 15:13:44,852 INFO sqlalchemy.engine.Engine ROLLBACK
INFO:     127.0.0.1:33284 - "GET /api/v1/chapters/story/2f846d20-9d22-4e0b-8945-a010a5a48bb8/stats HTTP/1.1" 200 OK
INFO:     127.0.0.1:33294 - "GET /api/v1/video/audio-path/2f846d20-9d22-4e0b-8945-a010a5a48bb8 HTTP/1.1" 200 OK
2026-05-06 15:13:44,858 INFO sqlalchemy.engine.Engine BEGIN (implicit)
2026-05-06 15:13:44,858 INFO sqlalchemy.engine.Engine SELECT video_outputs.id AS video_outputs_id, video_outputs.story_id AS video_outputs_story_id, video_outputs.audio_source_path AS video_outputs_audio_source_path, video_outputs.video_source_folder AS video_outputs_video_source_folder, video_outputs.output_path AS video_outputs_output_path, video_outputs.file_size AS video_outputs_file_size, video_outputs.duration AS video_outputs_duration, video_outputs.audio_speed AS video_outputs_audio_speed, video_outputs.transition_effect AS video_outputs_transition_effect, video_outputs.transition_duration AS video_outputs_transition_duration, video_outputs.resolution AS video_outputs_resolution, video_outputs.status AS video_outputs_status, video_outputs.error_message AS video_outputs_error_message, video_outputs.created_at AS video_outputs_created_at, video_outputs.updated_at AS video_outputs_updated_at 
FROM video_outputs 
WHERE video_outputs.story_id = %(story_id_1)s ORDER BY video_outputs.created_at DESC 
 LIMIT %(param_1)s
2026-05-06 15:13:44,858 INFO sqlalchemy.engine.Engine [cached since 164.8s ago] {'story_id_1': '2f846d20-9d22-4e0b-8945-a010a5a48bb8', 'param_1': 1}
2026-05-06 15:13:44,859 INFO sqlalchemy.engine.Engine ROLLBACK
2026-05-06 15:13:44,860 INFO sqlalchemy.engine.Engine BEGIN (implicit)
2026-05-06 15:13:44,860 INFO sqlalchemy.engine.Engine SELECT merged_audio.id AS merged_audio_id, merged_audio.story_id AS merged_audio_story_id, merged_audio.file_path AS merged_audio_file_path, merged_audio.file_size AS merged_audio_file_size, merged_audio.duration AS merged_audio_duration, merged_audio.format AS merged_audio_format, merged_audio.total_chapters AS merged_audio_total_chapters, merged_audio.created_at AS merged_audio_created_at 
FROM merged_audio 
WHERE merged_audio.story_id = %(story_id_1)s ORDER BY merged_audio.created_at DESC 
 LIMIT %(param_1)s
2026-05-06 15:13:44,860 INFO sqlalchemy.engine.Engine [cached since 164.8s ago] {'story_id_1': '2f846d20-9d22-4e0b-8945-a010a5a48bb8', 'param_1': 1}
INFO:     127.0.0.1:33298 - "GET /api/v1/video/result/2f846d20-9d22-4e0b-8945-a010a5a48bb8 HTTP/1.1" 404 Not Found
2026-05-06 15:13:44,861 INFO sqlalchemy.engine.Engine ROLLBACK
INFO:     127.0.0.1:33306 - "GET /api/v1/video/audio-path/2f846d20-9d22-4e0b-8945-a010a5a48bb8 HTTP/1.1" 200 OK
2026-05-06 15:13:44,866 INFO sqlalchemy.engine.Engine BEGIN (implicit)
2026-05-06 15:13:44,866 INFO sqlalchemy.engine.Engine SELECT video_outputs.id AS video_outputs_id, video_outputs.story_id AS video_outputs_story_id, video_outputs.audio_source_path AS video_outputs_audio_source_path, video_outputs.video_source_folder AS video_outputs_video_source_folder, video_outputs.output_path AS video_outputs_output_path, video_outputs.file_size AS video_outputs_file_size, video_outputs.duration AS video_outputs_duration, video_outputs.audio_speed AS video_outputs_audio_speed, video_outputs.transition_effect AS video_outputs_transition_effect, video_outputs.transition_duration AS video_outputs_transition_duration, video_outputs.resolution AS video_outputs_resolution, video_outputs.status AS video_outputs_status, video_outputs.error_message AS video_outputs_error_message, video_outputs.created_at AS video_outputs_created_at, video_outputs.updated_at AS video_outputs_updated_at 
FROM video_outputs 
WHERE video_outputs.story_id = %(story_id_1)s ORDER BY video_outputs.created_at DESC 
 LIMIT %(param_1)s
2026-05-06 15:13:44,866 INFO sqlalchemy.engine.Engine [cached since 164.8s ago] {'story_id_1': '2f846d20-9d22-4e0b-8945-a010a5a48bb8', 'param_1': 1}
2026-05-06 15:13:44,866 INFO sqlalchemy.engine.Engine ROLLBACK
INFO:     127.0.0.1:33322 - "GET /api/v1/video/result/2f846d20-9d22-4e0b-8945-a010a5a48bb8 HTTP/1.1" 404 Not Found
INFO:     127.0.0.1:59174 - "GET /api/v1/video/fonts HTTP/1.1" 200 OK
2026-05-06 15:13:58.042 | INFO     | app.services.video_processor:__init__:42 - NVENC GPU encoding available (h264_nvenc)
INFO:     127.0.0.1:59182 - "GET /api/v1/video/folder-clips?folder=%2Fhome%2Fduoclv%2FDownloads%2Ftemp-20260506T015716Z-3-001%2Ftemp%2Frandom_50min_20260419_210319&limit=200 HTTP/1.1" 200 OK
INFO:     127.0.0.1:59228 - "GET /api/v1/video/fonts HTTP/1.1" 200 OK
2026-05-06 15:14:03,336 INFO sqlalchemy.engine.Engine BEGIN (implicit)
2026-05-06 15:14:03,336 INFO sqlalchemy.engine.Engine SELECT stories.id AS stories_id, stories.title AS stories_title, stories.url AS stories_url, stories.author AS stories_author, stories.total_chapters AS stories_total_chapters, stories.start_chapter AS stories_start_chapter, stories.end_chapter AS stories_end_chapter, stories.custom_chapter_urls AS stories_custom_chapter_urls, stories.status AS stories_status, stories.current_step AS stories_current_step, stories.is_favorite AS stories_is_favorite, stories.merged_content AS stories_merged_content, stories.created_at AS stories_created_at, stories.updated_at AS stories_updated_at 
FROM stories 
WHERE stories.id = %(id_1)s 
 LIMIT %(param_1)s
2026-05-06 15:14:03,336 INFO sqlalchemy.engine.Engine [cached since 183.3s ago] {'id_1': '2f846d20-9d22-4e0b-8945-a010a5a48bb8', 'param_1': 1}
2026-05-06 15:14:03,339 INFO sqlalchemy.engine.Engine BEGIN (implicit)
2026-05-06 15:14:03,339 INFO sqlalchemy.engine.Engine SELECT voices.id AS voices_id, voices.code AS voices_code, voices.name AS voices_name, voices.gender AS voices_gender, voices.locale AS voices_locale, voices.category AS voices_category, voices.description AS voices_description, voices.demo_url AS voices_demo_url, voices.is_active AS voices_is_active, voices.`rank` AS voices_rank, voices.created_at AS voices_created_at 
FROM voices 
WHERE voices.is_active = true ORDER BY voices.`rank`
2026-05-06 15:14:03,339 INFO sqlalchemy.engine.Engine [cached since 183.3s ago] {}
2026-05-06 15:14:03.340 | INFO     | app.api.tts:list_voices:87 - Retrieved 14 voices from database
2026-05-06 15:14:03.427 | INFO     | app.services.video_processor:__init__:42 - NVENC GPU encoding available (h264_nvenc)
INFO:     127.0.0.1:59236 - "GET /api/v1/video/folder-clips?folder=%2Fhome%2Fduoclv%2FDownloads%2Ftemp-20260506T015716Z-3-001%2Ftemp%2Frandom_50min_20260419_210319&limit=200 HTTP/1.1" 200 OK
2026-05-06 15:14:09,083 INFO sqlalchemy.engine.Engine BEGIN (implicit)
2026-05-06 15:14:09,083 INFO sqlalchemy.engine.Engine SELECT video_presets.id AS video_presets_id, video_presets.name AS video_presets_name, video_presets.cfg AS video_presets_cfg, video_presets.created_at AS video_presets_created_at, video_presets.updated_at AS video_presets_updated_at 
FROM video_presets ORDER BY video_presets.created_at DESC
2026-05-06 15:14:09,083 INFO sqlalchemy.engine.Engine [cached since 189.1s ago] {}
2026-05-06 15:14:09,086 INFO sqlalchemy.engine.Engine ROLLBACK
2026-05-06 15:14:09,086 INFO sqlalchemy.engine.Engine ROLLBACK
2026-05-06 15:14:09,087 INFO sqlalchemy.engine.Engine ROLLBACK
INFO:     127.0.0.1:59208 - "GET /api/v1/tts/voices HTTP/1.1" 200 OK
INFO:     127.0.0.1:59194 - "GET /api/v1/stories/2f846d20-9d22-4e0b-8945-a010a5a48bb8 HTTP/1.1" 200 OK
INFO:     127.0.0.1:59214 - "GET /api/v1/video-presets/ HTTP/1.1" 200 OK
2026-05-06 15:14:09,104 INFO sqlalchemy.engine.Engine BEGIN (implicit)
2026-05-06 15:14:09,104 INFO sqlalchemy.engine.Engine SELECT stories.id AS stories_id, stories.title AS stories_title, stories.url AS stories_url, stories.author AS stories_author, stories.total_chapters AS stories_total_chapters, stories.start_chapter AS stories_start_chapter, stories.end_chapter AS stories_end_chapter, stories.custom_chapter_urls AS stories_custom_chapter_urls, stories.status AS stories_status, stories.current_step AS stories_current_step, stories.is_favorite AS stories_is_favorite, stories.merged_content AS stories_merged_content, stories.created_at AS stories_created_at, stories.updated_at AS stories_updated_at 
FROM stories 
WHERE stories.id = %(id_1)s 
 LIMIT %(param_1)s
2026-05-06 15:14:09,104 INFO sqlalchemy.engine.Engine [cached since 189.1s ago] {'id_1': '2f846d20-9d22-4e0b-8945-a010a5a48bb8', 'param_1': 1}
2026-05-06 15:14:09,107 INFO sqlalchemy.engine.Engine BEGIN (implicit)
2026-05-06 15:14:09,107 INFO sqlalchemy.engine.Engine SELECT voices.id AS voices_id, voices.code AS voices_code, voices.name AS voices_name, voices.gender AS voices_gender, voices.locale AS voices_locale, voices.category AS voices_category, voices.description AS voices_description, voices.demo_url AS voices_demo_url, voices.is_active AS voices_is_active, voices.`rank` AS voices_rank, voices.created_at AS voices_created_at 
FROM voices 
WHERE voices.is_active = true ORDER BY voices.`rank`
2026-05-06 15:14:09,107 INFO sqlalchemy.engine.Engine [cached since 189.1s ago] {}
2026-05-06 15:14:09.108 | INFO     | app.api.tts:list_voices:87 - Retrieved 14 voices from database
2026-05-06 15:14:09,110 INFO sqlalchemy.engine.Engine BEGIN (implicit)
2026-05-06 15:14:09,110 INFO sqlalchemy.engine.Engine SELECT video_presets.id AS video_presets_id, video_presets.name AS video_presets_name, video_presets.cfg AS video_presets_cfg, video_presets.created_at AS video_presets_created_at, video_presets.updated_at AS video_presets_updated_at 
FROM video_presets ORDER BY video_presets.created_at DESC
2026-05-06 15:14:09,110 INFO sqlalchemy.engine.Engine [cached since 189.1s ago] {}
2026-05-06 15:14:09,112 INFO sqlalchemy.engine.Engine ROLLBACK
2026-05-06 15:14:09,112 INFO sqlalchemy.engine.Engine ROLLBACK
2026-05-06 15:14:09,112 INFO sqlalchemy.engine.Engine ROLLBACK
2026-05-06 15:14:09,114 INFO sqlalchemy.engine.Engine BEGIN (implicit)
2026-05-06 15:14:09,114 INFO sqlalchemy.engine.Engine SELECT chapters.id AS chapters_id, chapters.story_id AS chapters_story_id, chapters.chapter_number AS chapters_chapter_number, chapters.title AS chapters_title, chapters.content AS chapters_content, chapters.char_count AS chapters_char_count, chapters.has_censored_words AS chapters_has_censored_words, chapters.censored_count AS chapters_censored_count, chapters.status AS chapters_status, chapters.created_at AS chapters_created_at, chapters.updated_at AS chapters_updated_at 
FROM chapters 
WHERE chapters.story_id = %(story_id_1)s ORDER BY chapters.chapter_number
2026-05-06 15:14:09,114 INFO sqlalchemy.engine.Engine [cached since 189.1s ago] {'story_id_1': '2f846d20-9d22-4e0b-8945-a010a5a48bb8'}
INFO:     127.0.0.1:41412 - "GET /api/v1/stories/2f846d20-9d22-4e0b-8945-a010a5a48bb8 HTTP/1.1" 200 OK
INFO:     127.0.0.1:41420 - "GET /api/v1/tts/voices HTTP/1.1" 200 OK
INFO:     127.0.0.1:41436 - "GET /api/v1/video-presets/ HTTP/1.1" 200 OK
2026-05-06 15:14:09,119 INFO sqlalchemy.engine.Engine ROLLBACK
INFO:     127.0.0.1:41452 - "GET /api/v1/stories/2f846d20-9d22-4e0b-8945-a010a5a48bb8/chapters HTTP/1.1" 200 OK
2026-05-06 15:14:09,133 INFO sqlalchemy.engine.Engine BEGIN (implicit)
2026-05-06 15:14:09,133 INFO sqlalchemy.engine.Engine SELECT chapters.id AS chapters_id, chapters.story_id AS chapters_story_id, chapters.chapter_number AS chapters_chapter_number, chapters.title AS chapters_title, chapters.content AS chapters_content, chapters.char_count AS chapters_char_count, chapters.has_censored_words AS chapters_has_censored_words, chapters.censored_count AS chapters_censored_count, chapters.status AS chapters_status, chapters.created_at AS chapters_created_at, chapters.updated_at AS chapters_updated_at 
FROM chapters 
WHERE chapters.story_id = %(story_id_1)s
2026-05-06 15:14:09,133 INFO sqlalchemy.engine.Engine [cached since 189.1s ago] {'story_id_1': '2f846d20-9d22-4e0b-8945-a010a5a48bb8'}
2026-05-06 15:14:09,135 INFO sqlalchemy.engine.Engine ROLLBACK
INFO:     127.0.0.1:41458 - "GET /api/v1/chapters/story/2f846d20-9d22-4e0b-8945-a010a5a48bb8/stats HTTP/1.1" 200 OK
2026-05-06 15:14:09,148 INFO sqlalchemy.engine.Engine BEGIN (implicit)
2026-05-06 15:14:09,148 INFO sqlalchemy.engine.Engine SELECT chapters.id AS chapters_id, chapters.story_id AS chapters_story_id, chapters.chapter_number AS chapters_chapter_number, chapters.title AS chapters_title, chapters.content AS chapters_content, chapters.char_count AS chapters_char_count, chapters.has_censored_words AS chapters_has_censored_words, chapters.censored_count AS chapters_censored_count, chapters.status AS chapters_status, chapters.created_at AS chapters_created_at, chapters.updated_at AS chapters_updated_at 
FROM chapters 
WHERE chapters.story_id = %(story_id_1)s ORDER BY chapters.chapter_number
2026-05-06 15:14:09,148 INFO sqlalchemy.engine.Engine [cached since 189.1s ago] {'story_id_1': '2f846d20-9d22-4e0b-8945-a010a5a48bb8'}
2026-05-06 15:14:09,151 INFO sqlalchemy.engine.Engine ROLLBACK
2026-05-06 15:14:09,152 INFO sqlalchemy.engine.Engine BEGIN (implicit)
2026-05-06 15:14:09,152 INFO sqlalchemy.engine.Engine SELECT merged_audio.id AS merged_audio_id, merged_audio.story_id AS merged_audio_story_id, merged_audio.file_path AS merged_audio_file_path, merged_audio.file_size AS merged_audio_file_size, merged_audio.duration AS merged_audio_duration, merged_audio.format AS merged_audio_format, merged_audio.total_chapters AS merged_audio_total_chapters, merged_audio.created_at AS merged_audio_created_at 
FROM merged_audio 
WHERE merged_audio.story_id = %(story_id_1)s ORDER BY merged_audio.created_at DESC 
 LIMIT %(param_1)s
2026-05-06 15:14:09,152 INFO sqlalchemy.engine.Engine [cached since 189.1s ago] {'story_id_1': '2f846d20-9d22-4e0b-8945-a010a5a48bb8', 'param_1': 1}
INFO:     127.0.0.1:41474 - "GET /api/v1/stories/2f846d20-9d22-4e0b-8945-a010a5a48bb8/chapters HTTP/1.1" 200 OK
2026-05-06 15:14:09,154 INFO sqlalchemy.engine.Engine ROLLBACK
INFO:     127.0.0.1:41484 - "GET /api/v1/video/audio-path/2f846d20-9d22-4e0b-8945-a010a5a48bb8 HTTP/1.1" 200 OK
2026-05-06 15:14:09,161 INFO sqlalchemy.engine.Engine BEGIN (implicit)
2026-05-06 15:14:09,161 INFO sqlalchemy.engine.Engine SELECT chapters.id AS chapters_id, chapters.story_id AS chapters_story_id, chapters.chapter_number AS chapters_chapter_number, chapters.title AS chapters_title, chapters.content AS chapters_content, chapters.char_count AS chapters_char_count, chapters.has_censored_words AS chapters_has_censored_words, chapters.censored_count AS chapters_censored_count, chapters.status AS chapters_status, chapters.created_at AS chapters_created_at, chapters.updated_at AS chapters_updated_at 
FROM chapters 
WHERE chapters.story_id = %(story_id_1)s
2026-05-06 15:14:09,161 INFO sqlalchemy.engine.Engine [cached since 189.1s ago] {'story_id_1': '2f846d20-9d22-4e0b-8945-a010a5a48bb8'}
2026-05-06 15:14:09,163 INFO sqlalchemy.engine.Engine ROLLBACK
2026-05-06 15:14:09,163 INFO sqlalchemy.engine.Engine BEGIN (implicit)
2026-05-06 15:14:09,164 INFO sqlalchemy.engine.Engine SELECT video_outputs.id AS video_outputs_id, video_outputs.story_id AS video_outputs_story_id, video_outputs.audio_source_path AS video_outputs_audio_source_path, video_outputs.video_source_folder AS video_outputs_video_source_folder, video_outputs.output_path AS video_outputs_output_path, video_outputs.file_size AS video_outputs_file_size, video_outputs.duration AS video_outputs_duration, video_outputs.audio_speed AS video_outputs_audio_speed, video_outputs.transition_effect AS video_outputs_transition_effect, video_outputs.transition_duration AS video_outputs_transition_duration, video_outputs.resolution AS video_outputs_resolution, video_outputs.status AS video_outputs_status, video_outputs.error_message AS video_outputs_error_message, video_outputs.created_at AS video_outputs_created_at, video_outputs.updated_at AS video_outputs_updated_at 
FROM video_outputs 
WHERE video_outputs.story_id = %(story_id_1)s ORDER BY video_outputs.created_at DESC 
 LIMIT %(param_1)s
2026-05-06 15:14:09,164 INFO sqlalchemy.engine.Engine [cached since 189.1s ago] {'story_id_1': '2f846d20-9d22-4e0b-8945-a010a5a48bb8', 'param_1': 1}
INFO:     127.0.0.1:41490 - "GET /api/v1/chapters/story/2f846d20-9d22-4e0b-8945-a010a5a48bb8/stats HTTP/1.1" 200 OK
2026-05-06 15:14:09,165 INFO sqlalchemy.engine.Engine ROLLBACK
INFO:     127.0.0.1:41498 - "GET /api/v1/video/result/2f846d20-9d22-4e0b-8945-a010a5a48bb8 HTTP/1.1" 404 Not Found
2026-05-06 15:14:09,171 INFO sqlalchemy.engine.Engine BEGIN (implicit)
2026-05-06 15:14:09,171 INFO sqlalchemy.engine.Engine SELECT merged_audio.id AS merged_audio_id, merged_audio.story_id AS merged_audio_story_id, merged_audio.file_path AS merged_audio_file_path, merged_audio.file_size AS merged_audio_file_size, merged_audio.duration AS merged_audio_duration, merged_audio.format AS merged_audio_format, merged_audio.total_chapters AS merged_audio_total_chapters, merged_audio.created_at AS merged_audio_created_at 
FROM merged_audio 
WHERE merged_audio.story_id = %(story_id_1)s ORDER BY merged_audio.created_at DESC 
 LIMIT %(param_1)s
2026-05-06 15:14:09,172 INFO sqlalchemy.engine.Engine [cached since 189.1s ago] {'story_id_1': '2f846d20-9d22-4e0b-8945-a010a5a48bb8', 'param_1': 1}
2026-05-06 15:14:09,173 INFO sqlalchemy.engine.Engine ROLLBACK
INFO:     127.0.0.1:41500 - "GET /api/v1/video/audio-path/2f846d20-9d22-4e0b-8945-a010a5a48bb8 HTTP/1.1" 200 OK
2026-05-06 15:14:09,180 INFO sqlalchemy.engine.Engine BEGIN (implicit)
2026-05-06 15:14:09,180 INFO sqlalchemy.engine.Engine SELECT video_outputs.id AS video_outputs_id, video_outputs.story_id AS video_outputs_story_id, video_outputs.audio_source_path AS video_outputs_audio_source_path, video_outputs.video_source_folder AS video_outputs_video_source_folder, video_outputs.output_path AS video_outputs_output_path, video_outputs.file_size AS video_outputs_file_size, video_outputs.duration AS video_outputs_duration, video_outputs.audio_speed AS video_outputs_audio_speed, video_outputs.transition_effect AS video_outputs_transition_effect, video_outputs.transition_duration AS video_outputs_transition_duration, video_outputs.resolution AS video_outputs_resolution, video_outputs.status AS video_outputs_status, video_outputs.error_message AS video_outputs_error_message, video_outputs.created_at AS video_outputs_created_at, video_outputs.updated_at AS video_outputs_updated_at 
FROM video_outputs 
WHERE video_outputs.story_id = %(story_id_1)s ORDER BY video_outputs.created_at DESC 
 LIMIT %(param_1)s
2026-05-06 15:14:09,180 INFO sqlalchemy.engine.Engine [cached since 189.1s ago] {'story_id_1': '2f846d20-9d22-4e0b-8945-a010a5a48bb8', 'param_1': 1}
2026-05-06 15:14:09,181 INFO sqlalchemy.engine.Engine ROLLBACK
INFO:     127.0.0.1:41510 - "GET /api/v1/video/result/2f846d20-9d22-4e0b-8945-a010a5a48bb8 HTTP/1.1" 404 Not Found
INFO:     127.0.0.1:53126 - "GET /api/v1/video/fonts HTTP/1.1" 200 OK
2026-05-06 15:14:25.045 | INFO     | app.services.video_processor:__init__:42 - NVENC GPU encoding available (h264_nvenc)
INFO:     127.0.0.1:53136 - "GET /api/v1/video/folder-clips?folder=%2Fhome%2Fduoclv%2FDownloads%2Ftemp-20260506T015716Z-3-001%2Ftemp%2Frandom_50min_20260419_210319&limit=200 HTTP/1.1" 200 OK
INFO:     127.0.0.1:53182 - "GET /api/v1/video/fonts HTTP/1.1" 200 OK
2026-05-06 15:14:30,273 INFO sqlalchemy.engine.Engine BEGIN (implicit)
2026-05-06 15:14:30,273 INFO sqlalchemy.engine.Engine SELECT stories.id AS stories_id, stories.title AS stories_title, stories.url AS stories_url, stories.author AS stories_author, stories.total_chapters AS stories_total_chapters, stories.start_chapter AS stories_start_chapter, stories.end_chapter AS stories_end_chapter, stories.custom_chapter_urls AS stories_custom_chapter_urls, stories.status AS stories_status, stories.current_step AS stories_current_step, stories.is_favorite AS stories_is_favorite, stories.merged_content AS stories_merged_content, stories.created_at AS stories_created_at, stories.updated_at AS stories_updated_at 
FROM stories 
WHERE stories.id = %(id_1)s 
 LIMIT %(param_1)s
2026-05-06 15:14:30,273 INFO sqlalchemy.engine.Engine [cached since 210.3s ago] {'id_1': '2f846d20-9d22-4e0b-8945-a010a5a48bb8', 'param_1': 1}
2026-05-06 15:14:30,275 INFO sqlalchemy.engine.Engine BEGIN (implicit)
2026-05-06 15:14:30,275 INFO sqlalchemy.engine.Engine SELECT voices.id AS voices_id, voices.code AS voices_code, voices.name AS voices_name, voices.gender AS voices_gender, voices.locale AS voices_locale, voices.category AS voices_category, voices.description AS voices_description, voices.demo_url AS voices_demo_url, voices.is_active AS voices_is_active, voices.`rank` AS voices_rank, voices.created_at AS voices_created_at 
FROM voices 
WHERE voices.is_active = true ORDER BY voices.`rank`
2026-05-06 15:14:30,275 INFO sqlalchemy.engine.Engine [cached since 210.3s ago] {}
2026-05-06 15:14:30.276 | INFO     | app.api.tts:list_voices:87 - Retrieved 14 voices from database
2026-05-06 15:14:30.358 | INFO     | app.services.video_processor:__init__:42 - NVENC GPU encoding available (h264_nvenc)
INFO:     127.0.0.1:40628 - "GET /api/v1/video/folder-clips?folder=%2Fhome%2Fduoclv%2FDownloads%2Ftemp-20260506T015716Z-3-001%2Ftemp%2Frandom_50min_20260419_210319&limit=200 HTTP/1.1" 200 OK
2026-05-06 15:14:35,702 INFO sqlalchemy.engine.Engine ROLLBACK
2026-05-06 15:14:35,702 INFO sqlalchemy.engine.Engine BEGIN (implicit)
2026-05-06 15:14:35,702 INFO sqlalchemy.engine.Engine SELECT video_presets.id AS video_presets_id, video_presets.name AS video_presets_name, video_presets.cfg AS video_presets_cfg, video_presets.created_at AS video_presets_created_at, video_presets.updated_at AS video_presets_updated_at 
FROM video_presets ORDER BY video_presets.created_at DESC
2026-05-06 15:14:35,702 INFO sqlalchemy.engine.Engine [cached since 215.7s ago] {}
INFO:     127.0.0.1:53144 - "GET /api/v1/stories/2f846d20-9d22-4e0b-8945-a010a5a48bb8 HTTP/1.1" 200 OK
2026-05-06 15:14:35,704 INFO sqlalchemy.engine.Engine ROLLBACK
2026-05-06 15:14:35,704 INFO sqlalchemy.engine.Engine ROLLBACK
INFO:     127.0.0.1:53166 - "GET /api/v1/video-presets/ HTTP/1.1" 200 OK
INFO:     127.0.0.1:53160 - "GET /api/v1/tts/voices HTTP/1.1" 200 OK
2026-05-06 15:14:35,710 INFO sqlalchemy.engine.Engine BEGIN (implicit)
2026-05-06 15:14:35,710 INFO sqlalchemy.engine.Engine SELECT stories.id AS stories_id, stories.title AS stories_title, stories.url AS stories_url, stories.author AS stories_author, stories.total_chapters AS stories_total_chapters, stories.start_chapter AS stories_start_chapter, stories.end_chapter AS stories_end_chapter, stories.custom_chapter_urls AS stories_custom_chapter_urls, stories.status AS stories_status, stories.current_step AS stories_current_step, stories.is_favorite AS stories_is_favorite, stories.merged_content AS stories_merged_content, stories.created_at AS stories_created_at, stories.updated_at AS stories_updated_at 
FROM stories 
WHERE stories.id = %(id_1)s 
 LIMIT %(param_1)s
2026-05-06 15:14:35,710 INFO sqlalchemy.engine.Engine [cached since 215.7s ago] {'id_1': '2f846d20-9d22-4e0b-8945-a010a5a48bb8', 'param_1': 1}
2026-05-06 15:14:35,713 INFO sqlalchemy.engine.Engine ROLLBACK
INFO:     127.0.0.1:40630 - "GET /api/v1/stories/2f846d20-9d22-4e0b-8945-a010a5a48bb8 HTTP/1.1" 200 OK
2026-05-06 15:14:35,714 INFO sqlalchemy.engine.Engine BEGIN (implicit)
2026-05-06 15:14:35,714 INFO sqlalchemy.engine.Engine SELECT video_presets.id AS video_presets_id, video_presets.name AS video_presets_name, video_presets.cfg AS video_presets_cfg, video_presets.created_at AS video_presets_created_at, video_presets.updated_at AS video_presets_updated_at 
FROM video_presets ORDER BY video_presets.created_at DESC
2026-05-06 15:14:35,714 INFO sqlalchemy.engine.Engine [cached since 215.7s ago] {}
2026-05-06 15:14:35,715 INFO sqlalchemy.engine.Engine BEGIN (implicit)
2026-05-06 15:14:35,715 INFO sqlalchemy.engine.Engine SELECT chapters.id AS chapters_id, chapters.story_id AS chapters_story_id, chapters.chapter_number AS chapters_chapter_number, chapters.title AS chapters_title, chapters.content AS chapters_content, chapters.char_count AS chapters_char_count, chapters.has_censored_words AS chapters_has_censored_words, chapters.censored_count AS chapters_censored_count, chapters.status AS chapters_status, chapters.created_at AS chapters_created_at, chapters.updated_at AS chapters_updated_at 
FROM chapters 
WHERE chapters.story_id = %(story_id_1)s ORDER BY chapters.chapter_number
2026-05-06 15:14:35,716 INFO sqlalchemy.engine.Engine [cached since 215.7s ago] {'story_id_1': '2f846d20-9d22-4e0b-8945-a010a5a48bb8'}
2026-05-06 15:14:35,718 INFO sqlalchemy.engine.Engine BEGIN (implicit)
2026-05-06 15:14:35,718 INFO sqlalchemy.engine.Engine SELECT voices.id AS voices_id, voices.code AS voices_code, voices.name AS voices_name, voices.gender AS voices_gender, voices.locale AS voices_locale, voices.category AS voices_category, voices.description AS voices_description, voices.demo_url AS voices_demo_url, voices.is_active AS voices_is_active, voices.`rank` AS voices_rank, voices.created_at AS voices_created_at 
FROM voices 
WHERE voices.is_active = true ORDER BY voices.`rank`
2026-05-06 15:14:35,718 INFO sqlalchemy.engine.Engine [cached since 215.7s ago] {}
2026-05-06 15:14:35.720 | INFO     | app.api.tts:list_voices:87 - Retrieved 14 voices from database
2026-05-06 15:14:35,721 INFO sqlalchemy.engine.Engine ROLLBACK
2026-05-06 15:14:35,721 INFO sqlalchemy.engine.Engine ROLLBACK
2026-05-06 15:14:35,721 INFO sqlalchemy.engine.Engine ROLLBACK
INFO:     127.0.0.1:40640 - "GET /api/v1/video-presets/ HTTP/1.1" 200 OK
INFO:     127.0.0.1:40666 - "GET /api/v1/tts/voices HTTP/1.1" 200 OK
INFO:     127.0.0.1:40654 - "GET /api/v1/stories/2f846d20-9d22-4e0b-8945-a010a5a48bb8/chapters HTTP/1.1" 200 OK
2026-05-06 15:14:35,726 INFO sqlalchemy.engine.Engine BEGIN (implicit)
2026-05-06 15:14:35,727 INFO sqlalchemy.engine.Engine SELECT chapters.id AS chapters_id, chapters.story_id AS chapters_story_id, chapters.chapter_number AS chapters_chapter_number, chapters.title AS chapters_title, chapters.content AS chapters_content, chapters.char_count AS chapters_char_count, chapters.has_censored_words AS chapters_has_censored_words, chapters.censored_count AS chapters_censored_count, chapters.status AS chapters_status, chapters.created_at AS chapters_created_at, chapters.updated_at AS chapters_updated_at 
FROM chapters 
WHERE chapters.story_id = %(story_id_1)s ORDER BY chapters.chapter_number
2026-05-06 15:14:35,727 INFO sqlalchemy.engine.Engine [cached since 215.7s ago] {'story_id_1': '2f846d20-9d22-4e0b-8945-a010a5a48bb8'}
2026-05-06 15:14:35,729 INFO sqlalchemy.engine.Engine ROLLBACK
INFO:     127.0.0.1:40680 - "GET /api/v1/stories/2f846d20-9d22-4e0b-8945-a010a5a48bb8/chapters HTTP/1.1" 200 OK
2026-05-06 15:14:35,732 INFO sqlalchemy.engine.Engine BEGIN (implicit)
2026-05-06 15:14:35,732 INFO sqlalchemy.engine.Engine SELECT chapters.id AS chapters_id, chapters.story_id AS chapters_story_id, chapters.chapter_number AS chapters_chapter_number, chapters.title AS chapters_title, chapters.content AS chapters_content, chapters.char_count AS chapters_char_count, chapters.has_censored_words AS chapters_has_censored_words, chapters.censored_count AS chapters_censored_count, chapters.status AS chapters_status, chapters.created_at AS chapters_created_at, chapters.updated_at AS chapters_updated_at 
FROM chapters 
WHERE chapters.story_id = %(story_id_1)s
2026-05-06 15:14:35,732 INFO sqlalchemy.engine.Engine [cached since 215.7s ago] {'story_id_1': '2f846d20-9d22-4e0b-8945-a010a5a48bb8'}
2026-05-06 15:14:35,734 INFO sqlalchemy.engine.Engine ROLLBACK
INFO:     127.0.0.1:40694 - "GET /api/v1/chapters/story/2f846d20-9d22-4e0b-8945-a010a5a48bb8/stats HTTP/1.1" 200 OK
2026-05-06 15:14:35,742 INFO sqlalchemy.engine.Engine BEGIN (implicit)
2026-05-06 15:14:35,742 INFO sqlalchemy.engine.Engine SELECT chapters.id AS chapters_id, chapters.story_id AS chapters_story_id, chapters.chapter_number AS chapters_chapter_number, chapters.title AS chapters_title, chapters.content AS chapters_content, chapters.char_count AS chapters_char_count, chapters.has_censored_words AS chapters_has_censored_words, chapters.censored_count AS chapters_censored_count, chapters.status AS chapters_status, chapters.created_at AS chapters_created_at, chapters.updated_at AS chapters_updated_at 
FROM chapters 
WHERE chapters.story_id = %(story_id_1)s
2026-05-06 15:14:35,742 INFO sqlalchemy.engine.Engine [cached since 215.7s ago] {'story_id_1': '2f846d20-9d22-4e0b-8945-a010a5a48bb8'}
2026-05-06 15:14:35,744 INFO sqlalchemy.engine.Engine ROLLBACK
INFO:     127.0.0.1:40708 - "GET /api/v1/video/preview-video?path=%2Fhome%2Fduoclv%2FDownloads%2Ftemp-20260506T015716Z-3-001%2Ftemp%2Frandom_50min_20260419_210319%2F0001_2023-03-19_3x33zfwdqqyptns_%E7%AE%80%E5%8D%95%E5%87%A0%E7%AC%94%E7%94%BB%E5%B0%8F%E9%A3%8E%E6%99%AF%20%23%E9%9B%B6%E5%9F%BA%E7%A1%80%E5%AD%A6%E7%94%BB%E7%94%BB%20%23%E4%B8%80%E8%B5%B7%E5%AD%A6%E7%94%BB%E7%94%BB%20%23%E6%96%B0%E7%9F%A5%E5%88%9B%E4%BD%9C%E4%BA%BA%20%40%E5%BF%AB%E6%89%8B%E7%83%AD%E7%82%B9(O3xddgkd5fav5.mp4 HTTP/1.1" 200 OK
2026-05-06 15:14:35,745 INFO sqlalchemy.engine.Engine BEGIN (implicit)
2026-05-06 15:14:35,745 INFO sqlalchemy.engine.Engine SELECT merged_audio.id AS merged_audio_id, merged_audio.story_id AS merged_audio_story_id, merged_audio.file_path AS merged_audio_file_path, merged_audio.file_size AS merged_audio_file_size, merged_audio.duration AS merged_audio_duration, merged_audio.format AS merged_audio_format, merged_audio.total_chapters AS merged_audio_total_chapters, merged_audio.created_at AS merged_audio_created_at 
FROM merged_audio 
WHERE merged_audio.story_id = %(story_id_1)s ORDER BY merged_audio.created_at DESC 
 LIMIT %(param_1)s
2026-05-06 15:14:35,745 INFO sqlalchemy.engine.Engine [cached since 215.7s ago] {'story_id_1': '2f846d20-9d22-4e0b-8945-a010a5a48bb8', 'param_1': 1}
INFO:     127.0.0.1:40700 - "GET /api/v1/chapters/story/2f846d20-9d22-4e0b-8945-a010a5a48bb8/stats HTTP/1.1" 200 OK
2026-05-06 15:14:35,746 INFO sqlalchemy.engine.Engine ROLLBACK
INFO:     127.0.0.1:40706 - "GET /api/v1/video/audio-path/2f846d20-9d22-4e0b-8945-a010a5a48bb8 HTTP/1.1" 200 OK
2026-05-06 15:14:35,754 INFO sqlalchemy.engine.Engine BEGIN (implicit)
2026-05-06 15:14:35,754 INFO sqlalchemy.engine.Engine SELECT merged_audio.id AS merged_audio_id, merged_audio.story_id AS merged_audio_story_id, merged_audio.file_path AS merged_audio_file_path, merged_audio.file_size AS merged_audio_file_size, merged_audio.duration AS merged_audio_duration, merged_audio.format AS merged_audio_format, merged_audio.total_chapters AS merged_audio_total_chapters, merged_audio.created_at AS merged_audio_created_at 
FROM merged_audio 
WHERE merged_audio.story_id = %(story_id_1)s ORDER BY merged_audio.created_at DESC 
 LIMIT %(param_1)s
2026-05-06 15:14:35,755 INFO sqlalchemy.engine.Engine [cached since 215.7s ago] {'story_id_1': '2f846d20-9d22-4e0b-8945-a010a5a48bb8', 'param_1': 1}
2026-05-06 15:14:35,756 INFO sqlalchemy.engine.Engine ROLLBACK
INFO:     127.0.0.1:40722 - "GET /api/v1/video/audio-path/2f846d20-9d22-4e0b-8945-a010a5a48bb8 HTTP/1.1" 200 OK
2026-05-06 15:14:35,760 INFO sqlalchemy.engine.Engine BEGIN (implicit)
2026-05-06 15:14:35,760 INFO sqlalchemy.engine.Engine SELECT video_outputs.id AS video_outputs_id, video_outputs.story_id AS video_outputs_story_id, video_outputs.audio_source_path AS video_outputs_audio_source_path, video_outputs.video_source_folder AS video_outputs_video_source_folder, video_outputs.output_path AS video_outputs_output_path, video_outputs.file_size AS video_outputs_file_size, video_outputs.duration AS video_outputs_duration, video_outputs.audio_speed AS video_outputs_audio_speed, video_outputs.transition_effect AS video_outputs_transition_effect, video_outputs.transition_duration AS video_outputs_transition_duration, video_outputs.resolution AS video_outputs_resolution, video_outputs.status AS video_outputs_status, video_outputs.error_message AS video_outputs_error_message, video_outputs.created_at AS video_outputs_created_at, video_outputs.updated_at AS video_outputs_updated_at 
FROM video_outputs 
WHERE video_outputs.story_id = %(story_id_1)s ORDER BY video_outputs.created_at DESC 
 LIMIT %(param_1)s
2026-05-06 15:14:35,760 INFO sqlalchemy.engine.Engine [cached since 215.7s ago] {'story_id_1': '2f846d20-9d22-4e0b-8945-a010a5a48bb8', 'param_1': 1}
2026-05-06 15:14:35,761 INFO sqlalchemy.engine.Engine ROLLBACK
INFO:     127.0.0.1:40724 - "GET /api/v1/video/result/2f846d20-9d22-4e0b-8945-a010a5a48bb8 HTTP/1.1" 404 Not Found
2026-05-06 15:14:35,774 INFO sqlalchemy.engine.Engine BEGIN (implicit)
2026-05-06 15:14:35,775 INFO sqlalchemy.engine.Engine SELECT video_outputs.id AS video_outputs_id, video_outputs.story_id AS video_outputs_story_id, video_outputs.audio_source_path AS video_outputs_audio_source_path, video_outputs.video_source_folder AS video_outputs_video_source_folder, video_outputs.output_path AS video_outputs_output_path, video_outputs.file_size AS video_outputs_file_size, video_outputs.duration AS video_outputs_duration, video_outputs.audio_speed AS video_outputs_audio_speed, video_outputs.transition_effect AS video_outputs_transition_effect, video_outputs.transition_duration AS video_outputs_transition_duration, video_outputs.resolution AS video_outputs_resolution, video_outputs.status AS video_outputs_status, video_outputs.error_message AS video_outputs_error_message, video_outputs.created_at AS video_outputs_created_at, video_outputs.updated_at AS video_outputs_updated_at 
FROM video_outputs 
WHERE video_outputs.story_id = %(story_id_1)s ORDER BY video_outputs.created_at DESC 
 LIMIT %(param_1)s
2026-05-06 15:14:35,775 INFO sqlalchemy.engine.Engine [cached since 215.7s ago] {'story_id_1': '2f846d20-9d22-4e0b-8945-a010a5a48bb8', 'param_1': 1}
INFO:     127.0.0.1:40740 - "GET /api/v1/video/preview-audio?path=storage%2Faudio%2FStory_20260421_133734%2Fmerged_audio.mp3 HTTP/1.1" 200 OK
2026-05-06 15:14:35,778 INFO sqlalchemy.engine.Engine ROLLBACK
INFO:     127.0.0.1:40736 - "GET /api/v1/video/result/2f846d20-9d22-4e0b-8945-a010a5a48bb8 HTTP/1.1" 404 Not Found
2026-05-06 15:14:37.026 | INFO     | app.services.video_processor:__init__:42 - NVENC GPU encoding available (h264_nvenc)
INFO:     127.0.0.1:55590 - "GET /api/v1/video/audio-duration?path=storage%2Faudio%2FStory_20260421_133734%2Fmerged_audio.mp3 HTTP/1.1" 200 OK
INFO:     127.0.0.1:55598 - "GET /api/v1/video/fonts HTTP/1.1" 200 OK
2026-05-06 15:14:44.053 | INFO     | app.services.video_processor:__init__:42 - NVENC GPU encoding available (h264_nvenc)
INFO:     127.0.0.1:55600 - "GET /api/v1/video/folder-clips?folder=%2Fhome%2Fduoclv%2FDownloads%2Ftemp-20260506T015716Z-3-001%2Ftemp%2Frandom_50min_20260419_210319&limit=200 HTTP/1.1" 200 OK
2026-05-06 15:14:50,334 INFO sqlalchemy.engine.Engine BEGIN (implicit)
2026-05-06 15:14:50,336 INFO sqlalchemy.engine.Engine SELECT stories.id AS stories_id, stories.title AS stories_title, stories.url AS stories_url, stories.author AS stories_author, stories.total_chapters AS stories_total_chapters, stories.start_chapter AS stories_start_chapter, stories.end_chapter AS stories_end_chapter, stories.custom_chapter_urls AS stories_custom_chapter_urls, stories.status AS stories_status, stories.current_step AS stories_current_step, stories.is_favorite AS stories_is_favorite, stories.merged_content AS stories_merged_content, stories.created_at AS stories_created_at, stories.updated_at AS stories_updated_at 
FROM stories 
WHERE stories.id = %(id_1)s 
 LIMIT %(param_1)s
2026-05-06 15:14:50,336 INFO sqlalchemy.engine.Engine [cached since 230.3s ago] {'id_1': '2f846d20-9d22-4e0b-8945-a010a5a48bb8', 'param_1': 1}
2026-05-06 15:14:50,344 INFO sqlalchemy.engine.Engine BEGIN (implicit)
2026-05-06 15:14:50,345 INFO sqlalchemy.engine.Engine SELECT voices.id AS voices_id, voices.code AS voices_code, voices.name AS voices_name, voices.gender AS voices_gender, voices.locale AS voices_locale, voices.category AS voices_category, voices.description AS voices_description, voices.demo_url AS voices_demo_url, voices.is_active AS voices_is_active, voices.`rank` AS voices_rank, voices.created_at AS voices_created_at 
FROM voices 
WHERE voices.is_active = true ORDER BY voices.`rank`
2026-05-06 15:14:50,345 INFO sqlalchemy.engine.Engine [cached since 230.3s ago] {}
2026-05-06 15:14:50.347 | INFO     | app.api.tts:list_voices:87 - Retrieved 14 voices from database
2026-05-06 15:14:50,350 INFO sqlalchemy.engine.Engine BEGIN (implicit)
2026-05-06 15:14:50,351 INFO sqlalchemy.engine.Engine SELECT video_presets.id AS video_presets_id, video_presets.name AS video_presets_name, video_presets.cfg AS video_presets_cfg, video_presets.created_at AS video_presets_created_at, video_presets.updated_at AS video_presets_updated_at 
FROM video_presets ORDER BY video_presets.created_at DESC
2026-05-06 15:14:50,351 INFO sqlalchemy.engine.Engine [cached since 230.3s ago] {}
2026-05-06 15:14:50,354 INFO sqlalchemy.engine.Engine ROLLBACK
2026-05-06 15:14:50,354 INFO sqlalchemy.engine.Engine ROLLBACK
2026-05-06 15:14:50.488 | INFO     | app.services.video_processor:__init__:42 - NVENC GPU encoding available (h264_nvenc)
INFO:     127.0.0.1:60566 - "GET /api/v1/video/audio-duration?path=storage%2Faudio%2FStory_20260421_133734%2Fmerged_audio.mp3 HTTP/1.1" 200 OK
INFO:     127.0.0.1:55608 - "GET /api/v1/stories/2f846d20-9d22-4e0b-8945-a010a5a48bb8 HTTP/1.1" 200 OK
INFO:     127.0.0.1:55624 - "GET /api/v1/tts/voices HTTP/1.1" 200 OK
2026-05-06 15:14:50,539 INFO sqlalchemy.engine.Engine ROLLBACK
INFO:     127.0.0.1:55638 - "GET /api/v1/video-presets/ HTTP/1.1" 200 OK
2026-05-06 15:14:50,551 INFO sqlalchemy.engine.Engine BEGIN (implicit)
2026-05-06 15:14:50,551 INFO sqlalchemy.engine.Engine SELECT chapters.id AS chapters_id, chapters.story_id AS chapters_story_id, chapters.chapter_number AS chapters_chapter_number, chapters.title AS chapters_title, chapters.content AS chapters_content, chapters.char_count AS chapters_char_count, chapters.has_censored_words AS chapters_has_censored_words, chapters.censored_count AS chapters_censored_count, chapters.status AS chapters_status, chapters.created_at AS chapters_created_at, chapters.updated_at AS chapters_updated_at 
FROM chapters 
WHERE chapters.story_id = %(story_id_1)s ORDER BY chapters.chapter_number
2026-05-06 15:14:50,551 INFO sqlalchemy.engine.Engine [cached since 230.5s ago] {'story_id_1': '2f846d20-9d22-4e0b-8945-a010a5a48bb8'}
2026-05-06 15:14:50,554 INFO sqlalchemy.engine.Engine ROLLBACK
INFO:     127.0.0.1:60568 - "GET /api/v1/stories/2f846d20-9d22-4e0b-8945-a010a5a48bb8/chapters HTTP/1.1" 200 OK
2026-05-06 15:14:50,566 INFO sqlalchemy.engine.Engine BEGIN (implicit)
2026-05-06 15:14:50,567 INFO sqlalchemy.engine.Engine SELECT chapters.id AS chapters_id, chapters.story_id AS chapters_story_id, chapters.chapter_number AS chapters_chapter_number, chapters.title AS chapters_title, chapters.content AS chapters_content, chapters.char_count AS chapters_char_count, chapters.has_censored_words AS chapters_has_censored_words, chapters.censored_count AS chapters_censored_count, chapters.status AS chapters_status, chapters.created_at AS chapters_created_at, chapters.updated_at AS chapters_updated_at 
FROM chapters 
WHERE chapters.story_id = %(story_id_1)s
2026-05-06 15:14:50,567 INFO sqlalchemy.engine.Engine [cached since 230.5s ago] {'story_id_1': '2f846d20-9d22-4e0b-8945-a010a5a48bb8'}
2026-05-06 15:14:50,570 INFO sqlalchemy.engine.Engine ROLLBACK
INFO:     127.0.0.1:60574 - "GET /api/v1/chapters/story/2f846d20-9d22-4e0b-8945-a010a5a48bb8/stats HTTP/1.1" 200 OK
2026-05-06 15:14:50,581 INFO sqlalchemy.engine.Engine BEGIN (implicit)
2026-05-06 15:14:50,581 INFO sqlalchemy.engine.Engine SELECT merged_audio.id AS merged_audio_id, merged_audio.story_id AS merged_audio_story_id, merged_audio.file_path AS merged_audio_file_path, merged_audio.file_size AS merged_audio_file_size, merged_audio.duration AS merged_audio_duration, merged_audio.format AS merged_audio_format, merged_audio.total_chapters AS merged_audio_total_chapters, merged_audio.created_at AS merged_audio_created_at 
FROM merged_audio 
WHERE merged_audio.story_id = %(story_id_1)s ORDER BY merged_audio.created_at DESC 
 LIMIT %(param_1)s
2026-05-06 15:14:50,581 INFO sqlalchemy.engine.Engine [cached since 230.5s ago] {'story_id_1': '2f846d20-9d22-4e0b-8945-a010a5a48bb8', 'param_1': 1}
2026-05-06 15:14:50,583 INFO sqlalchemy.engine.Engine ROLLBACK
INFO:     127.0.0.1:60580 - "GET /api/v1/video/audio-path/2f846d20-9d22-4e0b-8945-a010a5a48bb8 HTTP/1.1" 200 OK
2026-05-06 15:14:50,595 INFO sqlalchemy.engine.Engine BEGIN (implicit)
2026-05-06 15:14:50,596 INFO sqlalchemy.engine.Engine SELECT video_outputs.id AS video_outputs_id, video_outputs.story_id AS video_outputs_story_id, video_outputs.audio_source_path AS video_outputs_audio_source_path, video_outputs.video_source_folder AS video_outputs_video_source_folder, video_outputs.output_path AS video_outputs_output_path, video_outputs.file_size AS video_outputs_file_size, video_outputs.duration AS video_outputs_duration, video_outputs.audio_speed AS video_outputs_audio_speed, video_outputs.transition_effect AS video_outputs_transition_effect, video_outputs.transition_duration AS video_outputs_transition_duration, video_outputs.resolution AS video_outputs_resolution, video_outputs.status AS video_outputs_status, video_outputs.error_message AS video_outputs_error_message, video_outputs.created_at AS video_outputs_created_at, video_outputs.updated_at AS video_outputs_updated_at 
FROM video_outputs 
WHERE video_outputs.story_id = %(story_id_1)s ORDER BY video_outputs.created_at DESC 
 LIMIT %(param_1)s
2026-05-06 15:14:50,596 INFO sqlalchemy.engine.Engine [cached since 230.5s ago] {'story_id_1': '2f846d20-9d22-4e0b-8945-a010a5a48bb8', 'param_1': 1}
2026-05-06 15:14:50,598 INFO sqlalchemy.engine.Engine ROLLBACK
INFO:     127.0.0.1:60586 - "GET /api/v1/video/result/2f846d20-9d22-4e0b-8945-a010a5a48bb8 HTTP/1.1" 404 Not Found
INFO:     127.0.0.1:59104 - "GET /openapi.json HTTP/1.1" 200 OK
INFO:     127.0.0.1:37338 - "GET /api/v1/video/folder-clips?folder=/nonexistent HTTP/1.1" 404 Not Found
INFO:     127.0.0.1:37354 - "GET /api/v1/video/preview-audio?path=/nonexistent.mp3 HTTP/1.1" 404 Not Found
2026-05-06 15:17:54.674 | INFO     | app.services.video_processor:__init__:42 - NVENC GPU encoding available (h264_nvenc)
INFO:     127.0.0.1:43816 - "GET /api/v1/video/folder-clips?folder=/tmp/preview_test/clips HTTP/1.1" 200 OK
INFO:     127.0.0.1:53114 - "POST /api/v1/video/render-preview HTTP/1.1" 200 OK
2026-05-06 15:18:02.104 | INFO     | app.services.video_processor:__init__:42 - NVENC GPU encoding available (h264_nvenc)
2026-05-06 15:18:02.168 | INFO     | app.services.video_processor:trim_audio:1081 - Trimming audio to 8.05s
2026-05-06 15:18:02.272 | INFO     | app.services.video_processor:speed_up_audio:361 - Speeding up audio: 1.07x
2026-05-06 15:18:02.587 | INFO     | app.services.video_processor:render_preview:1195 - Preview: picked 4 clips in order, total 8.00s for 7.52s sped audio
2026-05-06 15:18:02.587 | INFO     | app.services.video_processor:_concat_filter:340 - Running concat filter: 4 videos -> /home/duoclv/Documents/project/ks_downloader_script/web_app/backend/cache/previews/1593edc30e22d8e9.mp4.work/preview_concat_raw.mp4
INFO:     127.0.0.1:37208 - "GET /api/v1/video/preview-status?hash=1593edc30e22d8e9 HTTP/1.1" 200 OK
WARNING:  WatchFiles detected changes in 'app/services/video_processor.py'. Reloading...
INFO:     Shutting down
INFO:     Waiting for application shutdown.
2026-05-06 15:18:30.283 | INFO     | app.main:shutdown_event:70 - Shutting down TruyenFull Processor API...
INFO:     Application shutdown complete.
INFO:     Finished server process [523295]
2026-05-06 15:18:31.166 | INFO     | app.database:<module>:10 - Connecting to database: localhost:3307/truyenfull_db
INFO:     Started server process [537265]
INFO:     Waiting for application startup.
2026-05-06 15:18:31.665 | INFO     | app.main:startup_event:54 - Starting TruyenFull Processor API...
2026-05-06 15:18:31.665 | INFO     | app.main:startup_event:55 - Debug mode: True
2026-05-06 15:18:31.665 | INFO     | app.main:startup_event:56 - CORS origins: ['http://localhost:5173', 'http://localhost:3000']
2026-05-06 15:18:31,667 INFO sqlalchemy.engine.Engine SELECT DATABASE()
2026-05-06 15:18:31,667 INFO sqlalchemy.engine.Engine [raw sql] {}
2026-05-06 15:18:31,668 INFO sqlalchemy.engine.Engine SELECT @@sql_mode
2026-05-06 15:18:31,668 INFO sqlalchemy.engine.Engine [raw sql] {}
2026-05-06 15:18:31,668 INFO sqlalchemy.engine.Engine SELECT @@lower_case_table_names
2026-05-06 15:18:31,668 INFO sqlalchemy.engine.Engine [raw sql] {}
2026-05-06 15:18:31,668 INFO sqlalchemy.engine.Engine BEGIN (implicit)
2026-05-06 15:18:31,669 INFO sqlalchemy.engine.Engine SELECT 1
2026-05-06 15:18:31,669 INFO sqlalchemy.engine.Engine [generated in 0.00012s] {}
2026-05-06 15:18:31,669 INFO sqlalchemy.engine.Engine ROLLBACK
2026-05-06 15:18:31.669 | INFO     | app.database:test_connection:49 - Database connection successful
2026-05-06 15:18:31.669 | INFO     | app.main:startup_event:60 - Database connection successful
INFO:     Application startup complete.
INFO:     127.0.0.1:39282 - "POST /api/v1/video/render-preview HTTP/1.1" 200 OK
2026-05-06 15:18:37.641 | INFO     | app.services.video_processor:__init__:44 - NVENC not available, using CPU encoding (libx264)
2026-05-06 15:18:37.701 | INFO     | app.services.video_processor:trim_audio:1099 - Trimming audio to 8.05s
2026-05-06 15:18:37.815 | INFO     | app.services.video_processor:speed_up_audio:379 - Speeding up audio: 1.07x
2026-05-06 15:18:38.099 | INFO     | app.services.video_processor:render_preview:1213 - Preview: picked 4 clips in order, total 8.00s for 7.52s sped audio
2026-05-06 15:18:38.100 | INFO     | app.services.video_processor:_concat_filter:358 - Running concat filter: 4 videos -> /home/duoclv/Documents/project/ks_downloader_script/web_app/backend/cache/previews/1593edc30e22d8e9.mp4.work/preview_concat_raw.mp4
2026-05-06 15:18:38.757 | INFO     | app.services.video_processor:trim_video:421 - Trimming video to 7s
2026-05-06 15:18:38.804 | INFO     | app.services.video_processor:merge_audio_video:402 - Merging audio + video
INFO:     127.0.0.1:60296 - "GET /api/v1/video/preview-status?hash=1593edc30e22d8e9 HTTP/1.1" 200 OK
INFO:     127.0.0.1:34240 - "POST /api/v1/video/render-preview HTTP/1.1" 200 OK
INFO:     127.0.0.1:34250 - "POST /api/v1/video/render-preview HTTP/1.1" 200 OK
INFO:     127.0.0.1:34256 - "GET /api/v1/video/preview-file?hash=1593edc30e22d8e9 HTTP/1.1" 200 OK
WARNING:  WatchFiles detected changes in 'app/services/video_processor.py'. Reloading...
INFO:     Shutting down
INFO:     Waiting for application shutdown.
2026-05-06 15:32:36.414 | INFO     | app.main:shutdown_event:70 - Shutting down TruyenFull Processor API...
INFO:     Application shutdown complete.
INFO:     Finished server process [537265]
2026-05-06 15:32:37.448 | INFO     | app.database:<module>:10 - Connecting to database: localhost:3307/truyenfull_db
INFO:     Started server process [556211]
INFO:     Waiting for application startup.
2026-05-06 15:32:38.004 | INFO     | app.main:startup_event:54 - Starting TruyenFull Processor API...
2026-05-06 15:32:38.004 | INFO     | app.main:startup_event:55 - Debug mode: True
2026-05-06 15:32:38.004 | INFO     | app.main:startup_event:56 - CORS origins: ['http://localhost:5173', 'http://localhost:3000']
2026-05-06 15:32:38,009 INFO sqlalchemy.engine.Engine SELECT DATABASE()
2026-05-06 15:32:38,009 INFO sqlalchemy.engine.Engine [raw sql] {}
2026-05-06 15:32:38,011 INFO sqlalchemy.engine.Engine SELECT @@sql_mode
2026-05-06 15:32:38,011 INFO sqlalchemy.engine.Engine [raw sql] {}
2026-05-06 15:32:38,011 INFO sqlalchemy.engine.Engine SELECT @@lower_case_table_names
2026-05-06 15:32:38,011 INFO sqlalchemy.engine.Engine [raw sql] {}
2026-05-06 15:32:38,012 INFO sqlalchemy.engine.Engine BEGIN (implicit)
2026-05-06 15:32:38,013 INFO sqlalchemy.engine.Engine SELECT 1
2026-05-06 15:32:38,013 INFO sqlalchemy.engine.Engine [generated in 0.00019s] {}
2026-05-06 15:32:38,013 INFO sqlalchemy.engine.Engine ROLLBACK
2026-05-06 15:32:38.014 | INFO     | app.database:test_connection:49 - Database connection successful
2026-05-06 15:32:38.014 | INFO     | app.main:startup_event:60 - Database connection successful
INFO:     Application startup complete.
WARNING:  WatchFiles detected changes in 'app/services/video_processor.py'. Reloading...
INFO:     Shutting down
INFO:     Waiting for application shutdown.
2026-05-06 15:32:49.838 | INFO     | app.main:shutdown_event:70 - Shutting down TruyenFull Processor API...
INFO:     Application shutdown complete.
INFO:     Finished server process [556211]
2026-05-06 15:32:50.720 | INFO     | app.database:<module>:10 - Connecting to database: localhost:3307/truyenfull_db
INFO:     Started server process [556580]
INFO:     Waiting for application startup.
2026-05-06 15:32:51.252 | INFO     | app.main:startup_event:54 - Starting TruyenFull Processor API...
2026-05-06 15:32:51.252 | INFO     | app.main:startup_event:55 - Debug mode: True
2026-05-06 15:32:51.252 | INFO     | app.main:startup_event:56 - CORS origins: ['http://localhost:5173', 'http://localhost:3000']
2026-05-06 15:32:51,255 INFO sqlalchemy.engine.Engine SELECT DATABASE()
2026-05-06 15:32:51,255 INFO sqlalchemy.engine.Engine [raw sql] {}
2026-05-06 15:32:51,256 INFO sqlalchemy.engine.Engine SELECT @@sql_mode
2026-05-06 15:32:51,256 INFO sqlalchemy.engine.Engine [raw sql] {}
2026-05-06 15:32:51,257 INFO sqlalchemy.engine.Engine SELECT @@lower_case_table_names
2026-05-06 15:32:51,257 INFO sqlalchemy.engine.Engine [raw sql] {}
2026-05-06 15:32:51,258 INFO sqlalchemy.engine.Engine BEGIN (implicit)
2026-05-06 15:32:51,259 INFO sqlalchemy.engine.Engine SELECT 1
2026-05-06 15:32:51,259 INFO sqlalchemy.engine.Engine [generated in 0.00019s] {}
2026-05-06 15:32:51,260 INFO sqlalchemy.engine.Engine ROLLBACK
2026-05-06 15:32:51.260 | INFO     | app.database:test_connection:49 - Database connection successful
2026-05-06 15:32:51.261 | INFO     | app.main:startup_event:60 - Database connection successful
INFO:     Application startup complete.
WARNING:  WatchFiles detected changes in 'app/services/video_processor.py'. Reloading...
INFO:     Shutting down
INFO:     Waiting for application shutdown.
2026-05-06 15:32:59.479 | INFO     | app.main:shutdown_event:70 - Shutting down TruyenFull Processor API...
INFO:     Application shutdown complete.
INFO:     Finished server process [556580]
2026-05-06 15:33:00.329 | INFO     | app.database:<module>:10 - Connecting to database: localhost:3307/truyenfull_db
INFO:     Started server process [556793]
INFO:     Waiting for application startup.
2026-05-06 15:33:00.786 | INFO     | app.main:startup_event:54 - Starting TruyenFull Processor API...
2026-05-06 15:33:00.786 | INFO     | app.main:startup_event:55 - Debug mode: True
2026-05-06 15:33:00.786 | INFO     | app.main:startup_event:56 - CORS origins: ['http://localhost:5173', 'http://localhost:3000']
2026-05-06 15:33:00,791 INFO sqlalchemy.engine.Engine SELECT DATABASE()
2026-05-06 15:33:00,791 INFO sqlalchemy.engine.Engine [raw sql] {}
2026-05-06 15:33:00,792 INFO sqlalchemy.engine.Engine SELECT @@sql_mode
2026-05-06 15:33:00,792 INFO sqlalchemy.engine.Engine [raw sql] {}
2026-05-06 15:33:00,792 INFO sqlalchemy.engine.Engine SELECT @@lower_case_table_names
2026-05-06 15:33:00,793 INFO sqlalchemy.engine.Engine [raw sql] {}
2026-05-06 15:33:00,793 INFO sqlalchemy.engine.Engine BEGIN (implicit)
2026-05-06 15:33:00,794 INFO sqlalchemy.engine.Engine SELECT 1
2026-05-06 15:33:00,794 INFO sqlalchemy.engine.Engine [generated in 0.00010s] {}
2026-05-06 15:33:00,794 INFO sqlalchemy.engine.Engine ROLLBACK
2026-05-06 15:33:00.794 | INFO     | app.database:test_connection:49 - Database connection successful
2026-05-06 15:33:00.794 | INFO     | app.main:startup_event:60 - Database connection successful
INFO:     Application startup complete.
WARNING:  WatchFiles detected changes in 'app/services/video_processor.py'. Reloading...
INFO:     Shutting down
INFO:     Waiting for application shutdown.
2026-05-06 15:33:10.316 | INFO     | app.main:shutdown_event:70 - Shutting down TruyenFull Processor API...
INFO:     Application shutdown complete.
INFO:     Finished server process [556793]
2026-05-06 15:33:11.124 | INFO     | app.database:<module>:10 - Connecting to database: localhost:3307/truyenfull_db
INFO:     Started server process [557028]
INFO:     Waiting for application startup.
2026-05-06 15:33:11.560 | INFO     | app.main:startup_event:54 - Starting TruyenFull Processor API...
2026-05-06 15:33:11.560 | INFO     | app.main:startup_event:55 - Debug mode: True
2026-05-06 15:33:11.561 | INFO     | app.main:startup_event:56 - CORS origins: ['http://localhost:5173', 'http://localhost:3000']
2026-05-06 15:33:11,564 INFO sqlalchemy.engine.Engine SELECT DATABASE()
2026-05-06 15:33:11,564 INFO sqlalchemy.engine.Engine [raw sql] {}
2026-05-06 15:33:11,564 INFO sqlalchemy.engine.Engine SELECT @@sql_mode
2026-05-06 15:33:11,564 INFO sqlalchemy.engine.Engine [raw sql] {}
2026-05-06 15:33:11,565 INFO sqlalchemy.engine.Engine SELECT @@lower_case_table_names
2026-05-06 15:33:11,565 INFO sqlalchemy.engine.Engine [raw sql] {}
2026-05-06 15:33:11,565 INFO sqlalchemy.engine.Engine BEGIN (implicit)
2026-05-06 15:33:11,566 INFO sqlalchemy.engine.Engine SELECT 1
2026-05-06 15:33:11,566 INFO sqlalchemy.engine.Engine [generated in 0.00008s] {}
2026-05-06 15:33:11,566 INFO sqlalchemy.engine.Engine ROLLBACK
2026-05-06 15:33:11.566 | INFO     | app.database:test_connection:49 - Database connection successful
2026-05-06 15:33:11.566 | INFO     | app.main:startup_event:60 - Database connection successful
INFO:     Application startup complete.
WARNING:  WatchFiles detected changes in 'app/services/video_processor.py'. Reloading...
INFO:     Shutting down
INFO:     Waiting for application shutdown.
2026-05-06 15:33:24.601 | INFO     | app.main:shutdown_event:70 - Shutting down TruyenFull Processor API...
INFO:     Application shutdown complete.
INFO:     Finished server process [557028]
2026-05-06 15:33:25.546 | INFO     | app.database:<module>:10 - Connecting to database: localhost:3307/truyenfull_db
INFO:     Started server process [557544]
INFO:     Waiting for application startup.
2026-05-06 15:33:26.164 | INFO     | app.main:startup_event:54 - Starting TruyenFull Processor API...
2026-05-06 15:33:26.164 | INFO     | app.main:startup_event:55 - Debug mode: True
2026-05-06 15:33:26.165 | INFO     | app.main:startup_event:56 - CORS origins: ['http://localhost:5173', 'http://localhost:3000']
2026-05-06 15:33:26,168 INFO sqlalchemy.engine.Engine SELECT DATABASE()
2026-05-06 15:33:26,168 INFO sqlalchemy.engine.Engine [raw sql] {}
2026-05-06 15:33:26,169 INFO sqlalchemy.engine.Engine SELECT @@sql_mode
2026-05-06 15:33:26,169 INFO sqlalchemy.engine.Engine [raw sql] {}
2026-05-06 15:33:26,169 INFO sqlalchemy.engine.Engine SELECT @@lower_case_table_names
2026-05-06 15:33:26,169 INFO sqlalchemy.engine.Engine [raw sql] {}
2026-05-06 15:33:26,170 INFO sqlalchemy.engine.Engine BEGIN (implicit)
2026-05-06 15:33:26,170 INFO sqlalchemy.engine.Engine SELECT 1
2026-05-06 15:33:26,170 INFO sqlalchemy.engine.Engine [generated in 0.00009s] {}
2026-05-06 15:33:26,170 INFO sqlalchemy.engine.Engine ROLLBACK
2026-05-06 15:33:26.170 | INFO     | app.database:test_connection:49 - Database connection successful
2026-05-06 15:33:26.171 | INFO     | app.main:startup_event:60 - Database connection successful
INFO:     Application startup complete.
WARNING:  WatchFiles detected changes in 'app/services/video_processor.py'. Reloading...
INFO:     Shutting down
INFO:     Waiting for application shutdown.
2026-05-06 15:33:36.289 | INFO     | app.main:shutdown_event:70 - Shutting down TruyenFull Processor API...
INFO:     Application shutdown complete.
INFO:     Finished server process [557544]
2026-05-06 15:33:37.255 | INFO     | app.database:<module>:10 - Connecting to database: localhost:3307/truyenfull_db
INFO:     Started server process [557806]
INFO:     Waiting for application startup.
2026-05-06 15:33:37.691 | INFO     | app.main:startup_event:54 - Starting TruyenFull Processor API...
2026-05-06 15:33:37.691 | INFO     | app.main:startup_event:55 - Debug mode: True
2026-05-06 15:33:37.691 | INFO     | app.main:startup_event:56 - CORS origins: ['http://localhost:5173', 'http://localhost:3000']
2026-05-06 15:33:37,693 INFO sqlalchemy.engine.Engine SELECT DATABASE()
2026-05-06 15:33:37,693 INFO sqlalchemy.engine.Engine [raw sql] {}
2026-05-06 15:33:37,694 INFO sqlalchemy.engine.Engine SELECT @@sql_mode
2026-05-06 15:33:37,694 INFO sqlalchemy.engine.Engine [raw sql] {}
2026-05-06 15:33:37,695 INFO sqlalchemy.engine.Engine SELECT @@lower_case_table_names
2026-05-06 15:33:37,695 INFO sqlalchemy.engine.Engine [raw sql] {}
2026-05-06 15:33:37,695 INFO sqlalchemy.engine.Engine BEGIN (implicit)
2026-05-06 15:33:37,696 INFO sqlalchemy.engine.Engine SELECT 1
2026-05-06 15:33:37,696 INFO sqlalchemy.engine.Engine [generated in 0.00013s] {}
2026-05-06 15:33:37,696 INFO sqlalchemy.engine.Engine ROLLBACK
2026-05-06 15:33:37.697 | INFO     | app.database:test_connection:49 - Database connection successful
2026-05-06 15:33:37.697 | INFO     | app.main:startup_event:60 - Database connection successful
INFO:     Application startup complete.
WARNING:  WatchFiles detected changes in 'app/api/video.py'. Reloading...
INFO:     Shutting down
INFO:     Waiting for application shutdown.
2026-05-06 15:33:46.619 | INFO     | app.main:shutdown_event:70 - Shutting down TruyenFull Processor API...
INFO:     Application shutdown complete.
INFO:     Finished server process [557806]
2026-05-06 15:33:47.517 | INFO     | app.database:<module>:10 - Connecting to database: localhost:3307/truyenfull_db
INFO:     Started server process [558162]
INFO:     Waiting for application startup.
2026-05-06 15:33:47.971 | INFO     | app.main:startup_event:54 - Starting TruyenFull Processor API...
2026-05-06 15:33:47.971 | INFO     | app.main:startup_event:55 - Debug mode: True
2026-05-06 15:33:47.971 | INFO     | app.main:startup_event:56 - CORS origins: ['http://localhost:5173', 'http://localhost:3000']
2026-05-06 15:33:47,974 INFO sqlalchemy.engine.Engine SELECT DATABASE()
2026-05-06 15:33:47,974 INFO sqlalchemy.engine.Engine [raw sql] {}
2026-05-06 15:33:47,974 INFO sqlalchemy.engine.Engine SELECT @@sql_mode
2026-05-06 15:33:47,974 INFO sqlalchemy.engine.Engine [raw sql] {}
2026-05-06 15:33:47,975 INFO sqlalchemy.engine.Engine SELECT @@lower_case_table_names
2026-05-06 15:33:47,975 INFO sqlalchemy.engine.Engine [raw sql] {}
2026-05-06 15:33:47,975 INFO sqlalchemy.engine.Engine BEGIN (implicit)
2026-05-06 15:33:47,976 INFO sqlalchemy.engine.Engine SELECT 1
2026-05-06 15:33:47,976 INFO sqlalchemy.engine.Engine [generated in 0.00011s] {}
2026-05-06 15:33:47,976 INFO sqlalchemy.engine.Engine ROLLBACK
2026-05-06 15:33:47.976 | INFO     | app.database:test_connection:49 - Database connection successful
2026-05-06 15:33:47.977 | INFO     | app.main:startup_event:60 - Database connection successful
INFO:     Application startup complete.
WARNING:  WatchFiles detected changes in 'app/services/video_processor.py'. Reloading...
INFO:     Shutting down
INFO:     Waiting for application shutdown.
2026-05-06 15:34:14.229 | INFO     | app.main:shutdown_event:70 - Shutting down TruyenFull Processor API...
INFO:     Application shutdown complete.
INFO:     Finished server process [558162]
2026-05-06 15:34:15.073 | INFO     | app.database:<module>:10 - Connecting to database: localhost:3307/truyenfull_db
INFO:     Started server process [558807]
INFO:     Waiting for application startup.
2026-05-06 15:34:15.553 | INFO     | app.main:startup_event:54 - Starting TruyenFull Processor API...
2026-05-06 15:34:15.553 | INFO     | app.main:startup_event:55 - Debug mode: True
2026-05-06 15:34:15.553 | INFO     | app.main:startup_event:56 - CORS origins: ['http://localhost:5173', 'http://localhost:3000']
2026-05-06 15:34:15,557 INFO sqlalchemy.engine.Engine SELECT DATABASE()
2026-05-06 15:34:15,557 INFO sqlalchemy.engine.Engine [raw sql] {}
2026-05-06 15:34:15,558 INFO sqlalchemy.engine.Engine SELECT @@sql_mode
2026-05-06 15:34:15,558 INFO sqlalchemy.engine.Engine [raw sql] {}
2026-05-06 15:34:15,558 INFO sqlalchemy.engine.Engine SELECT @@lower_case_table_names
2026-05-06 15:34:15,558 INFO sqlalchemy.engine.Engine [raw sql] {}
2026-05-06 15:34:15,558 INFO sqlalchemy.engine.Engine BEGIN (implicit)
2026-05-06 15:34:15,559 INFO sqlalchemy.engine.Engine SELECT 1
2026-05-06 15:34:15,559 INFO sqlalchemy.engine.Engine [generated in 0.00010s] {}
2026-05-06 15:34:15,559 INFO sqlalchemy.engine.Engine ROLLBACK
2026-05-06 15:34:15.559 | INFO     | app.database:test_connection:49 - Database connection successful
2026-05-06 15:34:15.560 | INFO     | app.main:startup_event:60 - Database connection successful
INFO:     Application startup complete.
WARNING:  WatchFiles detected changes in 'app/services/video_processor.py'. Reloading...
INFO:     Shutting down
INFO:     Waiting for application shutdown.
2026-05-06 15:34:22.676 | INFO     | app.main:shutdown_event:70 - Shutting down TruyenFull Processor API...
INFO:     Application shutdown complete.
INFO:     Finished server process [558807]
2026-05-06 15:34:23.549 | INFO     | app.database:<module>:10 - Connecting to database: localhost:3307/truyenfull_db
INFO:     Started server process [558995]
INFO:     Waiting for application startup.
2026-05-06 15:34:24.025 | INFO     | app.main:startup_event:54 - Starting TruyenFull Processor API...
2026-05-06 15:34:24.025 | INFO     | app.main:startup_event:55 - Debug mode: True
2026-05-06 15:34:24.025 | INFO     | app.main:startup_event:56 - CORS origins: ['http://localhost:5173', 'http://localhost:3000']
2026-05-06 15:34:24,029 INFO sqlalchemy.engine.Engine SELECT DATABASE()
2026-05-06 15:34:24,029 INFO sqlalchemy.engine.Engine [raw sql] {}
2026-05-06 15:34:24,030 INFO sqlalchemy.engine.Engine SELECT @@sql_mode
2026-05-06 15:34:24,030 INFO sqlalchemy.engine.Engine [raw sql] {}
2026-05-06 15:34:24,030 INFO sqlalchemy.engine.Engine SELECT @@lower_case_table_names
2026-05-06 15:34:24,030 INFO sqlalchemy.engine.Engine [raw sql] {}
2026-05-06 15:34:24,030 INFO sqlalchemy.engine.Engine BEGIN (implicit)
2026-05-06 15:34:24,031 INFO sqlalchemy.engine.Engine SELECT 1
2026-05-06 15:34:24,031 INFO sqlalchemy.engine.Engine [generated in 0.00008s] {}
2026-05-06 15:34:24,031 INFO sqlalchemy.engine.Engine ROLLBACK
2026-05-06 15:34:24.031 | INFO     | app.database:test_connection:49 - Database connection successful
2026-05-06 15:34:24.031 | INFO     | app.main:startup_event:60 - Database connection successful
INFO:     Application startup complete.
WARNING:  WatchFiles detected changes in 'app/services/video_processor.py'. Reloading...
INFO:     Shutting down
INFO:     Waiting for application shutdown.
2026-05-06 15:34:31.648 | INFO     | app.main:shutdown_event:70 - Shutting down TruyenFull Processor API...
INFO:     Application shutdown complete.
INFO:     Finished server process [558995]
2026-05-06 15:34:32.493 | INFO     | app.database:<module>:10 - Connecting to database: localhost:3307/truyenfull_db
INFO:     Started server process [559187]
INFO:     Waiting for application startup.
2026-05-06 15:34:32.952 | INFO     | app.main:startup_event:54 - Starting TruyenFull Processor API...
2026-05-06 15:34:32.952 | INFO     | app.main:startup_event:55 - Debug mode: True
2026-05-06 15:34:32.953 | INFO     | app.main:startup_event:56 - CORS origins: ['http://localhost:5173', 'http://localhost:3000']
2026-05-06 15:34:32,956 INFO sqlalchemy.engine.Engine SELECT DATABASE()
2026-05-06 15:34:32,956 INFO sqlalchemy.engine.Engine [raw sql] {}
2026-05-06 15:34:32,956 INFO sqlalchemy.engine.Engine SELECT @@sql_mode
2026-05-06 15:34:32,956 INFO sqlalchemy.engine.Engine [raw sql] {}
2026-05-06 15:34:32,957 INFO sqlalchemy.engine.Engine SELECT @@lower_case_table_names
2026-05-06 15:34:32,957 INFO sqlalchemy.engine.Engine [raw sql] {}
2026-05-06 15:34:32,957 INFO sqlalchemy.engine.Engine BEGIN (implicit)
2026-05-06 15:34:32,957 INFO sqlalchemy.engine.Engine SELECT 1
2026-05-06 15:34:32,958 INFO sqlalchemy.engine.Engine [generated in 0.00008s] {}
2026-05-06 15:34:32,958 INFO sqlalchemy.engine.Engine ROLLBACK
2026-05-06 15:34:32.958 | INFO     | app.database:test_connection:49 - Database connection successful
2026-05-06 15:34:32.958 | INFO     | app.main:startup_event:60 - Database connection successful
INFO:     Application startup complete.
WARNING:  WatchFiles detected changes in 'app/api/video.py'. Reloading...
INFO:     Shutting down
INFO:     Waiting for application shutdown.
2026-05-06 15:34:42.180 | INFO     | app.main:shutdown_event:70 - Shutting down TruyenFull Processor API...
INFO:     Application shutdown complete.
INFO:     Finished server process [559187]
2026-05-06 15:34:43.031 | INFO     | app.database:<module>:10 - Connecting to database: localhost:3307/truyenfull_db
INFO:     Started server process [559459]
INFO:     Waiting for application startup.
2026-05-06 15:34:43.489 | INFO     | app.main:startup_event:54 - Starting TruyenFull Processor API...
2026-05-06 15:34:43.490 | INFO     | app.main:startup_event:55 - Debug mode: True
2026-05-06 15:34:43.490 | INFO     | app.main:startup_event:56 - CORS origins: ['http://localhost:5173', 'http://localhost:3000']
2026-05-06 15:34:43,492 INFO sqlalchemy.engine.Engine SELECT DATABASE()
2026-05-06 15:34:43,493 INFO sqlalchemy.engine.Engine [raw sql] {}
2026-05-06 15:34:43,494 INFO sqlalchemy.engine.Engine SELECT @@sql_mode
2026-05-06 15:34:43,494 INFO sqlalchemy.engine.Engine [raw sql] {}
2026-05-06 15:34:43,494 INFO sqlalchemy.engine.Engine SELECT @@lower_case_table_names
2026-05-06 15:34:43,494 INFO sqlalchemy.engine.Engine [raw sql] {}
2026-05-06 15:34:43,495 INFO sqlalchemy.engine.Engine BEGIN (implicit)
2026-05-06 15:34:43,495 INFO sqlalchemy.engine.Engine SELECT 1
2026-05-06 15:34:43,495 INFO sqlalchemy.engine.Engine [generated in 0.00011s] {}
2026-05-06 15:34:43,496 INFO sqlalchemy.engine.Engine ROLLBACK
2026-05-06 15:34:43.496 | INFO     | app.database:test_connection:49 - Database connection successful
2026-05-06 15:34:43.496 | INFO     | app.main:startup_event:60 - Database connection successful
INFO:     Application startup complete.
WARNING:  WatchFiles detected changes in 'app/api/video.py'. Reloading...
INFO:     Shutting down
INFO:     Waiting for application shutdown.
2026-05-06 15:35:05.547 | INFO     | app.main:shutdown_event:70 - Shutting down TruyenFull Processor API...
INFO:     Application shutdown complete.
INFO:     Finished server process [559459]
2026-05-06 15:35:06.442 | INFO     | app.database:<module>:10 - Connecting to database: localhost:3307/truyenfull_db
INFO:     Started server process [559977]
INFO:     Waiting for application startup.
2026-05-06 15:35:06.879 | INFO     | app.main:startup_event:54 - Starting TruyenFull Processor API...
2026-05-06 15:35:06.879 | INFO     | app.main:startup_event:55 - Debug mode: True
2026-05-06 15:35:06.880 | INFO     | app.main:startup_event:56 - CORS origins: ['http://localhost:5173', 'http://localhost:3000']
2026-05-06 15:35:06,882 INFO sqlalchemy.engine.Engine SELECT DATABASE()
2026-05-06 15:35:06,882 INFO sqlalchemy.engine.Engine [raw sql] {}
2026-05-06 15:35:06,883 INFO sqlalchemy.engine.Engine SELECT @@sql_mode
2026-05-06 15:35:06,883 INFO sqlalchemy.engine.Engine [raw sql] {}
2026-05-06 15:35:06,883 INFO sqlalchemy.engine.Engine SELECT @@lower_case_table_names
2026-05-06 15:35:06,883 INFO sqlalchemy.engine.Engine [raw sql] {}
2026-05-06 15:35:06,884 INFO sqlalchemy.engine.Engine BEGIN (implicit)
2026-05-06 15:35:06,884 INFO sqlalchemy.engine.Engine SELECT 1
2026-05-06 15:35:06,884 INFO sqlalchemy.engine.Engine [generated in 0.00009s] {}
2026-05-06 15:35:06,884 INFO sqlalchemy.engine.Engine ROLLBACK
2026-05-06 15:35:06.885 | INFO     | app.database:test_connection:49 - Database connection successful
2026-05-06 15:35:06.885 | INFO     | app.main:startup_event:60 - Database connection successful
INFO:     Application startup complete.
WARNING:  WatchFiles detected changes in 'app/api/video.py'. Reloading...
INFO:     Shutting down
INFO:     Waiting for application shutdown.
2026-05-06 15:35:28.632 | INFO     | app.main:shutdown_event:70 - Shutting down TruyenFull Processor API...
INFO:     Application shutdown complete.
INFO:     Finished server process [559977]
2026-05-06 15:35:29.515 | INFO     | app.database:<module>:10 - Connecting to database: localhost:3307/truyenfull_db
INFO:     Started server process [560563]
INFO:     Waiting for application startup.
2026-05-06 15:35:29.977 | INFO     | app.main:startup_event:54 - Starting TruyenFull Processor API...
2026-05-06 15:35:29.977 | INFO     | app.main:startup_event:55 - Debug mode: True
2026-05-06 15:35:29.977 | INFO     | app.main:startup_event:56 - CORS origins: ['http://localhost:5173', 'http://localhost:3000']
2026-05-06 15:35:29,980 INFO sqlalchemy.engine.Engine SELECT DATABASE()
2026-05-06 15:35:29,980 INFO sqlalchemy.engine.Engine [raw sql] {}
2026-05-06 15:35:29,981 INFO sqlalchemy.engine.Engine SELECT @@sql_mode
2026-05-06 15:35:29,981 INFO sqlalchemy.engine.Engine [raw sql] {}
2026-05-06 15:35:29,981 INFO sqlalchemy.engine.Engine SELECT @@lower_case_table_names
2026-05-06 15:35:29,981 INFO sqlalchemy.engine.Engine [raw sql] {}
2026-05-06 15:35:29,982 INFO sqlalchemy.engine.Engine BEGIN (implicit)
2026-05-06 15:35:29,982 INFO sqlalchemy.engine.Engine SELECT 1
2026-05-06 15:35:29,982 INFO sqlalchemy.engine.Engine [generated in 0.00008s] {}
2026-05-06 15:35:29,982 INFO sqlalchemy.engine.Engine ROLLBACK
2026-05-06 15:35:29.982 | INFO     | app.database:test_connection:49 - Database connection successful
2026-05-06 15:35:29.982 | INFO     | app.main:startup_event:60 - Database connection successful
INFO:     Application startup complete.
WARNING:  WatchFiles detected changes in 'app/api/video.py'. Reloading...
INFO:     Shutting down
INFO:     Waiting for application shutdown.
2026-05-06 15:35:35.992 | INFO     | app.main:shutdown_event:70 - Shutting down TruyenFull Processor API...
INFO:     Application shutdown complete.
INFO:     Finished server process [560563]
2026-05-06 15:35:36.999 | INFO     | app.database:<module>:10 - Connecting to database: localhost:3307/truyenfull_db
INFO:     Started server process [560695]
INFO:     Waiting for application startup.
2026-05-06 15:35:37.506 | INFO     | app.main:startup_event:54 - Starting TruyenFull Processor API...
2026-05-06 15:35:37.506 | INFO     | app.main:startup_event:55 - Debug mode: True
2026-05-06 15:35:37.506 | INFO     | app.main:startup_event:56 - CORS origins: ['http://localhost:5173', 'http://localhost:3000']
2026-05-06 15:35:37,508 INFO sqlalchemy.engine.Engine SELECT DATABASE()
2026-05-06 15:35:37,508 INFO sqlalchemy.engine.Engine [raw sql] {}
2026-05-06 15:35:37,510 INFO sqlalchemy.engine.Engine SELECT @@sql_mode
2026-05-06 15:35:37,510 INFO sqlalchemy.engine.Engine [raw sql] {}
2026-05-06 15:35:37,510 INFO sqlalchemy.engine.Engine SELECT @@lower_case_table_names
2026-05-06 15:35:37,510 INFO sqlalchemy.engine.Engine [raw sql] {}
2026-05-06 15:35:37,511 INFO sqlalchemy.engine.Engine BEGIN (implicit)
2026-05-06 15:35:37,511 INFO sqlalchemy.engine.Engine SELECT 1
2026-05-06 15:35:37,511 INFO sqlalchemy.engine.Engine [generated in 0.00010s] {}
2026-05-06 15:35:37,512 INFO sqlalchemy.engine.Engine ROLLBACK
2026-05-06 15:35:37.512 | INFO     | app.database:test_connection:49 - Database connection successful
2026-05-06 15:35:37.512 | INFO     | app.main:startup_event:60 - Database connection successful
INFO:     Application startup complete.
WARNING:  WatchFiles detected changes in 'app/api/video.py'. Reloading...
INFO:     Shutting down
INFO:     Waiting for application shutdown.
2026-05-06 15:35:43.222 | INFO     | app.main:shutdown_event:70 - Shutting down TruyenFull Processor API...
INFO:     Application shutdown complete.
INFO:     Finished server process [560695]
2026-05-06 15:35:44.157 | INFO     | app.database:<module>:10 - Connecting to database: localhost:3307/truyenfull_db
INFO:     Started server process [560882]
INFO:     Waiting for application startup.
2026-05-06 15:35:44.621 | INFO     | app.main:startup_event:54 - Starting TruyenFull Processor API...
2026-05-06 15:35:44.622 | INFO     | app.main:startup_event:55 - Debug mode: True
2026-05-06 15:35:44.622 | INFO     | app.main:startup_event:56 - CORS origins: ['http://localhost:5173', 'http://localhost:3000']
2026-05-06 15:35:44,624 INFO sqlalchemy.engine.Engine SELECT DATABASE()
2026-05-06 15:35:44,624 INFO sqlalchemy.engine.Engine [raw sql] {}
2026-05-06 15:35:44,625 INFO sqlalchemy.engine.Engine SELECT @@sql_mode
2026-05-06 15:35:44,625 INFO sqlalchemy.engine.Engine [raw sql] {}
2026-05-06 15:35:44,625 INFO sqlalchemy.engine.Engine SELECT @@lower_case_table_names
2026-05-06 15:35:44,625 INFO sqlalchemy.engine.Engine [raw sql] {}
2026-05-06 15:35:44,626 INFO sqlalchemy.engine.Engine BEGIN (implicit)
2026-05-06 15:35:44,626 INFO sqlalchemy.engine.Engine SELECT 1
2026-05-06 15:35:44,626 INFO sqlalchemy.engine.Engine [generated in 0.00013s] {}
2026-05-06 15:35:44,627 INFO sqlalchemy.engine.Engine ROLLBACK
2026-05-06 15:35:44.627 | INFO     | app.database:test_connection:49 - Database connection successful
2026-05-06 15:35:44.627 | INFO     | app.main:startup_event:60 - Database connection successful
INFO:     Application startup complete.
INFO:     127.0.0.1:60056 - "GET /api/v1/video/fonts HTTP/1.1" 200 OK
2026-05-06 15:36:19.067 | INFO     | app.services.video_processor:__init__:47 - NVENC not available, using CPU encoding (libx264)
INFO:     127.0.0.1:60068 - "GET /api/v1/video/folder-clips?folder=%2Fhome%2Fduoclv%2FDownloads%2Ftemp-20260506T015716Z-3-001%2Ftemp%2Frandom_50min_20260419_210319&limit=200 HTTP/1.1" 200 OK
INFO:     127.0.0.1:60110 - "GET /api/v1/video/fonts HTTP/1.1" 200 OK
2026-05-06 15:36:20,648 INFO sqlalchemy.engine.Engine BEGIN (implicit)
2026-05-06 15:36:20,650 INFO sqlalchemy.engine.Engine SELECT stories.id AS stories_id, stories.title AS stories_title, stories.url AS stories_url, stories.author AS stories_author, stories.total_chapters AS stories_total_chapters, stories.start_chapter AS stories_start_chapter, stories.end_chapter AS stories_end_chapter, stories.custom_chapter_urls AS stories_custom_chapter_urls, stories.status AS stories_status, stories.current_step AS stories_current_step, stories.is_favorite AS stories_is_favorite, stories.merged_content AS stories_merged_content, stories.created_at AS stories_created_at, stories.updated_at AS stories_updated_at 
FROM stories 
WHERE stories.id = %(id_1)s 
 LIMIT %(param_1)s
2026-05-06 15:36:20,650 INFO sqlalchemy.engine.Engine [generated in 0.00018s] {'id_1': '2f846d20-9d22-4e0b-8945-a010a5a48bb8', 'param_1': 1}
2026-05-06 15:36:20.695 | INFO     | app.services.video_processor:__init__:47 - NVENC not available, using CPU encoding (libx264)
INFO:     127.0.0.1:60114 - "GET /api/v1/video/folder-clips?folder=%2Fhome%2Fduoclv%2FDownloads%2Ftemp-20260506T015716Z-3-001%2Ftemp%2Frandom_50min_20260419_210319&limit=200 HTTP/1.1" 200 OK
2026-05-06 15:36:22,115 INFO sqlalchemy.engine.Engine BEGIN (implicit)
2026-05-06 15:36:22,117 INFO sqlalchemy.engine.Engine SELECT voices.id AS voices_id, voices.code AS voices_code, voices.name AS voices_name, voices.gender AS voices_gender, voices.locale AS voices_locale, voices.category AS voices_category, voices.description AS voices_description, voices.demo_url AS voices_demo_url, voices.is_active AS voices_is_active, voices.`rank` AS voices_rank, voices.created_at AS voices_created_at 
FROM voices 
WHERE voices.is_active = true ORDER BY voices.`rank`
2026-05-06 15:36:22,117 INFO sqlalchemy.engine.Engine [generated in 0.00021s] {}
2026-05-06 15:36:22.119 | INFO     | app.api.tts:list_voices:87 - Retrieved 14 voices from database
2026-05-06 15:36:22,122 INFO sqlalchemy.engine.Engine BEGIN (implicit)
2026-05-06 15:36:22,123 INFO sqlalchemy.engine.Engine SELECT video_presets.id AS video_presets_id, video_presets.name AS video_presets_name, video_presets.cfg AS video_presets_cfg, video_presets.created_at AS video_presets_created_at, video_presets.updated_at AS video_presets_updated_at 
FROM video_presets ORDER BY video_presets.created_at DESC
2026-05-06 15:36:22,123 INFO sqlalchemy.engine.Engine [generated in 0.00009s] {}
2026-05-06 15:36:22,126 INFO sqlalchemy.engine.Engine ROLLBACK
2026-05-06 15:36:22,126 INFO sqlalchemy.engine.Engine ROLLBACK
2026-05-06 15:36:22,126 INFO sqlalchemy.engine.Engine ROLLBACK
INFO:     127.0.0.1:60078 - "GET /api/v1/stories/2f846d20-9d22-4e0b-8945-a010a5a48bb8 HTTP/1.1" 200 OK
INFO:     127.0.0.1:60088 - "GET /api/v1/tts/voices HTTP/1.1" 200 OK
INFO:     127.0.0.1:60104 - "GET /api/v1/video-presets/ HTTP/1.1" 200 OK
2026-05-06 15:36:22,133 INFO sqlalchemy.engine.Engine BEGIN (implicit)
2026-05-06 15:36:22,133 INFO sqlalchemy.engine.Engine SELECT stories.id AS stories_id, stories.title AS stories_title, stories.url AS stories_url, stories.author AS stories_author, stories.total_chapters AS stories_total_chapters, stories.start_chapter AS stories_start_chapter, stories.end_chapter AS stories_end_chapter, stories.custom_chapter_urls AS stories_custom_chapter_urls, stories.status AS stories_status, stories.current_step AS stories_current_step, stories.is_favorite AS stories_is_favorite, stories.merged_content AS stories_merged_content, stories.created_at AS stories_created_at, stories.updated_at AS stories_updated_at 
FROM stories 
WHERE stories.id = %(id_1)s 
 LIMIT %(param_1)s
2026-05-06 15:36:22,133 INFO sqlalchemy.engine.Engine [cached since 1.483s ago] {'id_1': '2f846d20-9d22-4e0b-8945-a010a5a48bb8', 'param_1': 1}
2026-05-06 15:36:22,136 INFO sqlalchemy.engine.Engine ROLLBACK
2026-05-06 15:36:22,138 INFO sqlalchemy.engine.Engine BEGIN (implicit)
2026-05-06 15:36:22,138 INFO sqlalchemy.engine.Engine SELECT voices.id AS voices_id, voices.code AS voices_code, voices.name AS voices_name, voices.gender AS voices_gender, voices.locale AS voices_locale, voices.category AS voices_category, voices.description AS voices_description, voices.demo_url AS voices_demo_url, voices.is_active AS voices_is_active, voices.`rank` AS voices_rank, voices.created_at AS voices_created_at 
FROM voices 
WHERE voices.is_active = true ORDER BY voices.`rank`
2026-05-06 15:36:22,138 INFO sqlalchemy.engine.Engine [cached since 0.0212s ago] {}
2026-05-06 15:36:22.142 | INFO     | app.api.tts:list_voices:87 - Retrieved 14 voices from database
2026-05-06 15:36:22,143 INFO sqlalchemy.engine.Engine BEGIN (implicit)
2026-05-06 15:36:22,144 INFO sqlalchemy.engine.Engine SELECT video_presets.id AS video_presets_id, video_presets.name AS video_presets_name, video_presets.cfg AS video_presets_cfg, video_presets.created_at AS video_presets_created_at, video_presets.updated_at AS video_presets_updated_at 
FROM video_presets ORDER BY video_presets.created_at DESC
2026-05-06 15:36:22,144 INFO sqlalchemy.engine.Engine [cached since 0.0212s ago] {}
INFO:     127.0.0.1:60116 - "GET /api/v1/stories/2f846d20-9d22-4e0b-8945-a010a5a48bb8 HTTP/1.1" 200 OK
2026-05-06 15:36:22,148 INFO sqlalchemy.engine.Engine BEGIN (implicit)
2026-05-06 15:36:22,150 INFO sqlalchemy.engine.Engine SELECT chapters.id AS chapters_id, chapters.story_id AS chapters_story_id, chapters.chapter_number AS chapters_chapter_number, chapters.title AS chapters_title, chapters.content AS chapters_content, chapters.char_count AS chapters_char_count, chapters.has_censored_words AS chapters_has_censored_words, chapters.censored_count AS chapters_censored_count, chapters.status AS chapters_status, chapters.created_at AS chapters_created_at, chapters.updated_at AS chapters_updated_at 
FROM chapters 
WHERE chapters.story_id = %(story_id_1)s ORDER BY chapters.chapter_number
2026-05-06 15:36:22,150 INFO sqlalchemy.engine.Engine [generated in 0.00027s] {'story_id_1': '2f846d20-9d22-4e0b-8945-a010a5a48bb8'}
2026-05-06 15:36:22,154 INFO sqlalchemy.engine.Engine ROLLBACK
2026-05-06 15:36:22,154 INFO sqlalchemy.engine.Engine ROLLBACK
2026-05-06 15:36:22,154 INFO sqlalchemy.engine.Engine ROLLBACK
INFO:     127.0.0.1:60128 - "GET /api/v1/stories/2f846d20-9d22-4e0b-8945-a010a5a48bb8/chapters HTTP/1.1" 200 OK
INFO:     127.0.0.1:60122 - "GET /api/v1/tts/voices HTTP/1.1" 200 OK
INFO:     127.0.0.1:60118 - "GET /api/v1/video-presets/ HTTP/1.1" 200 OK
2026-05-06 15:36:22,159 INFO sqlalchemy.engine.Engine BEGIN (implicit)
2026-05-06 15:36:22,160 INFO sqlalchemy.engine.Engine SELECT chapters.id AS chapters_id, chapters.story_id AS chapters_story_id, chapters.chapter_number AS chapters_chapter_number, chapters.title AS chapters_title, chapters.content AS chapters_content, chapters.char_count AS chapters_char_count, chapters.has_censored_words AS chapters_has_censored_words, chapters.censored_count AS chapters_censored_count, chapters.status AS chapters_status, chapters.created_at AS chapters_created_at, chapters.updated_at AS chapters_updated_at 
FROM chapters 
WHERE chapters.story_id = %(story_id_1)s ORDER BY chapters.chapter_number
2026-05-06 15:36:22,160 INFO sqlalchemy.engine.Engine [cached since 0.01043s ago] {'story_id_1': '2f846d20-9d22-4e0b-8945-a010a5a48bb8'}
2026-05-06 15:36:22,163 INFO sqlalchemy.engine.Engine ROLLBACK
INFO:     127.0.0.1:60144 - "GET /api/v1/stories/2f846d20-9d22-4e0b-8945-a010a5a48bb8/chapters HTTP/1.1" 200 OK
2026-05-06 15:36:22,167 INFO sqlalchemy.engine.Engine BEGIN (implicit)
2026-05-06 15:36:22,168 INFO sqlalchemy.engine.Engine SELECT chapters.id AS chapters_id, chapters.story_id AS chapters_story_id, chapters.chapter_number AS chapters_chapter_number, chapters.title AS chapters_title, chapters.content AS chapters_content, chapters.char_count AS chapters_char_count, chapters.has_censored_words AS chapters_has_censored_words, chapters.censored_count AS chapters_censored_count, chapters.status AS chapters_status, chapters.created_at AS chapters_created_at, chapters.updated_at AS chapters_updated_at 
FROM chapters 
WHERE chapters.story_id = %(story_id_1)s
2026-05-06 15:36:22,168 INFO sqlalchemy.engine.Engine [generated in 0.00036s] {'story_id_1': '2f846d20-9d22-4e0b-8945-a010a5a48bb8'}
2026-05-06 15:36:22,171 INFO sqlalchemy.engine.Engine ROLLBACK
INFO:     127.0.0.1:60156 - "GET /api/v1/chapters/story/2f846d20-9d22-4e0b-8945-a010a5a48bb8/stats HTTP/1.1" 200 OK
2026-05-06 15:36:22,180 INFO sqlalchemy.engine.Engine BEGIN (implicit)
2026-05-06 15:36:22,180 INFO sqlalchemy.engine.Engine SELECT chapters.id AS chapters_id, chapters.story_id AS chapters_story_id, chapters.chapter_number AS chapters_chapter_number, chapters.title AS chapters_title, chapters.content AS chapters_content, chapters.char_count AS chapters_char_count, chapters.has_censored_words AS chapters_has_censored_words, chapters.censored_count AS chapters_censored_count, chapters.status AS chapters_status, chapters.created_at AS chapters_created_at, chapters.updated_at AS chapters_updated_at 
FROM chapters 
WHERE chapters.story_id = %(story_id_1)s
2026-05-06 15:36:22,180 INFO sqlalchemy.engine.Engine [cached since 0.01281s ago] {'story_id_1': '2f846d20-9d22-4e0b-8945-a010a5a48bb8'}
2026-05-06 15:36:22,184 INFO sqlalchemy.engine.Engine ROLLBACK
INFO:     127.0.0.1:60164 - "GET /api/v1/chapters/story/2f846d20-9d22-4e0b-8945-a010a5a48bb8/stats HTTP/1.1" 200 OK
INFO:     127.0.0.1:60172 - "GET /api/v1/video/preview-video?path=%2Fhome%2Fduoclv%2FDownloads%2Ftemp-20260506T015716Z-3-001%2Ftemp%2Frandom_50min_20260419_210319%2F0001_2023-03-19_3x33zfwdqqyptns_%E7%AE%80%E5%8D%95%E5%87%A0%E7%AC%94%E7%94%BB%E5%B0%8F%E9%A3%8E%E6%99%AF%20%23%E9%9B%B6%E5%9F%BA%E7%A1%80%E5%AD%A6%E7%94%BB%E7%94%BB%20%23%E4%B8%80%E8%B5%B7%E5%AD%A6%E7%94%BB%E7%94%BB%20%23%E6%96%B0%E7%9F%A5%E5%88%9B%E4%BD%9C%E4%BA%BA%20%40%E5%BF%AB%E6%89%8B%E7%83%AD%E7%82%B9(O3xddgkd5fav5.mp4 HTTP/1.1" 200 OK
2026-05-06 15:36:22,221 INFO sqlalchemy.engine.Engine BEGIN (implicit)
2026-05-06 15:36:22,222 INFO sqlalchemy.engine.Engine SELECT merged_audio.id AS merged_audio_id, merged_audio.story_id AS merged_audio_story_id, merged_audio.file_path AS merged_audio_file_path, merged_audio.file_size AS merged_audio_file_size, merged_audio.duration AS merged_audio_duration, merged_audio.format AS merged_audio_format, merged_audio.total_chapters AS merged_audio_total_chapters, merged_audio.created_at AS merged_audio_created_at 
FROM merged_audio 
WHERE merged_audio.story_id = %(story_id_1)s ORDER BY merged_audio.created_at DESC 
 LIMIT %(param_1)s
2026-05-06 15:36:22,222 INFO sqlalchemy.engine.Engine [generated in 0.00018s] {'story_id_1': '2f846d20-9d22-4e0b-8945-a010a5a48bb8', 'param_1': 1}
2026-05-06 15:36:22,224 INFO sqlalchemy.engine.Engine ROLLBACK
INFO:     127.0.0.1:60180 - "GET /api/v1/video/audio-path/2f846d20-9d22-4e0b-8945-a010a5a48bb8 HTTP/1.1" 200 OK
2026-05-06 15:36:22,234 INFO sqlalchemy.engine.Engine BEGIN (implicit)
2026-05-06 15:36:22,234 INFO sqlalchemy.engine.Engine SELECT merged_audio.id AS merged_audio_id, merged_audio.story_id AS merged_audio_story_id, merged_audio.file_path AS merged_audio_file_path, merged_audio.file_size AS merged_audio_file_size, merged_audio.duration AS merged_audio_duration, merged_audio.format AS merged_audio_format, merged_audio.total_chapters AS merged_audio_total_chapters, merged_audio.created_at AS merged_audio_created_at 
FROM merged_audio 
WHERE merged_audio.story_id = %(story_id_1)s ORDER BY merged_audio.created_at DESC 
 LIMIT %(param_1)s
2026-05-06 15:36:22,234 INFO sqlalchemy.engine.Engine [cached since 0.01243s ago] {'story_id_1': '2f846d20-9d22-4e0b-8945-a010a5a48bb8', 'param_1': 1}
2026-05-06 15:36:22,236 INFO sqlalchemy.engine.Engine ROLLBACK
INFO:     127.0.0.1:60190 - "GET /api/v1/video/audio-path/2f846d20-9d22-4e0b-8945-a010a5a48bb8 HTTP/1.1" 200 OK
2026-05-06 15:36:22,247 INFO sqlalchemy.engine.Engine BEGIN (implicit)
2026-05-06 15:36:22,249 INFO sqlalchemy.engine.Engine SELECT video_outputs.id AS video_outputs_id, video_outputs.story_id AS video_outputs_story_id, video_outputs.audio_source_path AS video_outputs_audio_source_path, video_outputs.video_source_folder AS video_outputs_video_source_folder, video_outputs.output_path AS video_outputs_output_path, video_outputs.file_size AS video_outputs_file_size, video_outputs.duration AS video_outputs_duration, video_outputs.audio_speed AS video_outputs_audio_speed, video_outputs.transition_effect AS video_outputs_transition_effect, video_outputs.transition_duration AS video_outputs_transition_duration, video_outputs.resolution AS video_outputs_resolution, video_outputs.status AS video_outputs_status, video_outputs.error_message AS video_outputs_error_message, video_outputs.created_at AS video_outputs_created_at, video_outputs.updated_at AS video_outputs_updated_at 
FROM video_outputs 
WHERE video_outputs.story_id = %(story_id_1)s ORDER BY video_outputs.created_at DESC 
 LIMIT %(param_1)s
2026-05-06 15:36:22,249 INFO sqlalchemy.engine.Engine [generated in 0.00017s] {'story_id_1': '2f846d20-9d22-4e0b-8945-a010a5a48bb8', 'param_1': 1}
2026-05-06 15:36:22,252 INFO sqlalchemy.engine.Engine ROLLBACK
INFO:     127.0.0.1:60196 - "GET /api/v1/video/result/2f846d20-9d22-4e0b-8945-a010a5a48bb8 HTTP/1.1" 404 Not Found
INFO:     127.0.0.1:60204 - "GET /api/v1/video/preview-audio?path=storage%2Faudio%2FStory_20260421_133734%2Fmerged_audio.mp3 HTTP/1.1" 200 OK
2026-05-06 15:36:22,271 INFO sqlalchemy.engine.Engine BEGIN (implicit)
2026-05-06 15:36:22,271 INFO sqlalchemy.engine.Engine SELECT video_outputs.id AS video_outputs_id, video_outputs.story_id AS video_outputs_story_id, video_outputs.audio_source_path AS video_outputs_audio_source_path, video_outputs.video_source_folder AS video_outputs_video_source_folder, video_outputs.output_path AS video_outputs_output_path, video_outputs.file_size AS video_outputs_file_size, video_outputs.duration AS video_outputs_duration, video_outputs.audio_speed AS video_outputs_audio_speed, video_outputs.transition_effect AS video_outputs_transition_effect, video_outputs.transition_duration AS video_outputs_transition_duration, video_outputs.resolution AS video_outputs_resolution, video_outputs.status AS video_outputs_status, video_outputs.error_message AS video_outputs_error_message, video_outputs.created_at AS video_outputs_created_at, video_outputs.updated_at AS video_outputs_updated_at 
FROM video_outputs 
WHERE video_outputs.story_id = %(story_id_1)s ORDER BY video_outputs.created_at DESC 
 LIMIT %(param_1)s
2026-05-06 15:36:22,271 INFO sqlalchemy.engine.Engine [cached since 0.02225s ago] {'story_id_1': '2f846d20-9d22-4e0b-8945-a010a5a48bb8', 'param_1': 1}
2026-05-06 15:36:22,273 INFO sqlalchemy.engine.Engine ROLLBACK
INFO:     127.0.0.1:60206 - "GET /api/v1/video/result/2f846d20-9d22-4e0b-8945-a010a5a48bb8 HTTP/1.1" 404 Not Found
2026-05-06 15:36:22.642 | INFO     | app.services.video_processor:__init__:47 - NVENC not available, using CPU encoding (libx264)
INFO:     127.0.0.1:60208 - "GET /api/v1/video/audio-duration?path=storage%2Faudio%2FStory_20260421_133734%2Fmerged_audio.mp3 HTTP/1.1" 200 OK
INFO:     127.0.0.1:37838 - "GET /api/v1/video/fonts HTTP/1.1" 200 OK
2026-05-06 15:36:36.797 | INFO     | app.services.video_processor:__init__:47 - NVENC not available, using CPU encoding (libx264)
INFO:     127.0.0.1:37850 - "GET /api/v1/video/folder-clips?folder=%2Fhome%2Fduoclv%2FDownloads%2Ftemp-20260506T015716Z-3-001%2Ftemp%2Frandom_50min_20260419_210319&limit=200 HTTP/1.1" 200 OK
INFO:     127.0.0.1:60476 - "GET /api/v1/video/fonts HTTP/1.1" 200 OK
2026-05-06 15:36:38,253 INFO sqlalchemy.engine.Engine BEGIN (implicit)
2026-05-06 15:36:38,253 INFO sqlalchemy.engine.Engine SELECT stories.id AS stories_id, stories.title AS stories_title, stories.url AS stories_url, stories.author AS stories_author, stories.total_chapters AS stories_total_chapters, stories.start_chapter AS stories_start_chapter, stories.end_chapter AS stories_end_chapter, stories.custom_chapter_urls AS stories_custom_chapter_urls, stories.status AS stories_status, stories.current_step AS stories_current_step, stories.is_favorite AS stories_is_favorite, stories.merged_content AS stories_merged_content, stories.created_at AS stories_created_at, stories.updated_at AS stories_updated_at 
FROM stories 
WHERE stories.id = %(id_1)s 
 LIMIT %(param_1)s
2026-05-06 15:36:38,253 INFO sqlalchemy.engine.Engine [cached since 17.6s ago] {'id_1': '2f846d20-9d22-4e0b-8945-a010a5a48bb8', 'param_1': 1}
2026-05-06 15:36:38,256 INFO sqlalchemy.engine.Engine BEGIN (implicit)
2026-05-06 15:36:38,257 INFO sqlalchemy.engine.Engine SELECT voices.id AS voices_id, voices.code AS voices_code, voices.name AS voices_name, voices.gender AS voices_gender, voices.locale AS voices_locale, voices.category AS voices_category, voices.description AS voices_description, voices.demo_url AS voices_demo_url, voices.is_active AS voices_is_active, voices.`rank` AS voices_rank, voices.created_at AS voices_created_at 
FROM voices 
WHERE voices.is_active = true ORDER BY voices.`rank`
2026-05-06 15:36:38,257 INFO sqlalchemy.engine.Engine [cached since 16.14s ago] {}
2026-05-06 15:36:38.259 | INFO     | app.api.tts:list_voices:87 - Retrieved 14 voices from database
2026-05-06 15:36:38.303 | INFO     | app.services.video_processor:__init__:47 - NVENC not available, using CPU encoding (libx264)
INFO:     127.0.0.1:60482 - "GET /api/v1/video/folder-clips?folder=%2Fhome%2Fduoclv%2FDownloads%2Ftemp-20260506T015716Z-3-001%2Ftemp%2Frandom_50min_20260419_210319&limit=200 HTTP/1.1" 200 OK
2026-05-06 15:36:39,798 INFO sqlalchemy.engine.Engine BEGIN (implicit)
2026-05-06 15:36:39,798 INFO sqlalchemy.engine.Engine SELECT video_presets.id AS video_presets_id, video_presets.name AS video_presets_name, video_presets.cfg AS video_presets_cfg, video_presets.created_at AS video_presets_created_at, video_presets.updated_at AS video_presets_updated_at 
FROM video_presets ORDER BY video_presets.created_at DESC
2026-05-06 15:36:39,798 INFO sqlalchemy.engine.Engine [cached since 17.68s ago] {}
2026-05-06 15:36:39,800 INFO sqlalchemy.engine.Engine ROLLBACK
2026-05-06 15:36:39,800 INFO sqlalchemy.engine.Engine ROLLBACK
2026-05-06 15:36:39,800 INFO sqlalchemy.engine.Engine ROLLBACK
INFO:     127.0.0.1:37876 - "GET /api/v1/video-presets/ HTTP/1.1" 200 OK
INFO:     127.0.0.1:37856 - "GET /api/v1/stories/2f846d20-9d22-4e0b-8945-a010a5a48bb8 HTTP/1.1" 200 OK
INFO:     127.0.0.1:37860 - "GET /api/v1/tts/voices HTTP/1.1" 200 OK
2026-05-06 15:36:39,809 INFO sqlalchemy.engine.Engine BEGIN (implicit)
2026-05-06 15:36:39,809 INFO sqlalchemy.engine.Engine SELECT stories.id AS stories_id, stories.title AS stories_title, stories.url AS stories_url, stories.author AS stories_author, stories.total_chapters AS stories_total_chapters, stories.start_chapter AS stories_start_chapter, stories.end_chapter AS stories_end_chapter, stories.custom_chapter_urls AS stories_custom_chapter_urls, stories.status AS stories_status, stories.current_step AS stories_current_step, stories.is_favorite AS stories_is_favorite, stories.merged_content AS stories_merged_content, stories.created_at AS stories_created_at, stories.updated_at AS stories_updated_at 
FROM stories 
WHERE stories.id = %(id_1)s 
 LIMIT %(param_1)s
2026-05-06 15:36:39,809 INFO sqlalchemy.engine.Engine [cached since 19.16s ago] {'id_1': '2f846d20-9d22-4e0b-8945-a010a5a48bb8', 'param_1': 1}
2026-05-06 15:36:39,811 INFO sqlalchemy.engine.Engine ROLLBACK
INFO:     127.0.0.1:60498 - "GET /api/v1/stories/2f846d20-9d22-4e0b-8945-a010a5a48bb8 HTTP/1.1" 200 OK
2026-05-06 15:36:39,813 INFO sqlalchemy.engine.Engine BEGIN (implicit)
2026-05-06 15:36:39,813 INFO sqlalchemy.engine.Engine SELECT voices.id AS voices_id, voices.code AS voices_code, voices.name AS voices_name, voices.gender AS voices_gender, voices.locale AS voices_locale, voices.category AS voices_category, voices.description AS voices_description, voices.demo_url AS voices_demo_url, voices.is_active AS voices_is_active, voices.`rank` AS voices_rank, voices.created_at AS voices_created_at 
FROM voices 
WHERE voices.is_active = true ORDER BY voices.`rank`
2026-05-06 15:36:39,813 INFO sqlalchemy.engine.Engine [cached since 17.7s ago] {}
2026-05-06 15:36:39.815 | INFO     | app.api.tts:list_voices:87 - Retrieved 14 voices from database
2026-05-06 15:36:39,816 INFO sqlalchemy.engine.Engine BEGIN (implicit)
2026-05-06 15:36:39,816 INFO sqlalchemy.engine.Engine SELECT video_presets.id AS video_presets_id, video_presets.name AS video_presets_name, video_presets.cfg AS video_presets_cfg, video_presets.created_at AS video_presets_created_at, video_presets.updated_at AS video_presets_updated_at 
FROM video_presets ORDER BY video_presets.created_at DESC
2026-05-06 15:36:39,816 INFO sqlalchemy.engine.Engine [cached since 17.69s ago] {}
2026-05-06 15:36:39,819 INFO sqlalchemy.engine.Engine BEGIN (implicit)
2026-05-06 15:36:39,819 INFO sqlalchemy.engine.Engine SELECT chapters.id AS chapters_id, chapters.story_id AS chapters_story_id, chapters.chapter_number AS chapters_chapter_number, chapters.title AS chapters_title, chapters.content AS chapters_content, chapters.char_count AS chapters_char_count, chapters.has_censored_words AS chapters_has_censored_words, chapters.censored_count AS chapters_censored_count, chapters.status AS chapters_status, chapters.created_at AS chapters_created_at, chapters.updated_at AS chapters_updated_at 
FROM chapters 
WHERE chapters.story_id = %(story_id_1)s ORDER BY chapters.chapter_number
2026-05-06 15:36:39,819 INFO sqlalchemy.engine.Engine [cached since 17.67s ago] {'story_id_1': '2f846d20-9d22-4e0b-8945-a010a5a48bb8'}
2026-05-06 15:36:39,822 INFO sqlalchemy.engine.Engine ROLLBACK
2026-05-06 15:36:39,823 INFO sqlalchemy.engine.Engine ROLLBACK
2026-05-06 15:36:39,823 INFO sqlalchemy.engine.Engine ROLLBACK
INFO:     127.0.0.1:60502 - "GET /api/v1/video-presets/ HTTP/1.1" 200 OK
INFO:     127.0.0.1:60518 - "GET /api/v1/tts/voices HTTP/1.1" 200 OK
INFO:     127.0.0.1:60524 - "GET /api/v1/stories/2f846d20-9d22-4e0b-8945-a010a5a48bb8/chapters HTTP/1.1" 200 OK
2026-05-06 15:36:39,852 INFO sqlalchemy.engine.Engine BEGIN (implicit)
2026-05-06 15:36:39,852 INFO sqlalchemy.engine.Engine SELECT chapters.id AS chapters_id, chapters.story_id AS chapters_story_id, chapters.chapter_number AS chapters_chapter_number, chapters.title AS chapters_title, chapters.content AS chapters_content, chapters.char_count AS chapters_char_count, chapters.has_censored_words AS chapters_has_censored_words, chapters.censored_count AS chapters_censored_count, chapters.status AS chapters_status, chapters.created_at AS chapters_created_at, chapters.updated_at AS chapters_updated_at 
FROM chapters 
WHERE chapters.story_id = %(story_id_1)s ORDER BY chapters.chapter_number
2026-05-06 15:36:39,852 INFO sqlalchemy.engine.Engine [cached since 17.7s ago] {'story_id_1': '2f846d20-9d22-4e0b-8945-a010a5a48bb8'}
2026-05-06 15:36:39,858 INFO sqlalchemy.engine.Engine ROLLBACK
INFO:     127.0.0.1:60540 - "GET /api/v1/stories/2f846d20-9d22-4e0b-8945-a010a5a48bb8/chapters HTTP/1.1" 200 OK
2026-05-06 15:36:39,861 INFO sqlalchemy.engine.Engine BEGIN (implicit)
2026-05-06 15:36:39,861 INFO sqlalchemy.engine.Engine SELECT chapters.id AS chapters_id, chapters.story_id AS chapters_story_id, chapters.chapter_number AS chapters_chapter_number, chapters.title AS chapters_title, chapters.content AS chapters_content, chapters.char_count AS chapters_char_count, chapters.has_censored_words AS chapters_has_censored_words, chapters.censored_count AS chapters_censored_count, chapters.status AS chapters_status, chapters.created_at AS chapters_created_at, chapters.updated_at AS chapters_updated_at 
FROM chapters 
WHERE chapters.story_id = %(story_id_1)s
2026-05-06 15:36:39,861 INFO sqlalchemy.engine.Engine [cached since 17.69s ago] {'story_id_1': '2f846d20-9d22-4e0b-8945-a010a5a48bb8'}
2026-05-06 15:36:39,864 INFO sqlalchemy.engine.Engine ROLLBACK
INFO:     127.0.0.1:60548 - "GET /api/v1/chapters/story/2f846d20-9d22-4e0b-8945-a010a5a48bb8/stats HTTP/1.1" 200 OK
2026-05-06 15:36:39,876 INFO sqlalchemy.engine.Engine BEGIN (implicit)
2026-05-06 15:36:39,877 INFO sqlalchemy.engine.Engine SELECT chapters.id AS chapters_id, chapters.story_id AS chapters_story_id, chapters.chapter_number AS chapters_chapter_number, chapters.title AS chapters_title, chapters.content AS chapters_content, chapters.char_count AS chapters_char_count, chapters.has_censored_words AS chapters_has_censored_words, chapters.censored_count AS chapters_censored_count, chapters.status AS chapters_status, chapters.created_at AS chapters_created_at, chapters.updated_at AS chapters_updated_at 
FROM chapters 
WHERE chapters.story_id = %(story_id_1)s
2026-05-06 15:36:39,877 INFO sqlalchemy.engine.Engine [cached since 17.71s ago] {'story_id_1': '2f846d20-9d22-4e0b-8945-a010a5a48bb8'}
INFO:     127.0.0.1:60552 - "GET /api/v1/video/preview-video?path=%2Fhome%2Fduoclv%2FDownloads%2Ftemp-20260506T015716Z-3-001%2Ftemp%2Frandom_50min_20260419_210319%2F0001_2023-03-19_3x33zfwdqqyptns_%E7%AE%80%E5%8D%95%E5%87%A0%E7%AC%94%E7%94%BB%E5%B0%8F%E9%A3%8E%E6%99%AF%20%23%E9%9B%B6%E5%9F%BA%E7%A1%80%E5%AD%A6%E7%94%BB%E7%94%BB%20%23%E4%B8%80%E8%B5%B7%E5%AD%A6%E7%94%BB%E7%94%BB%20%23%E6%96%B0%E7%9F%A5%E5%88%9B%E4%BD%9C%E4%BA%BA%20%40%E5%BF%AB%E6%89%8B%E7%83%AD%E7%82%B9(O3xddgkd5fav5.mp4 HTTP/1.1" 200 OK
2026-05-06 15:36:39,884 INFO sqlalchemy.engine.Engine ROLLBACK
2026-05-06 15:36:39,885 INFO sqlalchemy.engine.Engine BEGIN (implicit)
2026-05-06 15:36:39,886 INFO sqlalchemy.engine.Engine SELECT merged_audio.id AS merged_audio_id, merged_audio.story_id AS merged_audio_story_id, merged_audio.file_path AS merged_audio_file_path, merged_audio.file_size AS merged_audio_file_size, merged_audio.duration AS merged_audio_duration, merged_audio.format AS merged_audio_format, merged_audio.total_chapters AS merged_audio_total_chapters, merged_audio.created_at AS merged_audio_created_at 
FROM merged_audio 
WHERE merged_audio.story_id = %(story_id_1)s ORDER BY merged_audio.created_at DESC 
 LIMIT %(param_1)s
2026-05-06 15:36:39,886 INFO sqlalchemy.engine.Engine [cached since 17.66s ago] {'story_id_1': '2f846d20-9d22-4e0b-8945-a010a5a48bb8', 'param_1': 1}
INFO:     127.0.0.1:60560 - "GET /api/v1/chapters/story/2f846d20-9d22-4e0b-8945-a010a5a48bb8/stats HTTP/1.1" 200 OK
2026-05-06 15:36:39,889 INFO sqlalchemy.engine.Engine ROLLBACK
INFO:     127.0.0.1:60566 - "GET /api/v1/video/audio-path/2f846d20-9d22-4e0b-8945-a010a5a48bb8 HTTP/1.1" 200 OK
2026-05-06 15:36:39,924 INFO sqlalchemy.engine.Engine BEGIN (implicit)
2026-05-06 15:36:39,925 INFO sqlalchemy.engine.Engine SELECT merged_audio.id AS merged_audio_id, merged_audio.story_id AS merged_audio_story_id, merged_audio.file_path AS merged_audio_file_path, merged_audio.file_size AS merged_audio_file_size, merged_audio.duration AS merged_audio_duration, merged_audio.format AS merged_audio_format, merged_audio.total_chapters AS merged_audio_total_chapters, merged_audio.created_at AS merged_audio_created_at 
FROM merged_audio 
WHERE merged_audio.story_id = %(story_id_1)s ORDER BY merged_audio.created_at DESC 
 LIMIT %(param_1)s
2026-05-06 15:36:39,925 INFO sqlalchemy.engine.Engine [cached since 17.7s ago] {'story_id_1': '2f846d20-9d22-4e0b-8945-a010a5a48bb8', 'param_1': 1}
2026-05-06 15:36:39,927 INFO sqlalchemy.engine.Engine ROLLBACK
2026-05-06 15:36:39,929 INFO sqlalchemy.engine.Engine BEGIN (implicit)
2026-05-06 15:36:39,930 INFO sqlalchemy.engine.Engine SELECT video_outputs.id AS video_outputs_id, video_outputs.story_id AS video_outputs_story_id, video_outputs.audio_source_path AS video_outputs_audio_source_path, video_outputs.video_source_folder AS video_outputs_video_source_folder, video_outputs.output_path AS video_outputs_output_path, video_outputs.file_size AS video_outputs_file_size, video_outputs.duration AS video_outputs_duration, video_outputs.audio_speed AS video_outputs_audio_speed, video_outputs.transition_effect AS video_outputs_transition_effect, video_outputs.transition_duration AS video_outputs_transition_duration, video_outputs.resolution AS video_outputs_resolution, video_outputs.status AS video_outputs_status, video_outputs.error_message AS video_outputs_error_message, video_outputs.created_at AS video_outputs_created_at, video_outputs.updated_at AS video_outputs_updated_at 
FROM video_outputs 
WHERE video_outputs.story_id = %(story_id_1)s ORDER BY video_outputs.created_at DESC 
 LIMIT %(param_1)s
2026-05-06 15:36:39,930 INFO sqlalchemy.engine.Engine [cached since 17.68s ago] {'story_id_1': '2f846d20-9d22-4e0b-8945-a010a5a48bb8', 'param_1': 1}
INFO:     127.0.0.1:60576 - "GET /api/v1/video/audio-path/2f846d20-9d22-4e0b-8945-a010a5a48bb8 HTTP/1.1" 200 OK
2026-05-06 15:36:39,932 INFO sqlalchemy.engine.Engine ROLLBACK
INFO:     127.0.0.1:60596 - "GET /api/v1/video/preview-audio?path=storage%2Faudio%2FStory_20260421_133734%2Fmerged_audio.mp3 HTTP/1.1" 200 OK
INFO:     127.0.0.1:60588 - "GET /api/v1/video/result/2f846d20-9d22-4e0b-8945-a010a5a48bb8 HTTP/1.1" 404 Not Found
2026-05-06 15:36:39,951 INFO sqlalchemy.engine.Engine BEGIN (implicit)
2026-05-06 15:36:39,951 INFO sqlalchemy.engine.Engine SELECT video_outputs.id AS video_outputs_id, video_outputs.story_id AS video_outputs_story_id, video_outputs.audio_source_path AS video_outputs_audio_source_path, video_outputs.video_source_folder AS video_outputs_video_source_folder, video_outputs.output_path AS video_outputs_output_path, video_outputs.file_size AS video_outputs_file_size, video_outputs.duration AS video_outputs_duration, video_outputs.audio_speed AS video_outputs_audio_speed, video_outputs.transition_effect AS video_outputs_transition_effect, video_outputs.transition_duration AS video_outputs_transition_duration, video_outputs.resolution AS video_outputs_resolution, video_outputs.status AS video_outputs_status, video_outputs.error_message AS video_outputs_error_message, video_outputs.created_at AS video_outputs_created_at, video_outputs.updated_at AS video_outputs_updated_at 
FROM video_outputs 
WHERE video_outputs.story_id = %(story_id_1)s ORDER BY video_outputs.created_at DESC 
 LIMIT %(param_1)s
2026-05-06 15:36:39,951 INFO sqlalchemy.engine.Engine [cached since 17.7s ago] {'story_id_1': '2f846d20-9d22-4e0b-8945-a010a5a48bb8', 'param_1': 1}
2026-05-06 15:36:39,953 INFO sqlalchemy.engine.Engine ROLLBACK
INFO:     127.0.0.1:60606 - "GET /api/v1/video/result/2f846d20-9d22-4e0b-8945-a010a5a48bb8 HTTP/1.1" 404 Not Found
2026-05-06 15:36:40.995 | INFO     | app.services.video_processor:__init__:47 - NVENC not available, using CPU encoding (libx264)
INFO:     127.0.0.1:60622 - "GET /api/v1/video/audio-duration?path=storage%2Faudio%2FStory_20260421_133734%2Fmerged_audio.mp3 HTTP/1.1" 200 OK
INFO:     127.0.0.1:60624 - "GET /api/v1/video/fonts HTTP/1.1" 200 OK
2026-05-06 15:36:44.006 | INFO     | app.services.video_processor:__init__:47 - NVENC not available, using CPU encoding (libx264)
INFO:     127.0.0.1:60634 - "GET /api/v1/video/folder-clips?folder=%2Fhome%2Fduoclv%2FDownloads%2Ftemp-20260506T015716Z-3-001%2Ftemp%2Frandom_50min_20260419_210319&limit=200 HTTP/1.1" 200 OK
2026-05-06 15:36:45,618 INFO sqlalchemy.engine.Engine BEGIN (implicit)
2026-05-06 15:36:45,618 INFO sqlalchemy.engine.Engine SELECT voices.id AS voices_id, voices.code AS voices_code, voices.name AS voices_name, voices.gender AS voices_gender, voices.locale AS voices_locale, voices.category AS voices_category, voices.description AS voices_description, voices.demo_url AS voices_demo_url, voices.is_active AS voices_is_active, voices.`rank` AS voices_rank, voices.created_at AS voices_created_at 
FROM voices 
WHERE voices.is_active = true ORDER BY voices.`rank`
2026-05-06 15:36:45,619 INFO sqlalchemy.engine.Engine [cached since 23.5s ago] {}
2026-05-06 15:36:45.619 | INFO     | app.api.tts:list_voices:87 - Retrieved 14 voices from database
2026-05-06 15:36:45,620 INFO sqlalchemy.engine.Engine BEGIN (implicit)
2026-05-06 15:36:45,621 INFO sqlalchemy.engine.Engine SELECT stories.id AS stories_id, stories.title AS stories_title, stories.url AS stories_url, stories.author AS stories_author, stories.total_chapters AS stories_total_chapters, stories.start_chapter AS stories_start_chapter, stories.end_chapter AS stories_end_chapter, stories.custom_chapter_urls AS stories_custom_chapter_urls, stories.status AS stories_status, stories.current_step AS stories_current_step, stories.is_favorite AS stories_is_favorite, stories.merged_content AS stories_merged_content, stories.created_at AS stories_created_at, stories.updated_at AS stories_updated_at 
FROM stories 
WHERE stories.id = %(id_1)s 
 LIMIT %(param_1)s
2026-05-06 15:36:45,621 INFO sqlalchemy.engine.Engine [cached since 24.97s ago] {'id_1': '2f846d20-9d22-4e0b-8945-a010a5a48bb8', 'param_1': 1}
2026-05-06 15:36:45,622 INFO sqlalchemy.engine.Engine BEGIN (implicit)
2026-05-06 15:36:45,622 INFO sqlalchemy.engine.Engine SELECT video_presets.id AS video_presets_id, video_presets.name AS video_presets_name, video_presets.cfg AS video_presets_cfg, video_presets.created_at AS video_presets_created_at, video_presets.updated_at AS video_presets_updated_at 
FROM video_presets ORDER BY video_presets.created_at DESC
2026-05-06 15:36:45,622 INFO sqlalchemy.engine.Engine [cached since 23.5s ago] {}
2026-05-06 15:36:45,623 INFO sqlalchemy.engine.Engine ROLLBACK
2026-05-06 15:36:45,623 INFO sqlalchemy.engine.Engine ROLLBACK
2026-05-06 15:36:45,623 INFO sqlalchemy.engine.Engine ROLLBACK
2026-05-06 15:36:45.670 | INFO     | app.services.video_processor:__init__:47 - NVENC not available, using CPU encoding (libx264)
INFO:     127.0.0.1:60676 - "GET /api/v1/video/audio-duration?path=storage%2Faudio%2FStory_20260421_133734%2Fmerged_audio.mp3 HTTP/1.1" 200 OK
INFO:     127.0.0.1:60648 - "GET /api/v1/tts/voices HTTP/1.1" 200 OK
INFO:     127.0.0.1:60644 - "GET /api/v1/stories/2f846d20-9d22-4e0b-8945-a010a5a48bb8 HTTP/1.1" 200 OK
INFO:     127.0.0.1:60660 - "GET /api/v1/video-presets/ HTTP/1.1" 200 OK
2026-05-06 15:36:45,724 INFO sqlalchemy.engine.Engine BEGIN (implicit)
2026-05-06 15:36:45,724 INFO sqlalchemy.engine.Engine SELECT chapters.id AS chapters_id, chapters.story_id AS chapters_story_id, chapters.chapter_number AS chapters_chapter_number, chapters.title AS chapters_title, chapters.content AS chapters_content, chapters.char_count AS chapters_char_count, chapters.has_censored_words AS chapters_has_censored_words, chapters.censored_count AS chapters_censored_count, chapters.status AS chapters_status, chapters.created_at AS chapters_created_at, chapters.updated_at AS chapters_updated_at 
FROM chapters 
WHERE chapters.story_id = %(story_id_1)s ORDER BY chapters.chapter_number
2026-05-06 15:36:45,724 INFO sqlalchemy.engine.Engine [cached since 23.57s ago] {'story_id_1': '2f846d20-9d22-4e0b-8945-a010a5a48bb8'}
2026-05-06 15:36:45,727 INFO sqlalchemy.engine.Engine ROLLBACK
INFO:     127.0.0.1:60690 - "GET /api/v1/stories/2f846d20-9d22-4e0b-8945-a010a5a48bb8/chapters HTTP/1.1" 200 OK
2026-05-06 15:36:45,732 INFO sqlalchemy.engine.Engine BEGIN (implicit)
2026-05-06 15:36:45,733 INFO sqlalchemy.engine.Engine SELECT chapters.id AS chapters_id, chapters.story_id AS chapters_story_id, chapters.chapter_number AS chapters_chapter_number, chapters.title AS chapters_title, chapters.content AS chapters_content, chapters.char_count AS chapters_char_count, chapters.has_censored_words AS chapters_has_censored_words, chapters.censored_count AS chapters_censored_count, chapters.status AS chapters_status, chapters.created_at AS chapters_created_at, chapters.updated_at AS chapters_updated_at 
FROM chapters 
WHERE chapters.story_id = %(story_id_1)s
2026-05-06 15:36:45,733 INFO sqlalchemy.engine.Engine [cached since 23.57s ago] {'story_id_1': '2f846d20-9d22-4e0b-8945-a010a5a48bb8'}
2026-05-06 15:36:45,734 INFO sqlalchemy.engine.Engine ROLLBACK
INFO:     127.0.0.1:60692 - "GET /api/v1/chapters/story/2f846d20-9d22-4e0b-8945-a010a5a48bb8/stats HTTP/1.1" 200 OK
2026-05-06 15:36:45,739 INFO sqlalchemy.engine.Engine BEGIN (implicit)
2026-05-06 15:36:45,740 INFO sqlalchemy.engine.Engine SELECT merged_audio.id AS merged_audio_id, merged_audio.story_id AS merged_audio_story_id, merged_audio.file_path AS merged_audio_file_path, merged_audio.file_size AS merged_audio_file_size, merged_audio.duration AS merged_audio_duration, merged_audio.format AS merged_audio_format, merged_audio.total_chapters AS merged_audio_total_chapters, merged_audio.created_at AS merged_audio_created_at 
FROM merged_audio 
WHERE merged_audio.story_id = %(story_id_1)s ORDER BY merged_audio.created_at DESC 
 LIMIT %(param_1)s
2026-05-06 15:36:45,740 INFO sqlalchemy.engine.Engine [cached since 23.52s ago] {'story_id_1': '2f846d20-9d22-4e0b-8945-a010a5a48bb8', 'param_1': 1}
2026-05-06 15:36:45,740 INFO sqlalchemy.engine.Engine ROLLBACK
INFO:     127.0.0.1:60706 - "GET /api/v1/video/audio-path/2f846d20-9d22-4e0b-8945-a010a5a48bb8 HTTP/1.1" 200 OK
2026-05-06 15:36:45,746 INFO sqlalchemy.engine.Engine BEGIN (implicit)
2026-05-06 15:36:45,746 INFO sqlalchemy.engine.Engine SELECT video_outputs.id AS video_outputs_id, video_outputs.story_id AS video_outputs_story_id, video_outputs.audio_source_path AS video_outputs_audio_source_path, video_outputs.video_source_folder AS video_outputs_video_source_folder, video_outputs.output_path AS video_outputs_output_path, video_outputs.file_size AS video_outputs_file_size, video_outputs.duration AS video_outputs_duration, video_outputs.audio_speed AS video_outputs_audio_speed, video_outputs.transition_effect AS video_outputs_transition_effect, video_outputs.transition_duration AS video_outputs_transition_duration, video_outputs.resolution AS video_outputs_resolution, video_outputs.status AS video_outputs_status, video_outputs.error_message AS video_outputs_error_message, video_outputs.created_at AS video_outputs_created_at, video_outputs.updated_at AS video_outputs_updated_at 
FROM video_outputs 
WHERE video_outputs.story_id = %(story_id_1)s ORDER BY video_outputs.created_at DESC 
 LIMIT %(param_1)s
2026-05-06 15:36:45,746 INFO sqlalchemy.engine.Engine [cached since 23.5s ago] {'story_id_1': '2f846d20-9d22-4e0b-8945-a010a5a48bb8', 'param_1': 1}
2026-05-06 15:36:45,747 INFO sqlalchemy.engine.Engine ROLLBACK
INFO:     127.0.0.1:60710 - "GET /api/v1/video/result/2f846d20-9d22-4e0b-8945-a010a5a48bb8 HTTP/1.1" 404 Not Found
INFO:     127.0.0.1:55820 - "GET /api/v1/video/fonts HTTP/1.1" 200 OK
2026-05-06 15:36:53.006 | INFO     | app.services.video_processor:__init__:47 - NVENC not available, using CPU encoding (libx264)
INFO:     127.0.0.1:55832 - "GET /api/v1/video/folder-clips?folder=%2Fhome%2Fduoclv%2FDownloads%2Ftemp-20260506T015716Z-3-001%2Ftemp%2Frandom_50min_20260419_210319&limit=200 HTTP/1.1" 200 OK
2026-05-06 15:36:54,888 INFO sqlalchemy.engine.Engine BEGIN (implicit)
2026-05-06 15:36:54,888 INFO sqlalchemy.engine.Engine SELECT stories.id AS stories_id, stories.title AS stories_title, stories.url AS stories_url, stories.author AS stories_author, stories.total_chapters AS stories_total_chapters, stories.start_chapter AS stories_start_chapter, stories.end_chapter AS stories_end_chapter, stories.custom_chapter_urls AS stories_custom_chapter_urls, stories.status AS stories_status, stories.current_step AS stories_current_step, stories.is_favorite AS stories_is_favorite, stories.merged_content AS stories_merged_content, stories.created_at AS stories_created_at, stories.updated_at AS stories_updated_at 
FROM stories 
WHERE stories.id = %(id_1)s 
 LIMIT %(param_1)s
2026-05-06 15:36:54,889 INFO sqlalchemy.engine.Engine [cached since 34.24s ago] {'id_1': '2f846d20-9d22-4e0b-8945-a010a5a48bb8', 'param_1': 1}
2026-05-06 15:36:54,893 INFO sqlalchemy.engine.Engine BEGIN (implicit)
2026-05-06 15:36:54,894 INFO sqlalchemy.engine.Engine SELECT video_presets.id AS video_presets_id, video_presets.name AS video_presets_name, video_presets.cfg AS video_presets_cfg, video_presets.created_at AS video_presets_created_at, video_presets.updated_at AS video_presets_updated_at 
FROM video_presets ORDER BY video_presets.created_at DESC
2026-05-06 15:36:54,894 INFO sqlalchemy.engine.Engine [cached since 32.77s ago] {}
2026-05-06 15:36:54,902 INFO sqlalchemy.engine.Engine BEGIN (implicit)
2026-05-06 15:36:54,903 INFO sqlalchemy.engine.Engine SELECT voices.id AS voices_id, voices.code AS voices_code, voices.name AS voices_name, voices.gender AS voices_gender, voices.locale AS voices_locale, voices.category AS voices_category, voices.description AS voices_description, voices.demo_url AS voices_demo_url, voices.is_active AS voices_is_active, voices.`rank` AS voices_rank, voices.created_at AS voices_created_at 
FROM voices 
WHERE voices.is_active = true ORDER BY voices.`rank`
2026-05-06 15:36:54,903 INFO sqlalchemy.engine.Engine [cached since 32.79s ago] {}
2026-05-06 15:36:54.909 | INFO     | app.api.tts:list_voices:87 - Retrieved 14 voices from database
2026-05-06 15:36:54,911 INFO sqlalchemy.engine.Engine ROLLBACK
2026-05-06 15:36:54,911 INFO sqlalchemy.engine.Engine ROLLBACK
2026-05-06 15:36:54,914 INFO sqlalchemy.engine.Engine ROLLBACK
2026-05-06 15:36:54.991 | INFO     | app.services.video_processor:__init__:47 - NVENC not available, using CPU encoding (libx264)
INFO:     127.0.0.1:55886 - "GET /api/v1/video/audio-duration?path=storage%2Faudio%2FStory_20260421_133734%2Fmerged_audio.mp3 HTTP/1.1" 200 OK
INFO:     127.0.0.1:55848 - "GET /api/v1/stories/2f846d20-9d22-4e0b-8945-a010a5a48bb8 HTTP/1.1" 200 OK
INFO:     127.0.0.1:55872 - "GET /api/v1/video-presets/ HTTP/1.1" 200 OK
INFO:     127.0.0.1:55856 - "GET /api/v1/tts/voices HTTP/1.1" 200 OK
2026-05-06 15:36:55,054 INFO sqlalchemy.engine.Engine BEGIN (implicit)
2026-05-06 15:36:55,054 INFO sqlalchemy.engine.Engine SELECT chapters.id AS chapters_id, chapters.story_id AS chapters_story_id, chapters.chapter_number AS chapters_chapter_number, chapters.title AS chapters_title, chapters.content AS chapters_content, chapters.char_count AS chapters_char_count, chapters.has_censored_words AS chapters_has_censored_words, chapters.censored_count AS chapters_censored_count, chapters.status AS chapters_status, chapters.created_at AS chapters_created_at, chapters.updated_at AS chapters_updated_at 
FROM chapters 
WHERE chapters.story_id = %(story_id_1)s ORDER BY chapters.chapter_number
2026-05-06 15:36:55,054 INFO sqlalchemy.engine.Engine [cached since 32.9s ago] {'story_id_1': '2f846d20-9d22-4e0b-8945-a010a5a48bb8'}
2026-05-06 15:36:55,057 INFO sqlalchemy.engine.Engine ROLLBACK
INFO:     127.0.0.1:55888 - "GET /api/v1/stories/2f846d20-9d22-4e0b-8945-a010a5a48bb8/chapters HTTP/1.1" 200 OK
2026-05-06 15:36:55,065 INFO sqlalchemy.engine.Engine BEGIN (implicit)
2026-05-06 15:36:55,065 INFO sqlalchemy.engine.Engine SELECT chapters.id AS chapters_id, chapters.story_id AS chapters_story_id, chapters.chapter_number AS chapters_chapter_number, chapters.title AS chapters_title, chapters.content AS chapters_content, chapters.char_count AS chapters_char_count, chapters.has_censored_words AS chapters_has_censored_words, chapters.censored_count AS chapters_censored_count, chapters.status AS chapters_status, chapters.created_at AS chapters_created_at, chapters.updated_at AS chapters_updated_at 
FROM chapters 
WHERE chapters.story_id = %(story_id_1)s
2026-05-06 15:36:55,065 INFO sqlalchemy.engine.Engine [cached since 32.9s ago] {'story_id_1': '2f846d20-9d22-4e0b-8945-a010a5a48bb8'}
2026-05-06 15:36:55,067 INFO sqlalchemy.engine.Engine ROLLBACK
INFO:     127.0.0.1:55898 - "GET /api/v1/chapters/story/2f846d20-9d22-4e0b-8945-a010a5a48bb8/stats HTTP/1.1" 200 OK
2026-05-06 15:36:55,072 INFO sqlalchemy.engine.Engine BEGIN (implicit)
2026-05-06 15:36:55,073 INFO sqlalchemy.engine.Engine SELECT merged_audio.id AS merged_audio_id, merged_audio.story_id AS merged_audio_story_id, merged_audio.file_path AS merged_audio_file_path, merged_audio.file_size AS merged_audio_file_size, merged_audio.duration AS merged_audio_duration, merged_audio.format AS merged_audio_format, merged_audio.total_chapters AS merged_audio_total_chapters, merged_audio.created_at AS merged_audio_created_at 
FROM merged_audio 
WHERE merged_audio.story_id = %(story_id_1)s ORDER BY merged_audio.created_at DESC 
 LIMIT %(param_1)s
2026-05-06 15:36:55,073 INFO sqlalchemy.engine.Engine [cached since 32.85s ago] {'story_id_1': '2f846d20-9d22-4e0b-8945-a010a5a48bb8', 'param_1': 1}
2026-05-06 15:36:55,074 INFO sqlalchemy.engine.Engine ROLLBACK
INFO:     127.0.0.1:55906 - "GET /api/v1/video/audio-path/2f846d20-9d22-4e0b-8945-a010a5a48bb8 HTTP/1.1" 200 OK
2026-05-06 15:36:55,080 INFO sqlalchemy.engine.Engine BEGIN (implicit)
2026-05-06 15:36:55,081 INFO sqlalchemy.engine.Engine SELECT video_outputs.id AS video_outputs_id, video_outputs.story_id AS video_outputs_story_id, video_outputs.audio_source_path AS video_outputs_audio_source_path, video_outputs.video_source_folder AS video_outputs_video_source_folder, video_outputs.output_path AS video_outputs_output_path, video_outputs.file_size AS video_outputs_file_size, video_outputs.duration AS video_outputs_duration, video_outputs.audio_speed AS video_outputs_audio_speed, video_outputs.transition_effect AS video_outputs_transition_effect, video_outputs.transition_duration AS video_outputs_transition_duration, video_outputs.resolution AS video_outputs_resolution, video_outputs.status AS video_outputs_status, video_outputs.error_message AS video_outputs_error_message, video_outputs.created_at AS video_outputs_created_at, video_outputs.updated_at AS video_outputs_updated_at 
FROM video_outputs 
WHERE video_outputs.story_id = %(story_id_1)s ORDER BY video_outputs.created_at DESC 
 LIMIT %(param_1)s
2026-05-06 15:36:55,081 INFO sqlalchemy.engine.Engine [cached since 32.83s ago] {'story_id_1': '2f846d20-9d22-4e0b-8945-a010a5a48bb8', 'param_1': 1}
2026-05-06 15:36:55,082 INFO sqlalchemy.engine.Engine ROLLBACK
INFO:     127.0.0.1:55912 - "GET /api/v1/video/result/2f846d20-9d22-4e0b-8945-a010a5a48bb8 HTTP/1.1" 404 Not Found
INFO:     127.0.0.1:36160 - "GET /api/v1/video/fonts HTTP/1.1" 200 OK
2026-05-06 15:37:07.021 | INFO     | app.services.video_processor:__init__:47 - NVENC not available, using CPU encoding (libx264)
INFO:     127.0.0.1:36162 - "GET /api/v1/video/folder-clips?folder=%2Fhome%2Fduoclv%2FDownloads%2Ftemp-20260506T015716Z-3-001%2Ftemp%2Frandom_50min_20260419_210319&limit=200 HTTP/1.1" 200 OK
2026-05-06 15:37:08.677 | INFO     | app.services.video_processor:__init__:47 - NVENC not available, using CPU encoding (libx264)
INFO:     127.0.0.1:36204 - "GET /api/v1/video/audio-duration?path=storage%2Faudio%2FStory_20260421_133734%2Fmerged_audio.mp3 HTTP/1.1" 200 OK
2026-05-06 15:37:08,724 INFO sqlalchemy.engine.Engine BEGIN (implicit)
2026-05-06 15:37:08,724 INFO sqlalchemy.engine.Engine SELECT stories.id AS stories_id, stories.title AS stories_title, stories.url AS stories_url, stories.author AS stories_author, stories.total_chapters AS stories_total_chapters, stories.start_chapter AS stories_start_chapter, stories.end_chapter AS stories_end_chapter, stories.custom_chapter_urls AS stories_custom_chapter_urls, stories.status AS stories_status, stories.current_step AS stories_current_step, stories.is_favorite AS stories_is_favorite, stories.merged_content AS stories_merged_content, stories.created_at AS stories_created_at, stories.updated_at AS stories_updated_at 
FROM stories 
WHERE stories.id = %(id_1)s 
 LIMIT %(param_1)s
2026-05-06 15:37:08,724 INFO sqlalchemy.engine.Engine [cached since 48.07s ago] {'id_1': '2f846d20-9d22-4e0b-8945-a010a5a48bb8', 'param_1': 1}
2026-05-06 15:37:08,729 INFO sqlalchemy.engine.Engine BEGIN (implicit)
2026-05-06 15:37:08,729 INFO sqlalchemy.engine.Engine SELECT voices.id AS voices_id, voices.code AS voices_code, voices.name AS voices_name, voices.gender AS voices_gender, voices.locale AS voices_locale, voices.category AS voices_category, voices.description AS voices_description, voices.demo_url AS voices_demo_url, voices.is_active AS voices_is_active, voices.`rank` AS voices_rank, voices.created_at AS voices_created_at 
FROM voices 
WHERE voices.is_active = true ORDER BY voices.`rank`
2026-05-06 15:37:08,729 INFO sqlalchemy.engine.Engine [cached since 46.61s ago] {}
2026-05-06 15:37:08.730 | INFO     | app.api.tts:list_voices:87 - Retrieved 14 voices from database
2026-05-06 15:37:08,731 INFO sqlalchemy.engine.Engine BEGIN (implicit)
2026-05-06 15:37:08,731 INFO sqlalchemy.engine.Engine SELECT video_presets.id AS video_presets_id, video_presets.name AS video_presets_name, video_presets.cfg AS video_presets_cfg, video_presets.created_at AS video_presets_created_at, video_presets.updated_at AS video_presets_updated_at 
FROM video_presets ORDER BY video_presets.created_at DESC
2026-05-06 15:37:08,731 INFO sqlalchemy.engine.Engine [cached since 46.61s ago] {}
2026-05-06 15:37:08,732 INFO sqlalchemy.engine.Engine ROLLBACK
2026-05-06 15:37:08,732 INFO sqlalchemy.engine.Engine ROLLBACK
2026-05-06 15:37:08,732 INFO sqlalchemy.engine.Engine ROLLBACK
INFO:     127.0.0.1:36172 - "GET /api/v1/stories/2f846d20-9d22-4e0b-8945-a010a5a48bb8 HTTP/1.1" 200 OK
INFO:     127.0.0.1:36186 - "GET /api/v1/tts/voices HTTP/1.1" 200 OK
INFO:     127.0.0.1:36196 - "GET /api/v1/video-presets/ HTTP/1.1" 200 OK
2026-05-06 15:37:08,741 INFO sqlalchemy.engine.Engine BEGIN (implicit)
2026-05-06 15:37:08,741 INFO sqlalchemy.engine.Engine SELECT chapters.id AS chapters_id, chapters.story_id AS chapters_story_id, chapters.chapter_number AS chapters_chapter_number, chapters.title AS chapters_title, chapters.content AS chapters_content, chapters.char_count AS chapters_char_count, chapters.has_censored_words AS chapters_has_censored_words, chapters.censored_count AS chapters_censored_count, chapters.status AS chapters_status, chapters.created_at AS chapters_created_at, chapters.updated_at AS chapters_updated_at 
FROM chapters 
WHERE chapters.story_id = %(story_id_1)s ORDER BY chapters.chapter_number
2026-05-06 15:37:08,741 INFO sqlalchemy.engine.Engine [cached since 46.59s ago] {'story_id_1': '2f846d20-9d22-4e0b-8945-a010a5a48bb8'}
2026-05-06 15:37:08,744 INFO sqlalchemy.engine.Engine ROLLBACK
INFO:     127.0.0.1:36206 - "GET /api/v1/stories/2f846d20-9d22-4e0b-8945-a010a5a48bb8/chapters HTTP/1.1" 200 OK
2026-05-06 15:37:08,750 INFO sqlalchemy.engine.Engine BEGIN (implicit)
2026-05-06 15:37:08,750 INFO sqlalchemy.engine.Engine SELECT chapters.id AS chapters_id, chapters.story_id AS chapters_story_id, chapters.chapter_number AS chapters_chapter_number, chapters.title AS chapters_title, chapters.content AS chapters_content, chapters.char_count AS chapters_char_count, chapters.has_censored_words AS chapters_has_censored_words, chapters.censored_count AS chapters_censored_count, chapters.status AS chapters_status, chapters.created_at AS chapters_created_at, chapters.updated_at AS chapters_updated_at 
FROM chapters 
WHERE chapters.story_id = %(story_id_1)s
2026-05-06 15:37:08,750 INFO sqlalchemy.engine.Engine [cached since 46.58s ago] {'story_id_1': '2f846d20-9d22-4e0b-8945-a010a5a48bb8'}
2026-05-06 15:37:08,752 INFO sqlalchemy.engine.Engine ROLLBACK
INFO:     127.0.0.1:36220 - "GET /api/v1/chapters/story/2f846d20-9d22-4e0b-8945-a010a5a48bb8/stats HTTP/1.1" 200 OK
2026-05-06 15:37:08,757 INFO sqlalchemy.engine.Engine BEGIN (implicit)
2026-05-06 15:37:08,757 INFO sqlalchemy.engine.Engine SELECT merged_audio.id AS merged_audio_id, merged_audio.story_id AS merged_audio_story_id, merged_audio.file_path AS merged_audio_file_path, merged_audio.file_size AS merged_audio_file_size, merged_audio.duration AS merged_audio_duration, merged_audio.format AS merged_audio_format, merged_audio.total_chapters AS merged_audio_total_chapters, merged_audio.created_at AS merged_audio_created_at 
FROM merged_audio 
WHERE merged_audio.story_id = %(story_id_1)s ORDER BY merged_audio.created_at DESC 
 LIMIT %(param_1)s
2026-05-06 15:37:08,758 INFO sqlalchemy.engine.Engine [cached since 46.54s ago] {'story_id_1': '2f846d20-9d22-4e0b-8945-a010a5a48bb8', 'param_1': 1}
2026-05-06 15:37:08,758 INFO sqlalchemy.engine.Engine ROLLBACK
INFO:     127.0.0.1:36232 - "GET /api/v1/video/audio-path/2f846d20-9d22-4e0b-8945-a010a5a48bb8 HTTP/1.1" 200 OK
2026-05-06 15:37:08,766 INFO sqlalchemy.engine.Engine BEGIN (implicit)
2026-05-06 15:37:08,766 INFO sqlalchemy.engine.Engine SELECT video_outputs.id AS video_outputs_id, video_outputs.story_id AS video_outputs_story_id, video_outputs.audio_source_path AS video_outputs_audio_source_path, video_outputs.video_source_folder AS video_outputs_video_source_folder, video_outputs.output_path AS video_outputs_output_path, video_outputs.file_size AS video_outputs_file_size, video_outputs.duration AS video_outputs_duration, video_outputs.audio_speed AS video_outputs_audio_speed, video_outputs.transition_effect AS video_outputs_transition_effect, video_outputs.transition_duration AS video_outputs_transition_duration, video_outputs.resolution AS video_outputs_resolution, video_outputs.status AS video_outputs_status, video_outputs.error_message AS video_outputs_error_message, video_outputs.created_at AS video_outputs_created_at, video_outputs.updated_at AS video_outputs_updated_at 
FROM video_outputs 
WHERE video_outputs.story_id = %(story_id_1)s ORDER BY video_outputs.created_at DESC 
 LIMIT %(param_1)s
2026-05-06 15:37:08,766 INFO sqlalchemy.engine.Engine [cached since 46.52s ago] {'story_id_1': '2f846d20-9d22-4e0b-8945-a010a5a48bb8', 'param_1': 1}
2026-05-06 15:37:08,767 INFO sqlalchemy.engine.Engine ROLLBACK
INFO:     127.0.0.1:36242 - "GET /api/v1/video/result/2f846d20-9d22-4e0b-8945-a010a5a48bb8 HTTP/1.1" 404 Not Found
2026-05-06 15:37:46.938 | INFO     | app.services.video_processor:__init__:47 - NVENC not available, using CPU encoding (libx264)
INFO:     127.0.0.1:35050 - "GET /api/v1/video/folder-clips?folder=/tmp/preview_test/clips HTTP/1.1" 200 OK
INFO:     127.0.0.1:35060 - "POST /api/v1/video/render-preview HTTP/1.1" 200 OK
2026-05-06 15:37:47.063 | INFO     | app.services.video_processor:__init__:47 - NVENC not available, using CPU encoding (libx264)
2026-05-06 15:37:47.119 | INFO     | app.services.video_processor:trim_audio:1122 - Trimming audio to 8.05s
2026-05-06 15:37:47.225 | INFO     | app.services.video_processor:speed_up_audio:401 - Speeding up audio: 1.07x
2026-05-06 15:37:47.479 | INFO     | app.services.video_processor:render_preview:1213 - Preview: picked 4 clips in order, total 8.00s for 7.52s sped audio
2026-05-06 15:37:47.479 | INFO     | app.services.video_processor:_concat_filter:380 - Running concat filter: 4 videos -> /home/duoclv/Documents/project/ks_downloader_script/web_app/backend/cache/previews/1593edc30e22d8e9.mp4.work/preview_concat_raw.mp4
2026-05-06 15:37:48.367 | INFO     | app.services.video_processor:trim_video:443 - Trimming video to 7s
2026-05-06 15:37:48.439 | INFO     | app.services.video_processor:merge_audio_video:424 - Merging audio + video
INFO:     127.0.0.1:33818 - "GET /api/v1/video/preview-status?hash=1593edc30e22d8e9 HTTP/1.1" 200 OK
INFO:     127.0.0.1:33832 - "POST /api/v1/video/render-preview HTTP/1.1" 200 OK
2026-05-06 15:37:57.518 | INFO     | app.services.video_processor:__init__:47 - NVENC not available, using CPU encoding (libx264)
2026-05-06 15:37:57.575 | INFO     | app.services.video_processor:trim_audio:1122 - Trimming audio to 8.05s
2026-05-06 15:37:57.713 | INFO     | app.services.video_processor:speed_up_audio:401 - Speeding up audio: 1.5x
2026-05-06 15:37:57.898 | INFO     | app.services.video_processor:render_preview:1213 - Preview: picked 3 clips in order, total 6.00s for 5.38s sped audio
2026-05-06 15:37:57.898 | INFO     | app.services.video_processor:_concat_filter:380 - Running concat filter: 3 videos -> /home/duoclv/Documents/project/ks_downloader_script/web_app/backend/cache/previews/09864ffb18f38fc2.mp4.work/preview_concat_raw.mp4
INFO:     127.0.0.1:33838 - "POST /api/v1/video/render-preview HTTP/1.1" 200 OK
2026-05-06 15:37:58.592 | INFO     | app.services.video_processor:trim_video:443 - Trimming video to 5s
2026-05-06 15:37:58.650 | INFO     | app.services.video_processor:merge_audio_video:424 - Merging audio + video
INFO:     Shutting down
INFO:     Waiting for application shutdown.
2026-05-06 15:39:48.048 | INFO     | app.main:shutdown_event:70 - Shutting down TruyenFull Processor API...
INFO:     Application shutdown complete.
INFO:     Finished server process [560882]
INFO:     Stopping reloader process [418610]
